HOG Descriptor - Feature Vectors
Cell Size: 8x8
Number of Bins: 9
Grid: 69x128 cells
Total Features: 79488
============================================================

Cell [0,0]: 3.00  0.00  0.00  0.00  2.00  10.00  25.00  29.00  26.00
Cell [0,1]: 9.00  11.00  3.00  2.00  10.00  16.00  6.00  3.00  0.00
Cell [0,2]: 19.00  15.00  7.00  4.00  3.00  2.00  0.00  1.00  1.00
Cell [0,3]: 2.00  1.00  1.00  0.00  1.00  2.00  4.00  18.00  21.00
Cell [0,4]: 16.00  0.00  0.00  0.00  0.00  0.00  4.00  37.00  66.00
Cell [0,5]: 80.00  5.00  4.00  0.00  1.00  4.00  10.00  33.00  18.00
Cell [0,6]: 1031.00  0.00  0.00  0.00  0.00  0.00  0.00  0.00  0.00
Cell [0,7]: 576.00  0.00  1.00  0.00  0.00  0.00  0.00  0.00  0.00
Cell [0,8]: 0.00  0.00  1.00  12.00  35.00  21.00  19.00  20.00  11.00
Cell [0,9]: 36.00  51.00  85.00  9.00  0.00  0.00  0.00  0.00  5.00
Cell [0,10]: 17.00  16.00  11.00  6.00  6.00  16.00  9.00  2.00  2.00
Cell [0,11]: 67.00  47.00  33.00  10.00  8.00  7.00  2.00  0.00  2.00
Cell [0,12]: 45.00  61.00  25.00  21.00  5.00  1.00  0.00  1.00  2.00
Cell [0,13]: 0.00  0.00  0.00  0.00  14.00  40.00  48.00  22.00  0.00
Cell [0,14]: 0.00  0.00  0.00  0.00  12.00  70.00  116.00  54.00  24.00
Cell [0,15]: 7.00  0.00  0.00  0.00  113.00  100.00  40.00  24.00  41.00
Cell [0,16]: 62.00  17.00  3.00  5.00  2.00  14.00  29.00  62.00  38.00
Cell [0,17]: 84.00  13.00  14.00  4.00  3.00  2.00  1.00  22.00  237.00
Cell [0,18]: 0.00  3.00  7.00  13.00  64.00  166.00  2.00  8.00  0.00
Cell [0,19]: 44.00  68.00  125.00  47.00  19.00  0.00  0.00  0.00  0.00
Cell [0,20]: 2.00  4.00  23.00  15.00  2.00  12.00  3.00  63.00  258.00
Cell [0,21]: 47.00  0.00  2.00  0.00  1.00  2.00  0.00  17.00  306.00
Cell [0,22]: 86.00  0.00  0.00  0.00  0.00  0.00  0.00  8.00  251.00
Cell [0,23]: 87.00  112.00  0.00  0.00  0.00  0.00  0.00  3.00  17.00
Cell [0,24]: 26.00  94.00  123.00  24.00  0.00  0.00  0.00  0.00  0.00
Cell [0,25]: 0.00  1.00  21.00  139.00  45.00  8.00  2.00  3.00  0.00
Cell [0,26]: 0.00  9.00  24.00  222.00  22.00  14.00  15.00  0.00  0.00
Cell [0,27]: 48.00  93.00  10.00  8.00  0.00  14.00  23.00  95.00  7.00
Cell [0,28]: 355.00  223.00  0.00  0.00  0.00  0.00  0.00  0.00  91.00
Cell [0,29]: 54.00  66.00  94.00  42.00  50.00  0.00  0.00  0.00  0.00
Cell [0,30]: 0.00  0.00  0.00  0.00  20.00  31.00  61.00  152.00  12.00
Cell [0,31]: 60.00  95.00  161.00  20.00  14.00  14.00  9.00  5.00  5.00
Cell [0,32]: 47.00  82.00  353.00  12.00  0.00  0.00  0.00  0.00  0.00
Cell [0,33]: 163.00  82.00  12.00  0.00  0.00  0.00  0.00  0.00  14.00
Cell [0,34]: 43.00  65.00  13.00  5.00  2.00  0.00  7.00  6.00  38.00
Cell [0,35]: 407.00  87.00  0.00  0.00  0.00  0.00  0.00  0.00  34.00
Cell [0,36]: 6.00  95.00  29.00  44.00  55.00  48.00  34.00  8.00  0.00
Cell [0,37]: 18.00  0.00  0.00  0.00  26.00  42.00  216.00  132.00  53.00
Cell [0,38]: 538.00  69.00  25.00  15.00  0.00  0.00  0.00  0.00  272.00
Cell [0,39]: 417.00  69.00  30.00  0.00  0.00  15.00  10.00  43.00  320.00
Cell [0,40]: 723.00  0.00  0.00  0.00  0.00  0.00  0.00  28.00  2807.00
Cell [0,41]: 21.00  100.00  112.00  14.00  0.00  0.00  0.00  0.00  0.00
Cell [0,42]: 0.00  0.00  1.00  7.00  17.00  16.00  24.00  104.00  52.00
Cell [0,43]: 28.00  46.00  10.00  7.00  4.00  9.00  32.00  22.00  4.00
Cell [0,44]: 35.00  52.00  1.00  0.00  0.00  0.00  0.00  0.00  0.00
Cell [0,45]: 17.00  5.00  1.00  0.00  0.00  0.00  0.00  1.00  28.00
Cell [0,46]: 4.00  0.00  0.00  0.00  0.00  0.00  0.00  21.00  119.00
Cell [0,47]: 17.00  0.00  0.00  0.00  0.00  0.00  0.00  74.00  100.00
Cell [0,48]: 649.00  10.00  6.00  0.00  0.00  6.00  3.00  15.00  7.00
Cell [0,49]: 1207.00  0.00  0.00  0.00  0.00  0.00  0.00  0.00  182.00
Cell [0,50]: 55.00  2.00  3.00  1.00  0.00  3.00  4.00  12.00  174.00
Cell [0,51]: 12.00  52.00  41.00  13.00  6.00  3.00  14.00  47.00  24.00
Cell [0,52]: 51.00  52.00  16.00  5.00  1.00  3.00  4.00  8.00  54.00
Cell [0,53]: 58.00  5.00  4.00  3.00  10.00  13.00  22.00  24.00  31.00
Cell [0,54]: 138.00  228.00  24.00  0.00  0.00  0.00  0.00  0.00  32.00
Cell [0,55]: 18.00  35.00  23.00  18.00  35.00  16.00  2.00  0.00  0.00
Cell [0,56]: 14.00  0.00  0.00  0.00  0.00  10.00  41.00  72.00  26.00
Cell [0,57]: 0.00  0.00  0.00  0.00  0.00  120.00  110.00  55.00  76.00
Cell [0,58]: 95.00  0.00  0.00  4.00  40.00  131.00  51.00  47.00  51.00
Cell [0,59]: 96.00  62.00  16.00  12.00  4.00  33.00  50.00  187.00  100.00
Cell [0,60]: 48.00  11.00  9.00  7.00  17.00  4.00  1.00  104.00  317.00
Cell [0,61]: 0.00  0.00  0.00  3.00  7.00  167.00  135.00  26.00  0.00
Cell [0,62]: 124.00  63.00  64.00  91.00  25.00  0.00  0.00  0.00  0.00
Cell [0,63]: 4.00  60.00  17.00  18.00  2.00  9.00  9.00  68.00  262.00
Cell [0,64]: 104.00  8.00  3.00  0.00  1.00  3.00  5.00  35.00  416.00
Cell [0,65]: 39.00  6.00  0.00  0.00  0.00  15.00  27.00  147.00  300.00
Cell [0,66]: 65.00  18.00  0.00  0.00  10.00  26.00  19.00  26.00  43.00
Cell [0,67]: 26.00  53.00  109.00  39.00  11.00  0.00  0.00  0.00  22.00
Cell [0,68]: 0.00  0.00  4.00  91.00  94.00  24.00  7.00  3.00  0.00
Cell [0,69]: 18.00  30.00  89.00  271.00  37.00  14.00  1.00  2.00  0.00
Cell [0,70]: 6.00  10.00  30.00  43.00  23.00  24.00  25.00  165.00  102.00
Cell [0,71]: 606.00  331.00  12.00  4.00  0.00  0.00  0.00  0.00  79.00
Cell [0,72]: 104.00  176.00  169.00  16.00  0.00  0.00  0.00  0.00  71.00
Cell [0,73]: 11.00  12.00  19.00  38.00  6.00  14.00  37.00  65.00  77.00
Cell [0,74]: 100.00  77.00  70.00  20.00  0.00  18.00  21.00  47.00  22.00
Cell [0,75]: 74.00  178.00  374.00  162.00  23.00  0.00  0.00  0.00  0.00
Cell [0,76]: 152.00  82.00  41.00  45.00  55.00  11.00  0.00  0.00  61.00
Cell [0,77]: 203.00  89.00  0.00  0.00  0.00  0.00  0.00  0.00  27.00
Cell [0,78]: 159.00  4.00  3.00  1.00  0.00  0.00  6.00  35.00  183.00
Cell [0,79]: 263.00  233.00  121.00  55.00  0.00  0.00  0.00  0.00  3.00
Cell [0,80]: 19.00  10.00  7.00  79.00  95.00  87.00  193.00  106.00  61.00
Cell [0,81]: 101.00  96.00  33.00  23.00  6.00  34.00  125.00  154.00  103.00
Cell [0,82]: 560.00  521.00  25.00  0.00  0.00  0.00  0.00  198.00  456.00
Cell [0,83]: 1292.00  29.00  65.00  5.00  10.00  33.00  5.00  27.00  283.00
Cell [0,84]: 283.00  63.00  12.00  0.00  0.00  3.00  33.00  110.00  74.00
Cell [0,85]: 116.00  22.00  32.00  37.00  37.00  12.00  46.00  56.00  87.00
Cell [0,86]: 126.00  46.00  39.00  69.00  37.00  2.00  0.00  0.00  0.00
Cell [0,87]: 825.00  0.00  0.00  0.00  0.00  0.00  0.00  31.00  3652.00
Cell [0,88]: 966.00  0.00  0.00  0.00  0.00  0.00  0.00  0.00  97.00
Cell [0,89]: 175.00  19.00  6.00  0.00  5.00  0.00  6.00  9.00  66.00
Cell [0,90]: 105.00  99.00  11.00  0.00  0.00  0.00  3.00  8.00  15.00
Cell [0,91]: 12.00  11.00  64.00  12.00  2.00  9.00  10.00  10.00  3.00
Cell [0,92]: 19.00  76.00  40.00  2.00  1.00  1.00  0.00  7.00  33.00
Cell [0,93]: 22.00  3.00  0.00  0.00  0.00  1.00  1.00  4.00  40.00
Cell [0,94]: 210.00  0.00  0.00  0.00  0.00  0.00  0.00  0.00  59.00
Cell [0,95]: 39.00  21.00  7.00  13.00  0.00  0.00  0.00  0.00  54.00
Cell [0,96]: 8.00  49.00  48.00  0.00  0.00  0.00  0.00  0.00  0.00
Cell [0,97]: 0.00  1.00  3.00  1.00  2.00  0.00  6.00  70.00  103.00
Cell [0,98]: 32.00  0.00  0.00  0.00  0.00  0.00  0.00  128.00  260.00
Cell [0,99]: 105.00  6.00  4.00  0.00  0.00  6.00  6.00  19.00  38.00
Cell [0,100]: 56.00  1.00  1.00  0.00  1.00  1.00  0.00  0.00  113.00
Cell [0,101]: 36.00  103.00  21.00  6.00  6.00  2.00  5.00  19.00  147.00
Cell [0,102]: 468.00  74.00  0.00  0.00  0.00  0.00  0.00  0.00  0.00
Cell [0,103]: 104.00  35.00  1.00  0.00  0.00  0.00  1.00  1.00  10.00
Cell [0,104]: 2.00  6.00  741.00  7.00  0.00  1.00  0.00  1.00  2.00
Cell [0,105]: 0.00  2.00  1936.00  1130.00  2.00  0.00  3.00  0.00  1.00
Cell [0,106]: 572.00  495.00  49.00  902.00  636.00  211.00  120.00  111.00  55.00
Cell [0,107]: 134.00  72.00  75.00  120.00  263.00  631.00  314.00  352.00  433.00
Cell [0,108]: 11.00  13.00  11.00  8.00  12.00  50.00  235.00  442.00  24.00
Cell [0,109]: 56.00  83.00  8.00  0.00  11.00  39.00  206.00  163.00  25.00
Cell [0,110]: 64.00  307.00  0.00  0.00  0.00  0.00  0.00  0.00  13.00
Cell [0,111]: 6.00  73.00  37.00  16.00  43.00  37.00  1.00  0.00  0.00
Cell [0,112]: 0.00  0.00  0.00  48.00  79.00  31.00  0.00  0.00  0.00
Cell [0,113]: 16.00  57.00  146.00  43.00  0.00  0.00  0.00  0.00  0.00
Cell [0,114]: 165.00  162.00  135.00  0.00  0.00  0.00  0.00  0.00  0.00
Cell [0,115]: 28.00  39.00  26.00  14.00  6.00  22.00  49.00  111.00  14.00
Cell [0,116]: 195.00  47.00  14.00  2.00  8.00  2.00  0.00  0.00  34.00
Cell [0,117]: 249.00  0.00  0.00  0.00  0.00  0.00  0.00  36.00  342.00
Cell [0,118]: 129.00  4.00  3.00  0.00  3.00  2.00  0.00  21.00  146.00
Cell [0,119]: 24.00  0.00  1.00  2.00  3.00  30.00  137.00  48.00  72.00
Cell [0,120]: 60.00  18.00  2.00  9.00  12.00  16.00  55.00  34.00  32.00
Cell [0,121]: 39.00  0.00  0.00  0.00  5.00  28.00  111.00  69.00  111.00
Cell [0,122]: 0.00  2.00  5.00  39.00  42.00  76.00  55.00  15.00  30.00
Cell [0,123]: 41.00  131.00  56.00  0.00  0.00  6.00  2.00  4.00  4.00
Cell [0,124]: 6.00  25.00  115.00  6.00  6.00  1.00  2.00  11.00  11.00
Cell [0,125]: 0.00  7.00  86.00  148.00  97.00  30.00  8.00  6.00  0.00
Cell [0,126]: 0.00  0.00  0.00  0.00  41.00  388.00  280.00  48.00  17.00
Cell [0,127]: 6.00  3.00  9.00  58.00  173.00  285.00  61.00  12.00  0.00
Cell [1,0]: 2.00  0.00  0.00  0.00  0.00  3.00  5.00  46.00  43.00
Cell [1,1]: 1.00  4.00  7.00  3.00  5.00  4.00  6.00  0.00  0.00
Cell [1,2]: 6.00  11.00  13.00  6.00  13.00  11.00  1.00  0.00  1.00
Cell [1,3]: 2.00  0.00  1.00  1.00  11.00  6.00  23.00  16.00  5.00
Cell [1,4]: 1.00  0.00  0.00  0.00  0.00  0.00  0.00  39.00  70.00
Cell [1,5]: 73.00  8.00  1.00  0.00  0.00  1.00  9.00  19.00  18.00
Cell [1,6]: 1066.00  0.00  0.00  0.00  0.00  0.00  0.00  0.00  0.00
Cell [1,7]: 508.00  63.00  14.00  0.00  0.00  0.00  0.00  0.00  0.00
Cell [1,8]: 0.00  0.00  18.00  37.00  46.00  12.00  5.00  0.00  0.00
Cell [1,9]: 11.00  41.00  51.00  0.00  0.00  0.00  5.00  6.00  6.00
Cell [1,10]: 4.00  12.00  17.00  5.00  3.00  2.00  5.00  22.00  7.00
Cell [1,11]: 68.00  118.00  8.00  4.00  0.00  0.00  0.00  0.00  0.00
Cell [1,12]: 15.00  62.00  39.00  7.00  5.00  0.00  0.00  0.00  1.00
Cell [1,13]: 14.00  6.00  4.00  6.00  38.00  34.00  35.00  9.00  12.00
Cell [1,14]: 45.00  91.00  44.00  13.00  0.00  0.00  17.00  23.00  17.00
Cell [1,15]: 93.00  38.00  16.00  31.00  9.00  0.00  0.00  0.00  39.00
Cell [1,16]: 96.00  27.00  11.00  4.00  13.00  3.00  13.00  96.00  70.00
Cell [1,17]: 347.00  7.00  0.00  0.00  0.00  0.00  0.00  0.00  236.00
Cell [1,18]: 61.00  29.00  16.00  31.00  25.00  26.00  4.00  0.00  0.00
Cell [1,19]: 1.00  9.00  50.00  88.00  24.00  1.00  0.00  0.00  1.00
Cell [1,20]: 18.00  37.00  7.00  136.00  3.00  0.00  8.00  8.00  207.00
Cell [1,21]: 3.00  5.00  61.00  49.00  22.00  23.00  45.00  147.00  72.00
Cell [1,22]: 0.00  124.00  310.00  0.00  0.00  0.00  0.00  0.00  0.00
Cell [1,23]: 0.00  108.00  384.00  0.00  0.00  0.00  0.00  0.00  0.00
Cell [1,24]: 0.00  5.00  146.00  66.00  54.00  3.00  0.00  0.00  0.00
Cell [1,25]: 11.00  22.00  52.00  34.00  19.00  3.00  0.00  0.00  0.00
Cell [1,26]: 25.00  32.00  34.00  19.00  2.00  7.00  5.00  16.00  28.00
Cell [1,27]: 10.00  68.00  30.00  5.00  15.00  2.00  20.00  48.00  60.00
Cell [1,28]: 456.00  200.00  0.00  0.00  0.00  0.00  0.00  0.00  24.00
Cell [1,29]: 68.00  157.00  25.00  2.00  0.00  0.00  0.00  0.00  0.00
Cell [1,30]: 40.00  17.00  4.00  2.00  4.00  8.00  27.00  88.00  64.00
Cell [1,31]: 121.00  36.00  10.00  4.00  4.00  2.00  15.00  10.00  100.00
Cell [1,32]: 58.00  7.00  4.00  0.00  5.00  5.00  8.00  25.00  140.00
Cell [1,33]: 0.00  0.00  6.00  4.00  13.00  55.00  87.00  43.00  24.00
Cell [1,34]: 0.00  61.00  142.00  58.00  56.00  61.00  25.00  3.00  0.00
Cell [1,35]: 0.00  539.00  120.00  13.00  0.00  0.00  0.00  0.00  0.00
Cell [1,36]: 24.00  28.00  22.00  48.00  23.00  6.00  23.00  78.00  42.00
Cell [1,37]: 82.00  86.00  62.00  0.00  0.00  0.00  0.00  13.00  33.00
Cell [1,38]: 4.00  4.00  4.00  1.00  3.00  2.00  6.00  128.00  459.00
Cell [1,39]: 208.00  19.00  11.00  4.00  3.00  7.00  17.00  217.00  327.00
Cell [1,40]: 1661.00  0.00  0.00  0.00  0.00  0.00  0.00  0.00  1701.00
Cell [1,41]: 132.00  43.00  1.00  0.00  0.00  0.00  0.00  6.00  16.00
Cell [1,42]: 11.00  0.00  0.00  0.00  0.00  0.00  1.00  1.00  164.00
Cell [1,43]: 35.00  18.00  4.00  1.00  2.00  0.00  1.00  5.00  34.00
Cell [1,44]: 29.00  10.00  21.00  7.00  2.00  0.00  0.00  0.00  1.00
Cell [1,45]: 3.00  6.00  23.00  6.00  8.00  4.00  8.00  5.00  5.00
Cell [1,46]: 7.00  0.00  0.00  0.00  0.00  0.00  1.00  41.00  106.00
Cell [1,47]: 28.00  0.00  0.00  0.00  0.00  0.00  2.00  22.00  93.00
Cell [1,48]: 673.00  12.00  0.00  0.00  2.00  1.00  2.00  6.00  9.00
Cell [1,49]: 919.00  28.00  0.00  0.00  0.00  0.00  0.00  0.00  331.00
Cell [1,50]: 33.00  77.00  34.00  34.00  19.00  25.00  12.00  13.00  43.00
Cell [1,51]: 10.00  44.00  19.00  3.00  11.00  34.00  31.00  24.00  8.00
Cell [1,52]: 16.00  55.00  25.00  1.00  1.00  0.00  22.00  24.00  16.00
Cell [1,53]: 51.00  16.00  5.00  2.00  0.00  3.00  12.00  22.00  29.00
Cell [1,54]: 257.00  74.00  0.00  0.00  0.00  0.00  0.00  0.00  0.00
Cell [1,55]: 20.00  11.00  8.00  11.00  7.00  2.00  3.00  17.00  38.00
Cell [1,56]: 75.00  40.00  1.00  0.00  0.00  14.00  70.00  35.00  23.00
Cell [1,57]: 19.00  136.00  114.00  52.00  42.00  26.00  5.00  10.00  20.00
Cell [1,58]: 144.00  17.00  15.00  11.00  13.00  19.00  7.00  7.00  171.00
Cell [1,59]: 147.00  92.00  0.00  0.00  17.00  6.00  0.00  124.00  248.00
Cell [1,60]: 465.00  17.00  0.00  0.00  0.00  0.00  0.00  0.00  332.00
Cell [1,61]: 9.00  9.00  22.00  3.00  8.00  54.00  34.00  4.00  0.00
Cell [1,62]: 13.00  79.00  61.00  19.00  14.00  3.00  12.00  11.00  8.00
Cell [1,63]: 48.00  37.00  6.00  146.00  5.00  2.00  1.00  1.00  181.00
Cell [1,64]: 15.00  0.00  20.00  61.00  29.00  43.00  67.00  158.00  236.00
Cell [1,65]: 27.00  160.00  255.00  5.00  0.00  0.00  0.00  0.00  0.00
Cell [1,66]: 37.00  214.00  248.00  0.00  0.00  0.00  0.00  0.00  0.00
Cell [1,67]: 0.00  51.00  182.00  38.00  19.00  14.00  7.00  10.00  3.00
Cell [1,68]: 14.00  15.00  7.00  7.00  13.00  12.00  12.00  15.00  20.00
Cell [1,69]: 116.00  51.00  24.00  6.00  0.00  0.00  0.00  10.00  42.00
Cell [1,70]: 45.00  4.00  3.00  15.00  8.00  11.00  9.00  55.00  247.00
Cell [1,71]: 584.00  115.00  14.00  0.00  0.00  0.00  0.00  0.00  265.00
Cell [1,72]: 120.00  335.00  0.00  0.00  0.00  0.00  0.00  0.00  94.00
Cell [1,73]: 19.00  60.00  62.00  18.00  5.00  15.00  47.00  81.00  14.00
Cell [1,74]: 58.00  43.00  26.00  0.00  11.00  14.00  36.00  67.00  67.00
Cell [1,75]: 84.00  5.00  3.00  0.00  0.00  0.00  34.00  141.00  378.00
Cell [1,76]: 16.00  16.00  30.00  20.00  27.00  29.00  25.00  15.00  13.00
Cell [1,77]: 0.00  0.00  0.00  0.00  52.00  75.00  137.00  192.00  22.00
Cell [1,78]: 0.00  327.00  449.00  81.00  20.00  1.00  0.00  0.00  0.00
Cell [1,79]: 41.00  292.00  186.00  39.00  20.00  26.00  23.00  57.00  28.00
Cell [1,80]: 34.00  43.00  72.00  162.00  87.00  2.00  6.00  39.00  23.00
Cell [1,81]: 89.00  98.00  19.00  0.00  1.00  10.00  6.00  53.00  102.00
Cell [1,82]: 0.00  0.00  0.00  0.00  0.00  0.00  0.00  540.00  873.00
Cell [1,83]: 331.00  5.00  17.00  15.00  0.00  18.00  14.00  60.00  1038.00
Cell [1,84]: 91.00  3.00  1.00  0.00  3.00  3.00  51.00  39.00  369.00
Cell [1,85]: 165.00  35.00  29.00  0.00  8.00  3.00  54.00  89.00  118.00
Cell [1,86]: 67.00  46.00  12.00  5.00  12.00  15.00  6.00  15.00  116.00
Cell [1,87]: 925.00  12.00  0.00  0.00  0.00  0.00  0.00  0.00  3496.00
Cell [1,88]: 372.00  0.00  0.00  0.00  0.00  0.00  0.00  0.00  619.00
Cell [1,89]: 66.00  6.00  2.00  2.00  1.00  3.00  6.00  4.00  159.00
Cell [1,90]: 0.00  0.00  0.00  0.00  7.00  57.00  46.00  28.00  13.00
Cell [1,91]: 0.00  24.00  83.00  25.00  19.00  39.00  0.00  0.00  0.00
Cell [1,92]: 0.00  31.00  78.00  24.00  0.00  6.00  5.00  1.00  0.00
Cell [1,93]: 14.00  3.00  3.00  2.00  1.00  1.00  8.00  54.00  60.00
Cell [1,94]: 9.00  0.00  3.00  9.00  16.00  17.00  38.00  96.00  49.00
Cell [1,95]: 109.00  10.00  0.00  0.00  0.00  0.00  0.00  59.00  123.00
Cell [1,96]: 14.00  40.00  17.00  6.00  0.00  0.00  0.00  0.00  0.00
Cell [1,97]: 5.00  0.00  1.00  2.00  2.00  0.00  2.00  13.00  138.00
Cell [1,98]: 105.00  0.00  0.00  0.00  0.00  0.00  0.00  0.00  341.00
Cell [1,99]: 51.00  32.00  19.00  11.00  0.00  0.00  9.00  21.00  28.00
Cell [1,100]: 2.00  2.00  5.00  24.00  17.00  12.00  41.00  29.00  32.00
Cell [1,101]: 0.00  149.00  46.00  29.00  0.00  22.00  51.00  18.00  14.00
Cell [1,102]: 85.00  371.00  0.00  0.00  0.00  0.00  0.00  0.00  0.00
Cell [1,103]: 26.00  707.00  9.00  4.00  2.00  1.00  1.00  2.00  1.00
Cell [1,104]: 18.00  1071.00  1970.00  0.00  0.00  0.00  0.00  0.00  3.00
Cell [1,105]: 61.00  43.00  238.00  25.00  17.00  1.00  6.00  2.00  10.00
Cell [1,106]: 2318.00  517.00  30.00  0.00  0.00  0.00  0.00  0.00  6.00
Cell [1,107]: 79.00  221.00  17.00  101.00  141.00  69.00  232.00  701.00  1370.00
Cell [1,108]: 399.00  296.00  24.00  8.00  8.00  11.00  7.00  254.00  398.00
Cell [1,109]: 53.00  34.00  46.00  44.00  81.00  73.00  112.00  314.00  150.00
Cell [1,110]: 53.00  73.00  0.00  0.00  0.00  57.00  266.00  910.00  65.00
Cell [1,111]: 18.00  45.00  24.00  5.00  5.00  7.00  11.00  12.00  32.00
Cell [1,112]: 3.00  10.00  15.00  8.00  8.00  18.00  12.00  8.00  2.00
Cell [1,113]: 92.00  79.00  1.00  0.00  0.00  0.00  13.00  47.00  84.00
Cell [1,114]: 102.00  241.00  43.00  0.00  0.00  0.00  0.00  0.00  92.00
Cell [1,115]: 13.00  33.00  32.00  0.00  7.00  9.00  8.00  78.00  160.00
Cell [1,116]: 104.00  27.00  5.00  1.00  1.00  6.00  4.00  5.00  88.00
Cell [1,117]: 343.00  24.00  0.00  0.00  0.00  0.00  0.00  0.00  243.00
Cell [1,118]: 82.00  54.00  0.00  0.00  0.00  9.00  35.00  23.00  66.00
Cell [1,119]: 124.00  70.00  32.00  9.00  9.00  10.00  1.00  0.00  1.00
Cell [1,120]: 155.00  29.00  11.00  14.00  5.00  0.00  6.00  18.00  42.00
Cell [1,121]: 53.00  60.00  7.00  3.00  12.00  26.00  54.00  53.00  27.00
Cell [1,122]: 51.00  14.00  1.00  0.00  0.00  0.00  18.00  50.00  102.00
Cell [1,123]: 3.00  0.00  8.00  68.00  27.00  13.00  11.00  8.00  2.00
Cell [1,124]: 0.00  127.00  158.00  60.00  3.00  0.00  0.00  0.00  0.00
Cell [1,125]: 73.00  110.00  75.00  46.00  21.00  0.00  0.00  1.00  10.00
Cell [1,126]: 0.00  0.00  3.00  5.00  34.00  64.00  109.00  155.00  0.00
Cell [1,127]: 0.00  0.00  0.00  0.00  90.00  73.00  163.00  125.00  0.00
Cell [2,0]: 1.00  0.00  0.00  0.00  0.00  4.00  22.00  33.00  25.00
Cell [2,1]: 0.00  8.00  20.00  7.00  2.00  8.00  4.00  4.00  0.00
Cell [2,2]: 3.00  37.00  38.00  15.00  10.00  0.00  0.00  0.00  0.00
Cell [2,3]: 0.00  0.00  0.00  5.00  9.00  8.00  33.00  49.00  6.00
Cell [2,4]: 0.00  0.00  0.00  0.00  0.00  0.00  30.00  88.00  21.00
Cell [2,5]: 72.00  15.00  7.00  2.00  5.00  10.00  16.00  19.00  0.00
Cell [2,6]: 1098.00  0.00  0.00  0.00  0.00  0.00  0.00  0.00  0.00
Cell [2,7]: 545.00  45.00  7.00  0.00  0.00  1.00  1.00  3.00  7.00
Cell [2,8]: 42.00  23.00  17.00  14.00  3.00  6.00  4.00  12.00  28.00
Cell [2,9]: 23.00  62.00  2.00  6.00  9.00  19.00  12.00  10.00  8.00
Cell [2,10]: 2.00  9.00  14.00  9.00  4.00  8.00  20.00  9.00  6.00
Cell [2,11]: 219.00  5.00  3.00  0.00  0.00  0.00  0.00  0.00  16.00
Cell [2,12]: 28.00  32.00  42.00  11.00  0.00  0.00  0.00  0.00  4.00
Cell [2,13]: 38.00  5.00  1.00  9.00  4.00  6.00  4.00  47.00  35.00
Cell [2,14]: 73.00  47.00  3.00  0.00  1.00  1.00  1.00  16.00  226.00
Cell [2,15]: 17.00  16.00  7.00  1.00  1.00  3.00  6.00  27.00  21.00
Cell [2,16]: 18.00  30.00  8.00  2.00  6.00  0.00  7.00  14.00  151.00
Cell [2,17]: 538.00  31.00  0.00  0.00  0.00  0.00  0.00  0.00  0.00
Cell [2,18]: 63.00  66.00  147.00  6.00  2.00  0.00  1.00  0.00  0.00
Cell [2,19]: 0.00  2.00  2025.00  519.00  1.00  0.00  1.00  0.00  0.00
Cell [2,20]: 405.00  367.00  93.00  912.00  673.00  192.00  108.00  78.00  74.00
Cell [2,21]: 98.00  0.00  64.00  91.00  334.00  174.00  298.00  396.00  524.00
Cell [2,22]: 41.00  73.00  0.00  4.00  0.00  10.00  198.00  213.00  162.00
Cell [2,23]: 110.00  156.00  18.00  0.00  0.00  0.00  0.00  126.00  56.00
Cell [2,24]: 0.00  14.00  43.00  64.00  38.00  4.00  0.00  0.00  0.00
Cell [2,25]: 0.00  0.00  21.00  95.00  71.00  2.00  0.00  0.00  0.00
Cell [2,26]: 0.00  3.00  115.00  58.00  17.00  30.00  11.00  4.00  0.00
Cell [2,27]: 5.00  56.00  42.00  21.00  22.00  49.00  88.00  9.00  0.00
Cell [2,28]: 293.00  36.00  0.00  0.00  0.00  0.00  0.00  0.00  221.00
Cell [2,29]: 46.00  4.00  5.00  3.00  2.00  4.00  2.00  10.00  70.00
Cell [2,30]: 23.00  44.00  18.00  0.00  0.00  3.00  54.00  31.00  22.00
Cell [2,31]: 75.00  62.00  10.00  1.00  2.00  0.00  10.00  37.00  31.00
Cell [2,32]: 79.00  15.00  14.00  8.00  8.00  11.00  25.00  30.00  22.00
Cell [2,33]: 2.00  75.00  33.00  19.00  24.00  29.00  0.00  0.00  2.00
Cell [2,34]: 22.00  39.00  46.00  46.00  64.00  54.00  13.00  4.00  11.00
Cell [2,35]: 78.00  12.00  3.00  0.00  0.00  216.00  186.00  82.00  52.00
Cell [2,36]: 13.00  38.00  59.00  76.00  63.00  56.00  0.00  115.00  41.00
Cell [2,37]: 39.00  61.00  244.00  26.00  0.00  0.00  9.00  37.00  39.00
Cell [2,38]: 221.00  2.00  3.00  5.00  24.00  31.00  29.00  158.00  168.00
Cell [2,39]: 221.00  77.00  24.00  0.00  6.00  4.00  12.00  60.00  275.00
Cell [2,40]: 209.00  39.00  0.00  0.00  0.00  0.00  0.00  24.00  2987.00
Cell [2,41]: 32.00  93.00  20.00  4.00  1.00  0.00  0.00  0.00  0.00
Cell [2,42]: 0.00  0.00  0.00  0.00  0.00  4.00  2.00  60.00  112.00
Cell [2,43]: 2.00  16.00  24.00  4.00  1.00  8.00  9.00  9.00  14.00
Cell [2,44]: 11.00  116.00  29.00  6.00  0.00  0.00  0.00  0.00  0.00
Cell [2,45]: 0.00  0.00  2.00  26.00  50.00  8.00  13.00  21.00  4.00
Cell [2,46]: 20.00  0.00  0.00  0.00  0.00  0.00  0.00  96.00  75.00
Cell [2,47]: 0.00  0.00  0.00  0.00  0.00  14.00  16.00  18.00  85.00
Cell [2,48]: 698.00  17.00  4.00  2.00  4.00  9.00  8.00  2.00  0.00
Cell [2,49]: 1311.00  0.00  0.00  0.00  0.00  0.00  0.00  0.00  75.00
Cell [2,50]: 91.00  125.00  13.00  8.00  6.00  4.00  1.00  11.00  58.00
Cell [2,51]: 33.00  74.00  33.00  25.00  18.00  23.00  11.00  0.00  12.00
Cell [2,52]: 10.00  43.00  67.00  3.00  0.00  34.00  55.00  20.00  13.00
Cell [2,53]: 23.00  43.00  25.00  2.00  4.00  3.00  7.00  33.00  38.00
Cell [2,54]: 192.00  25.00  5.00  1.00  0.00  0.00  0.00  0.00  118.00
Cell [2,55]: 7.00  19.00  34.00  25.00  2.00  2.00  4.00  4.00  7.00
Cell [2,56]: 79.00  2.00  4.00  9.00  0.00  6.00  3.00  32.00  218.00
Cell [2,57]: 137.00  55.00  9.00  0.00  0.00  4.00  10.00  22.00  252.00
Cell [2,58]: 98.00  3.00  2.00  0.00  0.00  0.00  0.00  24.00  144.00
Cell [2,59]: 126.00  82.00  17.00  11.00  9.00  1.00  11.00  15.00  301.00
Cell [2,60]: 655.00  23.00  0.00  0.00  0.00  0.00  0.00  0.00  39.00
Cell [2,61]: 8.00  7.00  152.00  8.00  16.00  5.00  13.00  17.00  16.00
Cell [2,62]: 11.00  17.00  2251.00  500.00  10.00  4.00  12.00  1.00  1.00
Cell [2,63]: 491.00  637.00  40.00  1458.00  595.00  214.00  176.00  22.00  114.00
Cell [2,64]: 138.00  26.00  79.00  107.00  452.00  206.00  406.00  518.00  641.00
Cell [2,65]: 159.00  88.00  19.00  12.00  21.00  6.00  30.00  134.00  185.00
Cell [2,66]: 82.00  299.00  0.00  0.00  0.00  0.00  38.00  70.00  63.00
Cell [2,67]: 0.00  108.00  20.00  6.00  20.00  62.00  9.00  7.00  0.00
Cell [2,68]: 0.00  0.00  6.00  48.00  46.00  92.00  19.00  0.00  0.00
Cell [2,69]: 73.00  65.00  70.00  97.00  0.00  0.00  0.00  0.00  0.00
Cell [2,70]: 0.00  32.00  28.00  39.00  15.00  41.00  62.00  200.00  0.00
Cell [2,71]: 359.00  164.00  26.00  0.00  0.00  0.00  0.00  0.00  313.00
Cell [2,72]: 78.00  36.00  0.00  0.00  3.00  0.00  12.00  187.00  99.00
Cell [2,73]: 17.00  83.00  110.00  2.00  4.00  4.00  96.00  44.00  26.00
Cell [2,74]: 25.00  102.00  47.00  24.00  11.00  5.00  25.00  9.00  18.00
Cell [2,75]: 306.00  44.00  0.00  0.00  0.00  22.00  47.00  50.00  57.00
Cell [2,76]: 18.00  60.00  177.00  13.00  18.00  5.00  2.00  3.00  27.00
Cell [2,77]: 4.00  18.00  49.00  30.00  140.00  158.00  15.00  2.00  4.00
Cell [2,78]: 75.00  109.00  71.00  84.00  36.00  63.00  105.00  79.00  48.00
Cell [2,79]: 20.00  35.00  14.00  32.00  58.00  211.00  143.00  146.00  48.00
Cell [2,80]: 12.00  65.00  248.00  15.00  30.00  59.00  114.00  101.00  47.00
Cell [2,81]: 70.00  48.00  167.00  44.00  11.00  26.00  3.00  67.00  106.00
Cell [2,82]: 659.00  0.00  0.00  0.00  0.00  0.00  0.00  105.00  425.00
Cell [2,83]: 770.00  41.00  18.00  0.00  0.00  6.00  4.00  29.00  324.00
Cell [2,84]: 456.00  27.00  1.00  0.00  7.00  9.00  7.00  57.00  170.00
Cell [2,85]: 99.00  216.00  44.00  14.00  10.00  4.00  12.00  30.00  36.00
Cell [2,86]: 6.00  22.00  96.00  28.00  44.00  107.00  24.00  20.00  0.00
Cell [2,87]: 500.00  0.00  0.00  0.00  0.00  0.00  0.00  29.00  3924.00
Cell [2,88]: 587.00  0.00  0.00  0.00  0.00  0.00  0.00  0.00  356.00
Cell [2,89]: 159.00  9.00  4.00  0.00  0.00  5.00  0.00  0.00  158.00
Cell [2,90]: 0.00  0.00  0.00  0.00  2.00  21.00  25.00  29.00  6.00
Cell [2,91]: 35.00  46.00  4.00  1.00  1.00  1.00  10.00  4.00  2.00
Cell [2,92]: 0.00  22.00  33.00  20.00  7.00  4.00  2.00  1.00  0.00
Cell [2,93]: 21.00  4.00  0.00  0.00  5.00  13.00  28.00  87.00  101.00
Cell [2,94]: 48.00  194.00  58.00  41.00  16.00  2.00  3.00  0.00  3.00
Cell [2,95]: 72.00  272.00  51.00  2.00  4.00  0.00  0.00  0.00  0.00
Cell [2,96]: 1.00  7.00  19.00  16.00  6.00  9.00  2.00  0.00  0.00
Cell [2,97]: 50.00  0.00  0.00  0.00  0.00  8.00  3.00  8.00  100.00
Cell [2,98]: 0.00  0.00  0.00  0.00  0.00  0.00  102.00  72.00  227.00
Cell [2,99]: 0.00  76.00  207.00  42.00  19.00  35.00  4.00  3.00  0.00
Cell [2,100]: 0.00  0.00  0.00  34.00  77.00  37.00  86.00  25.00  8.00
Cell [2,101]: 67.00  61.00  14.00  13.00  0.00  12.00  36.00  13.00  11.00
Cell [2,102]: 224.00  71.00  4.00  0.00  0.00  0.00  0.00  0.00  0.00
Cell [2,103]: 858.00  2017.00  0.00  0.00  0.00  0.00  0.00  0.00  4.00
Cell [2,104]: 39.00  152.00  739.00  23.00  1.00  10.00  3.00  9.00  34.00
Cell [2,105]: 0.00  248.00  1234.00  2239.00  5.00  3.00  0.00  0.00  0.00
Cell [2,106]: 22.00  610.00  1373.00  1428.00  0.00  0.00  0.00  0.00  0.00
Cell [2,107]: 70.00  117.00  157.00  316.00  966.00  1675.00  138.00  0.00  0.00
Cell [2,108]: 10.00  0.00  23.00  17.00  310.00  3859.00  280.00  13.00  8.00
Cell [2,109]: 372.00  28.00  22.00  25.00  18.00  590.00  834.00  89.00  215.00
Cell [2,110]: 35.00  84.00  40.00  16.00  11.00  20.00  160.00  1649.00  0.00
Cell [2,111]: 1.00  4.00  26.00  11.00  9.00  3.00  16.00  281.00  141.00
Cell [2,112]: 4.00  19.00  25.00  20.00  13.00  29.00  8.00  6.00  2.00
Cell [2,113]: 38.00  77.00  23.00  4.00  0.00  0.00  20.00  155.00  42.00
Cell [2,114]: 165.00  76.00  0.00  0.00  0.00  0.00  0.00  163.00  164.00
Cell [2,115]: 143.00  46.00  6.00  3.00  1.00  0.00  9.00  17.00  54.00
Cell [2,116]: 19.00  20.00  8.00  8.00  2.00  8.00  17.00  25.00  156.00
Cell [2,117]: 0.00  0.00  0.00  0.00  0.00  0.00  0.00  0.00  628.00
Cell [2,118]: 26.00  0.00  0.00  1.00  6.00  14.00  3.00  12.00  96.00
Cell [2,119]: 53.00  75.00  5.00  8.00  8.00  8.00  1.00  0.00  18.00
Cell [2,120]: 14.00  10.00  1.00  26.00  16.00  15.00  32.00  17.00  9.00
Cell [2,121]: 7.00  174.00  156.00  36.00  5.00  0.00  0.00  0.00  0.00
Cell [2,122]: 36.00  53.00  62.00  38.00  42.00  0.00  0.00  0.00  4.00
Cell [2,123]: 84.00  50.00  35.00  13.00  6.00  0.00  0.00  0.00  0.00
Cell [2,124]: 37.00  102.00  200.00  18.00  0.00  0.00  0.00  0.00  0.00
Cell [2,125]: 0.00  10.00  184.00  84.00  34.00  6.00  3.00  0.00  0.00
Cell [2,126]: 8.00  0.00  0.00  11.00  23.00  25.00  30.00  86.00  25.00
Cell [2,127]: 9.00  2.00  1.00  11.00  101.00  48.00  57.00  62.00  12.00
Cell [3,0]: 18.00  0.00  0.00  0.00  0.00  3.00  11.00  33.00  29.00
Cell [3,1]: 10.00  10.00  3.00  2.00  0.00  1.00  1.00  1.00  10.00
Cell [3,2]: 8.00  7.00  4.00  2.00  0.00  2.00  8.00  11.00  11.00
Cell [3,3]: 14.00  6.00  2.00  0.00  2.00  3.00  1.00  4.00  12.00
Cell [3,4]: 0.00  0.00  0.00  0.00  0.00  0.00  0.00  40.00  93.00
Cell [3,5]: 123.00  9.00  2.00  0.00  0.00  0.00  0.00  4.00  16.00
Cell [3,6]: 990.00  0.00  0.00  0.00  0.00  0.00  0.00  0.00  96.00
Cell [3,7]: 297.00  20.00  0.00  0.00  0.00  0.00  0.00  0.00  217.00
Cell [3,8]: 1.00  0.00  5.00  3.00  27.00  43.00  42.00  12.00  2.00
Cell [3,9]: 0.00  60.00  134.00  23.00  13.00  0.00  0.00  0.00  0.00
Cell [3,10]: 0.00  0.00  8.00  18.00  22.00  32.00  31.00  31.00  11.00
Cell [3,11]: 75.00  4.00  2.00  1.00  1.00  0.00  2.00  57.00  63.00
Cell [3,12]: 70.00  67.00  28.00  5.00  0.00  0.00  0.00  4.00  50.00
Cell [3,13]: 0.00  0.00  0.00  28.00  29.00  14.00  19.00  53.00  30.00
Cell [3,14]: 1.00  0.00  0.00  0.00  0.00  4.00  7.00  36.00  409.00
Cell [3,15]: 5.00  6.00  16.00  40.00  31.00  11.00  9.00  9.00  9.00
Cell [3,16]: 0.00  24.00  52.00  33.00  49.00  60.00  35.00  29.00  4.00
Cell [3,17]: 129.00  335.00  3.00  0.00  1.00  0.00  0.00  0.00  6.00
Cell [3,18]: 25.00  1778.00  656.00  2.00  5.00  2.00  0.00  2.00  5.00
Cell [3,19]: 3.00  24.00  1673.00  452.00  4.00  0.00  0.00  0.00  4.00
Cell [3,20]: 198.00  638.00  1495.00  1595.00  0.00  0.00  0.00  0.00  0.00
Cell [3,21]: 169.00  56.00  106.00  307.00  1427.00  1566.00  309.00  340.00  0.00
Cell [3,22]: 254.00  44.00  42.00  18.00  113.00  1190.00  399.00  74.00  136.00
Cell [3,23]: 48.00  40.00  20.00  8.00  20.00  29.00  282.00  1039.00  94.00
Cell [3,24]: 4.00  8.00  18.00  27.00  21.00  6.00  2.00  35.00  15.00
Cell [3,25]: 10.00  25.00  29.00  21.00  5.00  5.00  4.00  35.00  12.00
Cell [3,26]: 60.00  49.00  90.00  44.00  15.00  28.00  1.00  1.00  16.00
Cell [3,27]: 6.00  3.00  12.00  3.00  11.00  15.00  117.00  64.00  45.00
Cell [3,28]: 403.00  28.00  0.00  0.00  0.00  0.00  0.00  0.00  30.00
Cell [3,29]: 83.00  81.00  9.00  4.00  1.00  0.00  1.00  2.00  21.00
Cell [3,30]: 106.00  6.00  0.00  0.00  0.00  5.00  6.00  39.00  99.00
Cell [3,31]: 16.00  38.00  23.00  14.00  11.00  22.00  44.00  47.00  15.00
Cell [3,32]: 46.00  71.00  19.00  11.00  4.00  2.00  41.00  45.00  25.00
Cell [3,33]: 3.00  2.00  96.00  175.00  17.00  3.00  1.00  3.00  0.00
Cell [3,34]: 0.00  0.00  367.00  95.00  35.00  0.00  0.00  0.00  0.00
Cell [3,35]: 0.00  0.00  0.00  23.00  68.00  367.00  158.00  0.00  0.00
Cell [3,36]: 0.00  0.00  120.00  95.00  116.00  229.00  52.00  0.00  0.00
Cell [3,37]: 0.00  19.00  506.00  60.00  0.00  0.00  0.00  0.00  0.00
Cell [3,38]: 0.00  0.00  0.00  13.00  35.00  39.00  110.00  544.00  0.00
Cell [3,39]: 0.00  74.00  161.00  81.00  73.00  77.00  201.00  258.00  0.00
Cell [3,40]: 10.00  135.00  20.00  51.00  0.00  0.00  0.00  16.00  3300.00
Cell [3,41]: 52.00  19.00  34.00  10.00  1.00  5.00  6.00  1.00  20.00
Cell [3,42]: 83.00  0.00  0.00  0.00  0.00  0.00  6.00  23.00  67.00
Cell [3,43]: 23.00  13.00  3.00  3.00  1.00  2.00  3.00  14.00  31.00
Cell [3,44]: 41.00  19.00  0.00  0.00  8.00  13.00  15.00  14.00  42.00
Cell [3,45]: 7.00  10.00  19.00  54.00  8.00  2.00  1.00  1.00  6.00
Cell [3,46]: 29.00  0.00  5.00  1.00  6.00  14.00  10.00  41.00  104.00
Cell [3,47]: 38.00  2.00  2.00  1.00  0.00  1.00  0.00  13.00  56.00
Cell [3,48]: 653.00  18.00  5.00  2.00  0.00  1.00  0.00  0.00  0.00
Cell [3,49]: 1253.00  0.00  0.00  0.00  0.00  0.00  0.00  0.00  69.00
Cell [3,50]: 93.00  17.00  0.00  0.00  7.00  1.00  32.00  67.00  58.00
Cell [3,51]: 0.00  12.00  57.00  37.00  43.00  36.00  57.00  5.00  0.00
Cell [3,52]: 0.00  0.00  170.00  0.00  15.00  0.00  22.00  0.00  0.00
Cell [3,53]: 29.00  5.00  3.00  3.00  5.00  9.00  11.00  74.00  74.00
Cell [3,54]: 31.00  2.00  0.00  0.00  0.00  0.00  18.00  180.00  251.00
Cell [3,55]: 22.00  22.00  41.00  41.00  8.00  0.00  0.00  0.00  9.00
Cell [3,56]: 0.00  0.00  1.00  2.00  20.00  3.00  18.00  35.00  269.00
Cell [3,57]: 85.00  7.00  6.00  5.00  2.00  1.00  4.00  8.00  432.00
Cell [3,58]: 23.00  33.00  29.00  7.00  6.00  1.00  5.00  35.00  126.00
Cell [3,59]: 42.00  153.00  93.00  21.00  8.00  5.00  29.00  110.00  46.00
Cell [3,60]: 115.00  320.00  34.00  14.00  5.00  0.00  0.00  0.00  2.00
Cell [3,61]: 105.00  2109.00  556.00  2.00  10.00  12.00  0.00  3.00  11.00
Cell [3,62]: 4.00  25.00  2168.00  223.00  5.00  3.00  2.00  3.00  2.00
Cell [3,63]: 272.00  876.00  1990.00  1613.00  5.00  0.00  0.00  0.00  0.00
Cell [3,64]: 146.00  113.00  90.00  389.00  1058.00  2111.00  276.00  393.00  97.00
Cell [3,65]: 444.00  68.00  66.00  65.00  117.00  1535.00  319.00  137.00  232.00
Cell [3,66]: 188.00  36.00  25.00  28.00  18.00  108.00  530.00  983.00  82.00
Cell [3,67]: 17.00  44.00  34.00  6.00  13.00  14.00  10.00  96.00  87.00
Cell [3,68]: 11.00  24.00  30.00  13.00  6.00  6.00  20.00  24.00  29.00
Cell [3,69]: 66.00  61.00  113.00  87.00  0.00  0.00  0.00  35.00  64.00
Cell [3,70]: 6.00  4.00  23.00  57.00  12.00  14.00  29.00  178.00  168.00
Cell [3,71]: 403.00  4.00  5.00  1.00  2.00  5.00  0.00  2.00  206.00
Cell [3,72]: 272.00  104.00  0.00  0.00  0.00  0.00  4.00  9.00  76.00
Cell [3,73]: 162.00  27.00  10.00  9.00  12.00  16.00  48.00  52.00  47.00
Cell [3,74]: 112.00  37.00  22.00  37.00  31.00  43.00  17.00  3.00  24.00
Cell [3,75]: 96.00  29.00  6.00  0.00  0.00  31.00  246.00  97.00  71.00
Cell [3,76]: 13.00  43.00  33.00  108.00  31.00  11.00  7.00  2.00  8.00
Cell [3,77]: 0.00  155.00  261.00  81.00  3.00  0.00  1.00  0.00  0.00
Cell [3,78]: 13.00  40.00  99.00  198.00  94.00  125.00  3.00  0.00  0.00
Cell [3,79]: 0.00  0.00  0.00  0.00  84.00  436.00  268.00  58.00  0.00
Cell [3,80]: 0.00  274.00  282.00  102.00  40.00  0.00  0.00  0.00  0.00
Cell [3,81]: 0.00  161.00  175.00  81.00  37.00  42.00  68.00  25.00  14.00
Cell [3,82]: 0.00  0.00  0.00  0.00  0.00  0.00  267.00  1058.00  30.00
Cell [3,83]: 196.00  490.00  222.00  111.00  68.00  52.00  140.00  14.00  0.00
Cell [3,84]: 125.00  277.00  63.00  23.00  23.00  16.00  130.00  0.00  0.00
Cell [3,85]: 90.00  28.00  42.00  25.00  42.00  104.00  152.00  0.00  0.00
Cell [3,86]: 23.00  1.00  4.00  6.00  5.00  4.00  10.00  80.00  46.00
Cell [3,87]: 972.00  0.00  0.00  0.00  0.00  0.00  0.00  0.00  3667.00
Cell [3,88]: 157.00  0.00  0.00  0.00  0.00  0.00  0.00  0.00  779.00
Cell [3,89]: 196.00  2.00  0.00  0.00  0.00  0.00  0.00  0.00  193.00
Cell [3,90]: 9.00  13.00  1.00  0.00  0.00  0.00  0.00  5.00  38.00
Cell [3,91]: 58.00  42.00  1.00  0.00  0.00  0.00  0.00  2.00  29.00
Cell [3,92]: 9.00  34.00  14.00  3.00  4.00  8.00  4.00  4.00  8.00
Cell [3,93]: 0.00  4.00  10.00  17.00  18.00  22.00  28.00  69.00  6.00
Cell [3,94]: 0.00  222.00  149.00  48.00  0.00  0.00  0.00  0.00  0.00
Cell [3,95]: 0.00  97.00  65.00  34.00  13.00  0.00  0.00  0.00  0.00
Cell [3,96]: 0.00  0.00  0.00  25.00  48.00  23.00  0.00  0.00  0.00
Cell [3,97]: 0.00  0.00  0.00  5.00  18.00  16.00  34.00  92.00  43.00
Cell [3,98]: 0.00  0.00  0.00  0.00  13.00  39.00  139.00  48.00  18.00
Cell [3,99]: 11.00  27.00  122.00  55.00  16.00  6.00  0.00  0.00  0.00
Cell [3,100]: 27.00  0.00  0.00  3.00  4.00  4.00  2.00  57.00  160.00
Cell [3,101]: 155.00  10.00  0.00  1.00  1.00  2.00  13.00  23.00  5.00
Cell [3,102]: 237.00  75.00  0.00  0.00  1.00  0.00  1.00  0.00  14.00
Cell [3,103]: 2908.00  123.00  4.00  1.00  0.00  0.00  0.00  0.00  0.00
Cell [3,104]: 247.00  1298.00  1072.00  0.00  0.00  0.00  0.00  0.00  0.00
Cell [3,105]: 616.00  191.00  0.00  0.00  0.00  0.00  0.00  0.00  832.00
Cell [3,106]: 355.00  210.00  54.00  0.00  0.00  0.00  0.00  0.00  358.00
Cell [3,107]: 334.00  11.00  0.00  0.00  0.00  0.00  0.00  0.00  389.00
Cell [3,108]: 218.00  92.00  72.00  44.00  60.00  167.00  31.00  44.00  71.00
Cell [3,109]: 33.00  17.00  11.00  23.00  4.00  91.00  2593.00  1348.00  268.00
Cell [3,110]: 0.00  73.00  68.00  22.00  11.00  10.00  13.00  1552.00  1064.00
Cell [3,111]: 28.00  6.00  4.00  13.00  30.00  12.00  7.00  0.00  1923.00
Cell [3,112]: 0.00  0.00  6.00  153.00  98.00  5.00  2.00  0.00  0.00
Cell [3,113]: 0.00  153.00  363.00  15.00  0.00  0.00  0.00  0.00  0.00
Cell [3,114]: 0.00  290.00  289.00  0.00  0.00  0.00  0.00  0.00  0.00
Cell [3,115]: 0.00  0.00  8.00  29.00  2.00  28.00  35.00  270.00  47.00
Cell [3,116]: 55.00  126.00  59.00  24.00  11.00  19.00  35.00  38.00  17.00
Cell [3,117]: 363.00  276.00  0.00  0.00  0.00  0.00  0.00  0.00  35.00
Cell [3,118]: 39.00  78.00  49.00  20.00  65.00  23.00  2.00  1.00  0.00
Cell [3,119]: 7.00  3.00  1.00  2.00  27.00  188.00  30.00  4.00  8.00
Cell [3,120]: 3.00  4.00  15.00  74.00  22.00  18.00  0.00  0.00  0.00
Cell [3,121]: 44.00  139.00  20.00  9.00  0.00  0.00  0.00  50.00  43.00
Cell [3,122]: 24.00  25.00  74.00  67.00  24.00  0.00  0.00  0.00  15.00
Cell [3,123]: 12.00  76.00  31.00  25.00  69.00  23.00  1.00  0.00  2.00
Cell [3,124]: 75.00  97.00  0.00  0.00  0.00  0.00  0.00  60.00  88.00
Cell [3,125]: 12.00  47.00  32.00  4.00  14.00  10.00  16.00  72.00  24.00
Cell [3,126]: 98.00  133.00  0.00  0.00  0.00  0.00  0.00  10.00  26.00
Cell [3,127]: 19.00  48.00  24.00  21.00  37.00  35.00  9.00  10.00  2.00
Cell [4,0]: 0.00  0.00  0.00  0.00  0.00  120.00  108.00  6.00  0.00
Cell [4,1]: 0.00  0.00  2.00  3.00  75.00  63.00  14.00  0.00  0.00
Cell [4,2]: 0.00  3.00  7.00  14.00  28.00  5.00  2.00  0.00  0.00
Cell [4,3]: 2.00  4.00  21.00  11.00  6.00  7.00  11.00  8.00  5.00
Cell [4,4]: 23.00  0.00  0.00  0.00  0.00  0.00  0.00  23.00  137.00
Cell [4,5]: 72.00  3.00  2.00  1.00  0.00  2.00  2.00  7.00  51.00
Cell [4,6]: 836.00  0.00  0.00  0.00  0.00  0.00  0.00  0.00  222.00
Cell [4,7]: 584.00  35.00  0.00  0.00  0.00  0.00  0.00  0.00  0.00
Cell [4,8]: 0.00  0.00  36.00  19.00  85.00  18.00  0.00  0.00  0.00
Cell [4,9]: 0.00  9.00  135.00  33.00  3.00  0.00  0.00  0.00  0.00
Cell [4,10]: 0.00  0.00  6.00  18.00  22.00  36.00  46.00  47.00  0.00
Cell [4,11]: 0.00  56.00  220.00  71.00  18.00  11.00  5.00  3.00  0.00
Cell [4,12]: 0.00  114.00  143.00  31.00  6.00  0.00  0.00  0.00  0.00
Cell [4,13]: 0.00  0.00  0.00  8.00  12.00  36.00  28.00  37.00  39.00
Cell [4,14]: 0.00  0.00  0.00  0.00  43.00  48.00  107.00  89.00  132.00
Cell [4,15]: 0.00  0.00  0.00  142.00  125.00  32.00  25.00  9.00  0.00
Cell [4,16]: 5.00  39.00  38.00  14.00  36.00  50.00  33.00  20.00  0.00
Cell [4,17]: 108.00  232.00  4.00  6.00  1.00  0.00  4.00  5.00  13.00
Cell [4,18]: 2334.00  637.00  67.00  6.00  0.00  0.00  6.00  0.00  48.00
Cell [4,19]: 763.00  953.00  770.00  0.00  0.00  0.00  0.00  0.00  230.00
Cell [4,20]: 838.00  269.00  210.00  0.00  0.00  0.00  0.00  0.00  250.00
Cell [4,21]: 598.00  156.00  77.00  42.00  74.00  0.00  0.00  0.00  81.00
Cell [4,22]: 49.00  23.00  14.00  18.00  24.00  613.00  1872.00  102.00  130.00
Cell [4,23]: 0.00  0.00  0.00  5.00  0.00  0.00  767.00  1684.00  1611.00
Cell [4,24]: 20.00  4.00  2.00  0.00  22.00  3.00  3.00  53.00  671.00
Cell [4,25]: 14.00  10.00  65.00  49.00  19.00  4.00  11.00  34.00  14.00
Cell [4,26]: 35.00  64.00  53.00  9.00  7.00  0.00  10.00  7.00  131.00
Cell [4,27]: 127.00  17.00  0.00  2.00  0.00  0.00  2.00  38.00  54.00
Cell [4,28]: 164.00  43.00  0.00  0.00  0.00  0.00  0.00  0.00  260.00
Cell [4,29]: 25.00  24.00  12.00  8.00  3.00  8.00  3.00  19.00  66.00
Cell [4,30]: 13.00  4.00  6.00  3.00  2.00  6.00  25.00  37.00  29.00
Cell [4,31]: 0.00  0.00  219.00  93.00  23.00  15.00  4.00  0.00  0.00
Cell [4,32]: 0.00  98.00  116.00  101.00  0.00  0.00  0.00  0.00  0.00
Cell [4,33]: 0.00  255.00  106.00  0.00  0.00  0.00  0.00  0.00  0.00
Cell [4,34]: 0.00  46.00  281.00  51.00  12.00  0.00  0.00  0.00  0.00
Cell [4,35]: 0.00  0.00  0.00  13.00  40.00  46.00  171.00  21.00  0.00
Cell [4,36]: 0.00  8.00  64.00  87.00  54.00  100.00  42.00  3.00  0.00
Cell [4,37]: 9.00  13.00  255.00  22.00  3.00  1.00  1.00  1.00  2.00
Cell [4,38]: 107.00  204.00  81.00  0.00  5.00  0.00  5.00  15.00  113.00
Cell [4,39]: 41.00  87.00  137.00  36.00  7.00  34.00  41.00  49.00  76.00
Cell [4,40]: 1644.00  2.00  0.00  0.00  20.00  6.00  0.00  89.00  1592.00
Cell [4,41]: 0.00  2.00  37.00  82.00  24.00  11.00  20.00  2.00  0.00
Cell [4,42]: 0.00  0.00  0.00  13.00  13.00  72.00  184.00  49.00  0.00
Cell [4,43]: 0.00  8.00  15.00  41.00  83.00  107.00  22.00  3.00  0.00
Cell [4,44]: 3.00  3.00  5.00  13.00  44.00  22.00  9.00  1.00  1.00
Cell [4,45]: 37.00  34.00  61.00  10.00  1.00  1.00  0.00  0.00  0.00
Cell [4,46]: 0.00  0.00  0.00  7.00  8.00  6.00  10.00  22.00  243.00
Cell [4,47]: 11.00  1.00  5.00  8.00  4.00  11.00  8.00  12.00  50.00
Cell [4,48]: 514.00  12.00  6.00  2.00  0.00  0.00  0.00  3.00  160.00
Cell [4,49]: 620.00  0.00  0.00  0.00  0.00  0.00  0.00  0.00  660.00
Cell [4,50]: 86.00  4.00  2.00  0.00  0.00  4.00  17.00  30.00  92.00
Cell [4,51]: 40.00  34.00  0.00  7.00  1.00  6.00  14.00  32.00  9.00
Cell [4,52]: 43.00  33.00  64.00  3.00  7.00  7.00  8.00  19.00  0.00
Cell [4,53]: 0.00  0.00  0.00  60.00  30.00  20.00  38.00  127.00  77.00
Cell [4,54]: 90.00  333.00  193.00  0.00  0.00  0.00  0.00  0.00  0.00
Cell [4,55]: 13.00  48.00  46.00  18.00  20.00  2.00  0.00  1.00  0.00
Cell [4,56]: 56.00  0.00  0.00  0.00  14.00  9.00  13.00  71.00  182.00
Cell [4,57]: 0.00  0.00  78.00  57.00  23.00  41.00  88.00  154.00  150.00
Cell [4,58]: 0.00  21.00  170.00  49.00  55.00  44.00  57.00  56.00  0.00
Cell [4,59]: 191.00  52.00  0.00  0.00  10.00  9.00  10.00  127.00  6.00
Cell [4,60]: 417.00  62.00  15.00  5.00  4.00  4.00  0.00  4.00  0.00
Cell [4,61]: 2855.00  560.00  226.00  28.00  0.00  7.00  11.00  0.00  47.00
Cell [4,62]: 815.00  712.00  1534.00  0.00  0.00  0.00  0.00  0.00  0.00
Cell [4,63]: 896.00  105.00  177.00  0.00  0.00  0.00  0.00  0.00  394.00
Cell [4,64]: 506.00  138.00  52.00  23.00  32.00  0.00  0.00  0.00  304.00
Cell [4,65]: 50.00  47.00  18.00  19.00  98.00  657.00  1605.00  70.00  52.00
Cell [4,66]: 26.00  0.00  0.00  4.00  0.00  0.00  864.00  2538.00  1397.00
Cell [4,67]: 39.00  45.00  0.00  0.00  1.00  1.00  14.00  33.00  1292.00
Cell [4,68]: 15.00  13.00  39.00  58.00  12.00  12.00  18.00  38.00  18.00
Cell [4,69]: 62.00  86.00  93.00  10.00  0.00  0.00  0.00  113.00  134.00
Cell [4,70]: 253.00  22.00  15.00  2.00  4.00  0.00  3.00  26.00  136.00
Cell [4,71]: 97.00  9.00  0.00  2.00  3.00  0.00  0.00  12.00  554.00
Cell [4,72]: 68.00  1.00  5.00  4.00  3.00  4.00  11.00  10.00  231.00
Cell [4,73]: 87.00  29.00  11.00  14.00  21.00  47.00  7.00  2.00  7.00
Cell [4,74]: 0.00  16.00  44.00  72.00  88.00  33.00  16.00  16.00  41.00
Cell [4,75]: 20.00  157.00  232.00  84.00  0.00  0.00  0.00  0.00  0.00
Cell [4,76]: 93.00  61.00  68.00  37.00  0.00  0.00  0.00  0.00  22.00
Cell [4,77]: 31.00  162.00  288.00  6.00  0.00  0.00  0.00  0.00  0.00
Cell [4,78]: 0.00  35.00  146.00  87.00  41.00  25.00  8.00  3.00  0.00
Cell [4,79]: 0.00  0.00  0.00  2.00  22.00  62.00  180.00  81.00  21.00
Cell [4,80]: 13.00  65.00  329.00  96.00  30.00  0.00  0.00  0.00  0.00
Cell [4,81]: 25.00  171.00  93.00  4.00  8.00  2.00  5.00  24.00  11.00
Cell [4,82]: 126.00  172.00  190.00  0.00  0.00  0.00  0.00  72.00  226.00
Cell [4,83]: 121.00  58.00  72.00  28.00  32.00  9.00  53.00  207.00  207.00
Cell [4,84]: 54.00  28.00  2.00  2.00  3.00  13.00  22.00  228.00  218.00
Cell [4,85]: 25.00  44.00  19.00  14.00  30.00  6.00  20.00  13.00  7.00
Cell [4,86]: 43.00  29.00  17.00  31.00  67.00  25.00  3.00  18.00  17.00
Cell [4,87]: 3878.00  39.00  0.00  0.00  0.00  0.00  0.00  6.00  636.00
Cell [4,88]: 985.00  0.00  0.00  0.00  0.00  0.00  0.00  0.00  0.00
Cell [4,89]: 305.00  73.00  7.00  3.00  0.00  3.00  0.00  0.00  0.00
Cell [4,90]: 9.00  0.00  0.00  0.00  0.00  17.00  19.00  24.00  52.00
Cell [4,91]: 64.00  9.00  1.00  1.00  1.00  7.00  1.00  0.00  53.00
Cell [4,92]: 54.00  53.00  22.00  11.00  9.00  0.00  0.00  0.00  4.00
Cell [4,93]: 0.00  4.00  25.00  27.00  46.00  17.00  8.00  3.00  2.00
Cell [4,94]: 73.00  122.00  0.00  0.00  0.00  0.00  0.00  24.00  73.00
Cell [4,95]: 18.00  52.00  22.00  14.00  13.00  3.00  5.00  22.00  9.00
Cell [4,96]: 0.00  0.00  0.00  8.00  20.00  14.00  8.00  8.00  4.00
Cell [4,97]: 66.00  0.00  0.00  0.00  1.00  0.00  1.00  11.00  58.00
Cell [4,98]: 46.00  0.00  0.00  0.00  0.00  3.00  10.00  14.00  55.00
Cell [4,99]: 59.00  13.00  1.00  0.00  1.00  2.00  2.00  1.00  0.00
Cell [4,100]: 8.00  0.00  0.00  0.00  0.00  0.00  3.00  82.00  116.00
Cell [4,101]: 58.00  27.00  13.00  11.00  8.00  25.00  35.00  36.00  17.00
Cell [4,102]: 243.00  0.00  32.00  5.00  22.00  69.00  54.00  22.00  35.00
Cell [4,103]: 3295.00  0.00  0.00  0.00  0.00  0.00  0.00  16.00  149.00
Cell [4,104]: 1094.00  26.00  0.00  0.00  0.00  0.00  56.00  37.00  330.00
Cell [4,105]: 1126.00  119.00  0.00  0.00  0.00  0.00  0.00  78.00  198.00
Cell [4,106]: 318.00  341.00  28.00  0.00  8.00  13.00  26.00  56.00  132.00
Cell [4,107]: 189.00  0.00  0.00  0.00  9.00  142.00  138.00  152.00  331.00
Cell [4,108]: 81.00  58.00  21.00  17.00  585.00  134.00  53.00  50.00  96.00
Cell [4,109]: 80.00  27.00  17.00  10.00  381.00  128.00  19.00  73.00  575.00
Cell [4,110]: 29.00  0.00  0.00  0.00  0.00  0.00  0.00  55.00  4748.00
Cell [4,111]: 129.00  40.00  21.00  4.00  0.00  0.00  0.00  0.00  2479.00
Cell [4,112]: 0.00  45.00  182.00  28.00  0.00  0.00  0.00  0.00  0.00
Cell [4,113]: 135.00  163.00  71.00  0.00  0.00  0.00  0.00  0.00  0.00
Cell [4,114]: 309.00  72.00  0.00  0.00  0.00  0.00  0.00  0.00  0.00
Cell [4,115]: 0.00  0.00  11.00  4.00  0.00  11.00  5.00  139.00  123.00
Cell [4,116]: 49.00  134.00  72.00  25.00  22.00  23.00  32.00  0.00  0.00
Cell [4,117]: 188.00  434.00  0.00  0.00  0.00  0.00  0.00  0.00  0.00
Cell [4,118]: 29.00  183.00  79.00  91.00  6.00  0.00  0.00  0.00  0.00
Cell [4,119]: 0.00  0.00  4.00  11.00  134.00  120.00  128.00  39.00  0.00
Cell [4,120]: 33.00  16.00  12.00  0.00  0.00  23.00  62.00  111.00  95.00
Cell [4,121]: 0.00  4.00  4.00  13.00  18.00  25.00  107.00  149.00  12.00
Cell [4,122]: 7.00  1.00  0.00  0.00  0.00  0.00  22.00  229.00  75.00
Cell [4,123]: 7.00  1.00  1.00  1.00  3.00  3.00  29.00  8.00  6.00
Cell [4,124]: 6.00  2.00  0.00  0.00  0.00  1.00  11.00  89.00  46.00
Cell [4,125]: 1.00  0.00  6.00  17.00  10.00  6.00  27.00  97.00  43.00
Cell [4,126]: 164.00  29.00  7.00  2.00  0.00  0.00  0.00  0.00  60.00
Cell [4,127]: 51.00  19.00  6.00  4.00  18.00  7.00  11.00  16.00  20.00
Cell [5,0]: 3.00  0.00  0.00  0.00  0.00  7.00  39.00  19.00  83.00
Cell [5,1]: 9.00  1.00  0.00  0.00  0.00  9.00  35.00  11.00  11.00
Cell [5,2]: 0.00  0.00  0.00  6.00  24.00  44.00  2.00  0.00  0.00
Cell [5,3]: 46.00  4.00  1.00  0.00  6.00  10.00  5.00  2.00  16.00
Cell [5,4]: 152.00  13.00  0.00  0.00  0.00  0.00  0.00  0.00  20.00
Cell [5,5]: 125.00  7.00  1.00  0.00  0.00  0.00  0.00  1.00  42.00
Cell [5,6]: 1049.00  0.00  0.00  0.00  0.00  0.00  0.00  0.00  60.00
Cell [5,7]: 637.00  56.00  0.00  0.00  0.00  0.00  0.00  0.00  0.00
Cell [5,8]: 0.00  18.00  5.00  3.00  2.00  6.00  2.00  12.00  8.00
Cell [5,9]: 63.00  46.00  9.00  1.00  0.00  0.00  0.00  0.00  11.00
Cell [5,10]: 2.00  17.00  26.00  38.00  34.00  11.00  0.00  0.00  0.00
Cell [5,11]: 42.00  115.00  133.00  8.00  0.00  0.00  0.00  0.00  21.00
Cell [5,12]: 7.00  13.00  47.00  45.00  39.00  2.00  1.00  1.00  0.00
Cell [5,13]: 22.00  4.00  0.00  0.00  2.00  34.00  25.00  32.00  21.00
Cell [5,14]: 23.00  0.00  0.00  0.00  20.00  9.00  11.00  72.00  77.00
Cell [5,15]: 0.00  0.00  1.00  12.00  23.00  5.00  11.00  52.00  25.00
Cell [5,16]: 26.00  7.00  5.00  0.00  2.00  3.00  7.00  63.00  62.00
Cell [5,17]: 270.00  5.00  4.00  0.00  0.00  0.00  4.00  72.00  123.00
Cell [5,18]: 1623.00  163.00  193.00  44.00  57.00  27.00  0.00  127.00  784.00
Cell [5,19]: 459.00  0.00  0.00  370.00  809.00  469.00  237.00  115.00  173.00
Cell [5,20]: 356.00  0.00  0.00  0.00  91.00  1644.00  976.00  191.00  177.00
Cell [5,21]: 31.00  22.00  275.00  1208.00  1644.00  249.00  75.00  77.00  197.00
Cell [5,22]: 8.00  0.00  41.00  0.00  3959.00  1144.00  0.00  3.00  56.00
Cell [5,23]: 232.00  184.00  36.00  222.00  323.00  644.00  538.00  189.00  2381.00
Cell [5,24]: 628.00  41.00  53.00  93.00  4.00  0.00  0.00  0.00  604.00
Cell [5,25]: 30.00  30.00  177.00  76.00  14.00  0.00  0.00  0.00  0.00
Cell [5,26]: 16.00  38.00  164.00  24.00  0.00  17.00  31.00  14.00  0.00
Cell [5,27]: 0.00  0.00  0.00  32.00  24.00  22.00  37.00  235.00  5.00
Cell [5,28]: 0.00  539.00  46.00  0.00  0.00  0.00  0.00  0.00  0.00
Cell [5,29]: 0.00  36.00  119.00  106.00  79.00  61.00  0.00  0.00  0.00
Cell [5,30]: 0.00  2.00  4.00  3.00  4.00  195.00  83.00  27.00  0.00
Cell [5,31]: 41.00  42.00  0.00  2.00  0.00  7.00  11.00  72.00  46.00
Cell [5,32]: 24.00  31.00  34.00  57.00  0.00  0.00  0.00  74.00  60.00
Cell [5,33]: 142.00  79.00  26.00  14.00  0.00  0.00  0.00  0.00  17.00
Cell [5,34]: 92.00  34.00  5.00  3.00  3.00  1.00  0.00  2.00  109.00
Cell [5,35]: 125.00  90.00  12.00  0.00  0.00  2.00  2.00  3.00  11.00
Cell [5,36]: 12.00  5.00  19.00  29.00  12.00  11.00  33.00  49.00  1.00
Cell [5,37]: 9.00  178.00  67.00  24.00  15.00  25.00  45.00  11.00  0.00
Cell [5,38]: 0.00  829.00  116.00  0.00  0.00  0.00  0.00  0.00  0.00
Cell [5,39]: 16.00  55.00  164.00  54.00  22.00  19.00  25.00  71.00  127.00
Cell [5,40]: 700.00  0.00  0.00  0.00  0.00  0.00  2.00  7.00  2404.00
Cell [5,41]: 0.00  15.00  96.00  49.00  2.00  0.00  2.00  1.00  2.00
Cell [5,42]: 76.00  3.00  16.00  18.00  2.00  7.00  32.00  22.00  25.00
Cell [5,43]: 38.00  5.00  0.00  0.00  0.00  13.00  21.00  17.00  27.00
Cell [5,44]: 0.00  0.00  0.00  14.00  13.00  9.00  11.00  14.00  3.00
Cell [5,45]: 42.00  43.00  10.00  13.00  4.00  2.00  0.00  0.00  0.00
Cell [5,46]: 233.00  81.00  0.00  0.00  0.00  0.00  0.00  0.00  4.00
Cell [5,47]: 20.00  87.00  10.00  2.00  8.00  4.00  0.00  0.00  6.00
Cell [5,48]: 379.00  0.00  0.00  0.00  0.00  8.00  7.00  9.00  351.00
Cell [5,49]: 880.00  0.00  0.00  0.00  0.00  0.00  0.00  0.00  403.00
Cell [5,50]: 208.00  40.00  6.00  2.00  0.00  0.00  6.00  15.00  72.00
Cell [5,51]: 62.00  11.00  0.00  1.00  0.00  2.00  12.00  9.00  42.00
Cell [5,52]: 121.00  44.00  3.00  4.00  2.00  4.00  6.00  5.00  27.00
Cell [5,53]: 17.00  66.00  54.00  32.00  13.00  12.00  23.00  43.00  7.00
Cell [5,54]: 59.00  171.00  145.00  23.00  0.00  0.00  0.00  0.00  0.00
Cell [5,55]: 1.00  0.00  6.00  70.00  53.00  5.00  2.00  1.00  0.00
Cell [5,56]: 80.00  0.00  1.00  0.00  20.00  9.00  16.00  110.00  62.00
Cell [5,57]: 68.00  9.00  13.00  10.00  10.00  10.00  20.00  77.00  91.00
Cell [5,58]: 89.00  17.00  5.00  0.00  4.00  0.00  6.00  15.00  148.00
Cell [5,59]: 141.00  4.00  0.00  0.00  2.00  1.00  2.00  26.00  186.00
Cell [5,60]: 550.00  9.00  0.00  0.00  0.00  0.00  24.00  45.00  72.00
Cell [5,61]: 1900.00  157.00  440.00  99.00  46.00  51.00  59.00  57.00  990.00
Cell [5,62]: 402.00  0.00  0.00  368.00  796.00  1054.00  286.00  108.00  184.00
Cell [5,63]: 222.00  195.00  22.00  0.00  104.00  2020.00  974.00  182.00  95.00
Cell [5,64]: 119.00  13.00  571.00  1240.00  1196.00  324.00  103.00  42.00  166.00
Cell [5,65]: 22.00  30.00  15.00  21.00  5011.00  734.00  29.00  3.00  21.00
Cell [5,66]: 249.00  119.00  252.00  0.00  1169.00  585.00  300.00  480.00  2764.00
Cell [5,67]: 824.00  126.00  69.00  12.00  103.00  22.00  3.00  0.00  915.00
Cell [5,68]: 0.00  45.00  114.00  96.00  109.00  31.00  0.00  0.00  0.00
Cell [5,69]: 67.00  85.00  280.00  71.00  0.00  0.00  0.00  0.00  0.00
Cell [5,70]: 0.00  0.00  0.00  14.00  15.00  20.00  15.00  217.00  296.00
Cell [5,71]: 302.00  357.00  48.00  14.00  13.00  18.00  12.00  4.00  4.00
Cell [5,72]: 63.00  196.00  136.00  44.00  13.00  6.00  0.00  0.00  0.00
Cell [5,73]: 0.00  0.00  0.00  17.00  70.00  277.00  43.00  2.00  1.00
Cell [5,74]: 11.00  32.00  27.00  20.00  14.00  11.00  41.00  11.00  18.00
Cell [5,75]: 67.00  38.00  34.00  6.00  0.00  0.00  14.00  114.00  119.00
Cell [5,76]: 16.00  81.00  42.00  60.00  41.00  0.00  0.00  13.00  18.00
Cell [5,77]: 103.00  130.00  0.00  0.00  0.00  0.00  0.00  150.00  91.00
Cell [5,78]: 56.00  67.00  30.00  12.00  5.00  16.00  22.00  31.00  28.00
Cell [5,79]: 112.00  68.00  28.00  23.00  16.00  25.00  0.00  0.00  0.00
Cell [5,80]: 20.00  0.00  0.00  0.00  0.00  0.00  178.00  142.00  30.00
Cell [5,81]: 1.00  594.00  73.00  13.00  12.00  21.00  5.00  1.00  0.00
Cell [5,82]: 36.00  525.00  351.00  229.00  0.00  0.00  11.00  0.00  6.00
Cell [5,83]: 236.00  2.00  30.00  52.00  52.00  45.00  60.00  111.00  376.00
Cell [5,84]: 322.00  171.00  27.00  0.00  21.00  3.00  27.00  12.00  166.00
Cell [5,85]: 15.00  11.00  20.00  30.00  61.00  39.00  82.00  116.00  24.00
Cell [5,86]: 0.00  0.00  34.00  40.00  106.00  94.00  30.00  16.00  0.00
Cell [5,87]: 226.00  0.00  0.00  0.00  0.00  0.00  0.00  49.00  4402.00
Cell [5,88]: 1065.00  0.00  0.00  0.00  0.00  0.00  0.00  0.00  0.00
Cell [5,89]: 315.00  53.00  4.00  16.00  11.00  5.00  3.00  0.00  0.00
Cell [5,90]: 0.00  0.00  0.00  0.00  0.00  15.00  103.00  53.00  4.00
Cell [5,91]: 53.00  105.00  4.00  5.00  2.00  7.00  12.00  3.00  2.00
Cell [5,92]: 36.00  151.00  41.00  14.00  17.00  3.00  3.00  2.00  2.00
Cell [5,93]: 61.00  53.00  15.00  8.00  6.00  5.00  15.00  10.00  24.00
Cell [5,94]: 7.00  0.00  0.00  5.00  17.00  41.00  89.00  65.00  67.00
Cell [5,95]: 54.00  8.00  0.00  0.00  0.00  0.00  0.00  114.00  104.00
Cell [5,96]: 0.00  10.00  18.00  18.00  25.00  14.00  4.00  4.00  0.00
Cell [5,97]: 0.00  0.00  0.00  0.00  39.00  29.00  47.00  113.00  9.00
Cell [5,98]: 0.00  0.00  0.00  0.00  0.00  19.00  93.00  74.00  3.00
Cell [5,99]: 16.00  59.00  13.00  4.00  12.00  15.00  4.00  2.00  2.00
Cell [5,100]: 193.00  36.00  0.00  0.00  0.00  0.00  2.00  10.00  77.00
Cell [5,101]: 83.00  80.00  30.00  15.00  14.00  39.00  4.00  8.00  33.00
Cell [5,102]: 206.00  56.00  36.00  10.00  0.00  47.00  58.00  30.00  83.00
Cell [5,103]: 1059.00  382.00  382.00  191.00  39.00  0.00  69.00  147.00  714.00
Cell [5,104]: 220.00  105.00  134.00  397.00  1282.00  257.00  11.00  18.00  63.00
Cell [5,105]: 0.00  0.00  0.00  0.00  1713.00  1688.00  335.00  0.00  0.00
Cell [5,106]: 0.00  0.00  0.00  0.00  30.00  2019.00  1758.00  291.00  0.00
Cell [5,107]: 0.00  484.00  1649.00  1283.00  706.00  39.00  0.00  0.00  0.00
Cell [5,108]: 0.00  0.00  19.00  502.00  4847.00  220.00  9.00  31.00  0.00
Cell [5,109]: 0.00  0.00  0.00  39.00  1616.00  3353.00  145.00  18.00  0.00
Cell [5,110]: 295.00  225.00  304.00  258.00  413.00  347.00  765.00  724.00  1011.00
Cell [5,111]: 809.00  72.00  463.00  409.00  112.00  116.00  92.00  173.00  888.00
Cell [5,112]: 9.00  67.00  96.00  47.00  0.00  0.00  0.00  0.00  0.00
Cell [5,113]: 121.00  192.00  27.00  0.00  0.00  0.00  0.00  0.00  0.00
Cell [5,114]: 153.00  253.00  0.00  0.00  0.00  0.00  0.00  0.00  0.00
Cell [5,115]: 0.00  0.00  16.00  6.00  4.00  13.00  46.00  172.00  24.00
Cell [5,116]: 70.00  128.00  48.00  12.00  11.00  20.00  26.00  3.00  0.00
Cell [5,117]: 495.00  79.00  0.00  0.00  0.00  0.00  0.00  0.00  0.00
Cell [5,118]: 127.00  219.00  0.00  0.00  0.00  0.00  0.00  0.00  0.00
Cell [5,119]: 13.00  18.00  11.00  4.00  3.00  3.00  20.00  54.00  87.00
Cell [5,120]: 264.00  0.00  0.00  0.00  0.00  0.00  0.00  18.00  405.00
Cell [5,121]: 58.00  38.00  14.00  12.00  6.00  21.00  52.00  160.00  0.00
Cell [5,122]: 0.00  0.00  0.00  0.00  0.00  0.00  12.00  393.00  65.00
Cell [5,123]: 10.00  0.00  0.00  0.00  0.00  0.00  70.00  90.00  66.00
Cell [5,124]: 56.00  40.00  43.00  11.00  0.00  0.00  0.00  0.00  38.00
Cell [5,125]: 24.00  30.00  14.00  0.00  0.00  0.00  0.00  1.00  19.00
Cell [5,126]: 15.00  17.00  4.00  0.00  0.00  0.00  0.00  53.00  56.00
Cell [5,127]: 3.00  0.00  0.00  8.00  56.00  33.00  30.00  33.00  1.00
Cell [6,0]: 0.00  0.00  0.00  0.00  0.00  6.00  32.00  42.00  56.00
Cell [6,1]: 0.00  0.00  0.00  0.00  16.00  21.00  50.00  3.00  2.00
Cell [6,2]: 0.00  0.00  5.00  9.00  19.00  8.00  3.00  0.00  0.00
Cell [6,3]: 3.00  0.00  0.00  0.00  0.00  3.00  15.00  36.00  103.00
Cell [6,4]: 19.00  0.00  0.00  0.00  0.00  0.00  0.00  52.00  131.00
Cell [6,5]: 175.00  8.00  0.00  1.00  1.00  2.00  4.00  7.00  5.00
Cell [6,6]: 954.00  0.00  0.00  0.00  0.00  0.00  0.00  0.00  227.00
Cell [6,7]: 648.00  79.00  20.00  4.00  0.00  0.00  0.00  0.00  0.00
Cell [6,8]: 0.00  0.00  0.00  5.00  24.00  39.00  92.00  2.00  0.00
Cell [6,9]: 0.00  189.00  49.00  10.00  0.00  0.00  0.00  0.00  0.00
Cell [6,10]: 56.00  19.00  22.00  16.00  13.00  7.00  4.00  4.00  9.00
Cell [6,11]: 8.00  3.00  6.00  10.00  15.00  17.00  45.00  148.00  79.00
Cell [6,12]: 26.00  3.00  3.00  1.00  4.00  2.00  2.00  66.00  40.00
Cell [6,13]: 16.00  0.00  0.00  0.00  23.00  53.00  45.00  18.00  15.00
Cell [6,14]: 9.00  0.00  0.00  0.00  0.00  7.00  100.00  79.00  23.00
Cell [6,15]: 44.00  8.00  3.00  2.00  5.00  3.00  5.00  7.00  58.00
Cell [6,16]: 159.00  54.00  15.00  13.00  20.00  15.00  3.00  4.00  38.00
Cell [6,17]: 148.00  129.00  26.00  18.00  6.00  38.00  152.00  32.00  78.00
Cell [6,18]: 699.00  515.00  81.00  27.00  59.00  78.00  46.00  102.00  422.00
Cell [6,19]: 49.00  55.00  90.00  180.00  360.00  36.00  89.00  125.00  131.00
Cell [6,20]: 1522.00  247.00  44.00  75.00  112.00  283.00  466.00  476.00  421.00
Cell [6,21]: 436.00  708.00  433.00  79.00  193.00  285.00  246.00  1750.00  299.00
Cell [6,22]: 25.00  215.00  592.00  83.00  338.00  397.00  88.00  39.00  56.00
Cell [6,23]: 237.00  1168.00  847.00  72.00  14.00  39.00  215.00  576.00  531.00
Cell [6,24]: 141.00  66.00  145.00  256.00  138.00  20.00  80.00  109.00  231.00
Cell [6,25]: 23.00  65.00  92.00  17.00  0.00  0.00  0.00  0.00  0.00
Cell [6,26]: 62.00  125.00  9.00  9.00  6.00  9.00  17.00  19.00  0.00
Cell [6,27]: 0.00  0.00  26.00  16.00  28.00  33.00  71.00  105.00  0.00
Cell [6,28]: 39.00  483.00  12.00  0.00  0.00  0.00  0.00  0.00  0.00
Cell [6,29]: 39.00  180.00  27.00  28.00  25.00  0.00  0.00  0.00  0.00
Cell [6,30]: 60.00  0.00  0.00  0.00  0.00  38.00  58.00  90.00  217.00
Cell [6,31]: 106.00  25.00  9.00  7.00  6.00  13.00  31.00  85.00  26.00
Cell [6,32]: 0.00  0.00  0.00  0.00  0.00  0.00  0.00  369.00  52.00
Cell [6,33]: 57.00  0.00  0.00  0.00  0.00  0.00  0.00  94.00  110.00
Cell [6,34]: 8.00  0.00  2.00  1.00  1.00  4.00  5.00  33.00  139.00
Cell [6,35]: 41.00  1.00  2.00  1.00  1.00  0.00  26.00  65.00  72.00
Cell [6,36]: 5.00  1.00  0.00  3.00  14.00  71.00  32.00  17.00  2.00
Cell [6,37]: 123.00  168.00  39.00  12.00  4.00  4.00  0.00  60.00  112.00
Cell [6,38]: 91.00  269.00  54.00  42.00  19.00  16.00  48.00  93.00  45.00
Cell [6,39]: 80.00  91.00  65.00  98.00  50.00  14.00  9.00  4.00  3.00
Cell [6,40]: 151.00  41.00  0.00  0.00  0.00  0.00  0.00  5.00  2959.00
Cell [6,41]: 77.00  66.00  10.00  0.00  2.00  4.00  4.00  8.00  6.00
Cell [6,42]: 38.00  0.00  0.00  0.00  0.00  17.00  98.00  53.00  37.00
Cell [6,43]: 2.00  0.00  0.00  12.00  7.00  8.00  54.00  37.00  1.00
Cell [6,44]: 0.00  0.00  0.00  11.00  26.00  37.00  3.00  0.00  0.00
Cell [6,45]: 2.00  0.00  10.00  12.00  12.00  1.00  2.00  11.00  16.00
Cell [6,46]: 29.00  0.00  0.00  0.00  0.00  0.00  0.00  12.00  297.00
Cell [6,47]: 14.00  0.00  1.00  1.00  1.00  1.00  11.00  36.00  41.00
Cell [6,48]: 408.00  7.00  4.00  0.00  0.00  0.00  1.00  4.00  393.00
Cell [6,49]: 1164.00  0.00  0.00  0.00  0.00  0.00  0.00  0.00  225.00
Cell [6,50]: 179.00  59.00  2.00  6.00  8.00  13.00  68.00  29.00  26.00
Cell [6,51]: 22.00  43.00  11.00  6.00  4.00  10.00  41.00  46.00  46.00
Cell [6,52]: 77.00  188.00  18.00  14.00  1.00  13.00  0.00  3.00  5.00
Cell [6,53]: 95.00  39.00  15.00  18.00  24.00  52.00  35.00  19.00  18.00
Cell [6,54]: 28.00  0.00  0.00  0.00  0.00  23.00  120.00  208.00  143.00
Cell [6,55]: 6.00  5.00  12.00  13.00  30.00  7.00  9.00  23.00  9.00
Cell [6,56]: 33.00  2.00  0.00  1.00  35.00  21.00  26.00  119.00  86.00
Cell [6,57]: 47.00  24.00  15.00  0.00  0.00  11.00  12.00  129.00  55.00
Cell [6,58]: 224.00  13.00  0.00  0.00  2.00  3.00  0.00  39.00  79.00
Cell [6,59]: 192.00  72.00  40.00  21.00  12.00  61.00  69.00  24.00  36.00
Cell [6,60]: 345.00  201.00  27.00  0.00  10.00  110.00  159.00  124.00  139.00
Cell [6,61]: 769.00  447.00  157.00  138.00  30.00  30.00  128.00  401.00  553.00
Cell [6,62]: 22.00  1.00  41.00  103.00  650.00  201.00  15.00  181.00  3.00
Cell [6,63]: 1874.00  66.00  35.00  22.00  249.00  263.00  431.00  679.00  536.00
Cell [6,64]: 543.00  782.00  594.00  238.00  138.00  188.00  171.00  1683.00  874.00
Cell [6,65]: 11.00  261.00  654.00  167.00  514.00  271.00  106.00  0.00  62.00
Cell [6,66]: 297.00  577.00  1384.00  617.00  18.00  144.00  247.00  603.00  288.00
Cell [6,67]: 150.00  223.00  363.00  323.00  48.00  105.00  55.00  194.00  270.00
Cell [6,68]: 35.00  38.00  24.00  26.00  10.00  0.00  0.00  0.00  18.00
Cell [6,69]: 180.00  180.00  33.00  0.00  0.00  0.00  0.00  0.00  0.00
Cell [6,70]: 0.00  0.00  0.00  11.00  10.00  5.00  56.00  275.00  195.00
Cell [6,71]: 573.00  79.00  5.00  18.00  7.00  19.00  0.00  0.00  0.00
Cell [6,72]: 181.00  272.00  8.00  0.00  0.00  0.00  0.00  0.00  0.00
Cell [6,73]: 79.00  15.00  27.00  25.00  31.00  47.00  100.00  39.00  116.00
Cell [6,74]: 209.00  69.00  17.00  30.00  30.00  12.00  10.00  48.00  239.00
Cell [6,75]: 0.00  0.00  0.00  0.00  0.00  23.00  155.00  436.00  83.00
Cell [6,76]: 0.00  0.00  0.00  0.00  0.00  5.00  93.00  170.00  28.00
Cell [6,77]: 92.00  64.00  0.00  0.00  0.00  0.00  2.00  45.00  105.00
Cell [6,78]: 61.00  2.00  3.00  3.00  5.00  6.00  10.00  45.00  54.00
Cell [6,79]: 49.00  12.00  2.00  23.00  21.00  16.00  24.00  90.00  49.00
Cell [6,80]: 17.00  6.00  10.00  42.00  46.00  7.00  23.00  49.00  21.00
Cell [6,81]: 235.00  603.00  25.00  11.00  9.00  0.00  0.00  101.00  247.00
Cell [6,82]: 67.00  157.00  309.00  72.00  59.00  57.00  31.00  44.00  51.00
Cell [6,83]: 370.00  129.00  42.00  46.00  9.00  108.00  105.00  7.00  252.00
Cell [6,84]: 284.00  24.00  12.00  34.00  19.00  16.00  17.00  53.00  233.00
Cell [6,85]: 21.00  6.00  28.00  50.00  71.00  46.00  105.00  60.00  8.00
Cell [6,86]: 7.00  6.00  11.00  6.00  22.00  27.00  78.00  24.00  9.00
Cell [6,87]: 221.00  18.00  0.00  0.00  0.00  0.00  0.00  0.00  4540.00
Cell [6,88]: 1092.00  0.00  0.00  0.00  0.00  0.00  0.00  0.00  0.00
Cell [6,89]: 359.00  74.00  23.00  0.00  10.00  6.00  0.00  0.00  0.00
Cell [6,90]: 0.00  0.00  0.00  0.00  0.00  0.00  50.00  166.00  0.00
Cell [6,91]: 71.00  67.00  11.00  6.00  7.00  4.00  21.00  13.00  0.00
Cell [6,92]: 84.00  23.00  8.00  6.00  0.00  5.00  4.00  15.00  39.00
Cell [6,93]: 162.00  12.00  0.00  7.00  5.00  7.00  10.00  22.00  48.00
Cell [6,94]: 77.00  139.00  59.00  25.00  1.00  0.00  0.00  0.00  22.00
Cell [6,95]: 132.00  224.00  19.00  0.00  0.00  0.00  0.00  0.00  0.00
Cell [6,96]: 0.00  44.00  47.00  26.00  0.00  0.00  0.00  0.00  0.00
Cell [6,97]: 0.00  0.00  1.00  5.00  11.00  11.00  48.00  80.00  5.00
Cell [6,98]: 0.00  0.00  0.00  0.00  0.00  8.00  11.00  189.00  43.00
Cell [6,99]: 3.00  0.00  1.00  1.00  4.00  6.00  3.00  17.00  10.00
Cell [6,100]: 64.00  0.00  0.00  0.00  0.00  0.00  67.00  72.00  88.00
Cell [6,101]: 0.00  0.00  86.00  65.00  42.00  49.00  98.00  28.00  17.00
Cell [6,102]: 316.00  114.00  306.00  12.00  12.00  4.00  0.00  62.00  549.00
Cell [6,103]: 646.00  294.00  21.00  20.00  22.00  27.00  73.00  155.00  721.00
Cell [6,104]: 99.00  0.00  0.00  3.00  8.00  121.00  20.00  56.00  741.00
Cell [6,105]: 9.00  30.00  50.00  32.00  34.00  36.00  63.00  3.00  2.00
Cell [6,106]: 2449.00  266.00  13.00  8.00  6.00  29.00  17.00  310.00  552.00
Cell [6,107]: 455.00  115.00  88.00  177.00  82.00  215.00  309.00  2054.00  1089.00
Cell [6,108]: 43.00  30.00  108.00  110.00  86.00  173.00  176.00  6.00  36.00
Cell [6,109]: 59.00  248.00  809.00  337.00  0.00  15.00  57.00  69.00  49.00
Cell [6,110]: 545.00  1388.00  567.00  167.00  78.00  26.00  56.00  129.00  753.00
Cell [6,111]: 399.00  116.00  578.00  138.00  94.00  76.00  16.00  531.00  450.00
Cell [6,112]: 40.00  68.00  57.00  0.00  0.00  0.00  0.00  0.00  9.00
Cell [6,113]: 114.00  228.00  12.00  0.00  0.00  0.00  0.00  0.00  0.00
Cell [6,114]: 186.00  151.00  6.00  0.00  0.00  0.00  0.00  0.00  0.00
Cell [6,115]: 0.00  0.00  1.00  4.00  3.00  0.00  7.00  39.00  138.00
Cell [6,116]: 152.00  60.00  6.00  4.00  6.00  0.00  10.00  4.00  2.00
Cell [6,117]: 432.00  18.00  0.00  0.00  0.00  0.00  0.00  0.00  64.00
Cell [6,118]: 65.00  71.00  2.00  2.00  0.00  0.00  3.00  43.00  105.00
Cell [6,119]: 74.00  143.00  5.00  1.00  2.00  2.00  0.00  2.00  8.00
Cell [6,120]: 522.00  298.00  0.00  0.00  0.00  0.00  0.00  0.00  0.00
Cell [6,121]: 67.00  104.00  47.00  26.00  12.00  40.00  67.00  49.00  0.00
Cell [6,122]: 0.00  0.00  0.00  0.00  0.00  0.00  41.00  511.00  74.00
Cell [6,123]: 0.00  0.00  0.00  0.00  0.00  0.00  62.00  210.00  49.00
Cell [6,124]: 0.00  0.00  0.00  0.00  0.00  0.00  15.00  215.00  63.00
Cell [6,125]: 0.00  0.00  7.00  50.00  83.00  21.00  2.00  2.00  2.00
Cell [6,126]: 0.00  17.00  65.00  108.00  46.00  0.00  0.00  0.00  0.00
Cell [6,127]: 0.00  0.00  5.00  23.00  102.00  29.00  0.00  0.00  0.00
Cell [7,0]: 13.00  2.00  0.00  0.00  1.00  13.00  31.00  54.00  39.00
Cell [7,1]: 3.00  3.00  0.00  0.00  0.00  8.00  19.00  40.00  3.00
Cell [7,2]: 0.00  0.00  0.00  0.00  1.00  8.00  10.00  4.00  0.00
Cell [7,3]: 0.00  0.00  0.00  0.00  0.00  0.00  1.00  43.00  71.00
Cell [7,4]: 0.00  0.00  0.00  0.00  0.00  0.00  0.00  83.00  120.00
Cell [7,5]: 169.00  6.00  0.00  0.00  0.00  1.00  8.00  21.00  18.00
Cell [7,6]: 1241.00  0.00  0.00  0.00  0.00  0.00  0.00  0.00  0.00
Cell [7,7]: 757.00  49.00  6.00  0.00  0.00  0.00  0.00  0.00  0.00
Cell [7,8]: 0.00  0.00  2.00  8.00  13.00  13.00  58.00  56.00  8.00
Cell [7,9]: 70.00  54.00  7.00  8.00  0.00  0.00  0.00  6.00  12.00
Cell [7,10]: 102.00  0.00  0.00  0.00  4.00  16.00  21.00  24.00  37.00
Cell [7,11]: 121.00  165.00  75.00  20.00  15.00  3.00  0.00  1.00  2.00
Cell [7,12]: 53.00  141.00  78.00  8.00  0.00  0.00  0.00  0.00  0.00
Cell [7,13]: 3.00  1.00  10.00  15.00  47.00  21.00  30.00  23.00  5.00
Cell [7,14]: 6.00  0.00  0.00  0.00  0.00  0.00  24.00  160.00  101.00
Cell [7,15]: 3.00  0.00  0.00  0.00  0.00  0.00  35.00  79.00  54.00
Cell [7,16]: 0.00  0.00  0.00  25.00  114.00  80.00  66.00  87.00  15.00
Cell [7,17]: 0.00  0.00  145.00  261.00  8.00  29.00  40.00  157.00  0.00
Cell [7,18]: 107.00  28.00  20.00  22.00  0.00  31.00  89.00  968.00  811.00
Cell [7,19]: 4.00  0.00  125.00  187.00  550.00  275.00  280.00  171.00  37.00
Cell [7,20]: 1282.00  444.00  204.00  498.00  141.00  0.00  148.00  456.00  388.00
Cell [7,21]: 497.00  71.00  0.00  86.00  91.00  431.00  815.00  3147.00  273.00
Cell [7,22]: 0.00  464.00  287.00  1963.00  970.00  296.00  0.00  0.00  0.00
Cell [7,23]: 71.00  1703.00  845.00  62.00  23.00  125.00  202.00  76.00  90.00
Cell [7,24]: 894.00  14.00  51.00  0.00  2.00  0.00  0.00  62.00  211.00
Cell [7,25]: 0.00  211.00  40.00  0.00  0.00  0.00  0.00  0.00  0.00
Cell [7,26]: 0.00  175.00  26.00  4.00  10.00  4.00  14.00  14.00  0.00
Cell [7,27]: 4.00  25.00  24.00  14.00  2.00  8.00  22.00  114.00  0.00
Cell [7,28]: 193.00  211.00  0.00  0.00  0.00  0.00  0.00  0.00  0.00
Cell [7,29]: 131.00  52.00  0.00  2.00  0.00  0.00  0.00  1.00  7.00
Cell [7,30]: 505.00  62.00  0.00  0.00  0.00  0.00  0.00  0.00  12.00
Cell [7,31]: 138.00  157.00  43.00  0.00  19.00  26.00  36.00  66.00  0.00
Cell [7,32]: 0.00  0.00  0.00  0.00  0.00  0.00  44.00  376.00  104.00
Cell [7,33]: 0.00  0.00  0.00  0.00  0.00  0.00  0.00  239.00  136.00
Cell [7,34]: 0.00  0.00  0.00  7.00  12.00  13.00  28.00  132.00  14.00
Cell [7,35]: 2.00  2.00  3.00  34.00  126.00  0.00  2.00  1.00  2.00
Cell [7,36]: 6.00  7.00  40.00  17.00  19.00  3.00  19.00  9.00  0.00
Cell [7,37]: 6.00  4.00  1.00  3.00  13.00  27.00  89.00  124.00  15.00
Cell [7,38]: 0.00  0.00  0.00  11.00  84.00  404.00  244.00  16.00  0.00
Cell [7,39]: 36.00  19.00  15.00  5.00  90.00  89.00  109.00  61.00  0.00
Cell [7,40]: 273.00  3.00  3.00  0.00  0.00  0.00  0.00  20.00  2809.00
Cell [7,41]: 97.00  77.00  17.00  9.00  11.00  0.00  0.00  0.00  0.00
Cell [7,42]: 18.00  0.00  0.00  0.00  10.00  11.00  27.00  69.00  82.00
Cell [7,43]: 4.00  0.00  0.00  5.00  9.00  4.00  10.00  34.00  61.00
Cell [7,44]: 2.00  0.00  0.00  1.00  6.00  11.00  9.00  5.00  9.00
Cell [7,45]: 1.00  2.00  9.00  3.00  3.00  5.00  4.00  9.00  38.00
Cell [7,46]: 24.00  0.00  0.00  0.00  0.00  0.00  0.00  88.00  206.00
Cell [7,47]: 2.00  0.00  0.00  0.00  3.00  6.00  15.00  52.00  56.00
Cell [7,48]: 852.00  10.00  0.00  1.00  3.00  0.00  0.00  0.00  0.00
Cell [7,49]: 1423.00  0.00  0.00  0.00  0.00  0.00  0.00  0.00  0.00
Cell [7,50]: 221.00  46.00  27.00  0.00  0.00  21.00  17.00  95.00  13.00
Cell [7,51]: 28.00  33.00  5.00  8.00  5.00  8.00  14.00  106.00  38.00
Cell [7,52]: 117.00  14.00  0.00  0.00  0.00  1.00  1.00  7.00  110.00
Cell [7,53]: 125.00  9.00  45.00  32.00  13.00  13.00  15.00  35.00  93.00
Cell [7,54]: 275.00  322.00  50.00  0.00  0.00  0.00  0.00  4.00  31.00
Cell [7,55]: 5.00  49.00  95.00  19.00  4.00  3.00  0.00  1.00  1.00
Cell [7,56]: 0.00  0.00  1.00  2.00  18.00  19.00  26.00  132.00  127.00
Cell [7,57]: 3.00  1.00  2.00  2.00  1.00  0.00  10.00  99.00  237.00
Cell [7,58]: 21.00  2.00  0.00  0.00  0.00  0.00  36.00  52.00  193.00
Cell [7,59]: 0.00  8.00  182.00  122.00  54.00  84.00  90.00  69.00  21.00
Cell [7,60]: 47.00  227.00  294.00  11.00  0.00  9.00  50.00  208.00  96.00
Cell [7,61]: 111.00  0.00  15.00  11.00  0.00  41.00  76.00  1238.00  1298.00
Cell [7,62]: 0.00  5.00  73.00  234.00  860.00  199.00  214.00  320.00  52.00
Cell [7,63]: 1328.00  483.00  267.00  649.00  165.00  87.00  112.00  464.00  346.00
Cell [7,64]: 546.00  44.00  51.00  0.00  108.00  518.00  854.00  3066.00  1286.00
Cell [7,65]: 319.00  131.00  226.00  2237.00  1207.00  292.00  0.00  0.00  39.00
Cell [7,66]: 864.00  1401.00  834.00  431.00  0.00  50.00  169.00  71.00  102.00
Cell [7,67]: 1173.00  57.00  38.00  20.00  7.00  7.00  0.00  65.00  412.00
Cell [7,68]: 85.00  55.00  13.00  17.00  23.00  22.00  6.00  0.00  0.00
Cell [7,69]: 301.00  131.00  1.00  0.00  0.00  0.00  0.00  0.00  0.00
Cell [7,70]: 44.00  0.00  2.00  3.00  2.00  1.00  1.00  36.00  351.00
Cell [7,71]: 507.00  48.00  9.00  0.00  0.00  10.00  0.00  0.00  10.00
Cell [7,72]: 218.00  60.00  0.00  0.00  0.00  0.00  0.00  0.00  113.00
Cell [7,73]: 227.00  99.00  0.00  3.00  0.00  0.00  3.00  2.00  26.00
Cell [7,74]: 594.00  284.00  15.00  0.00  0.00  0.00  0.00  0.00  50.00
Cell [7,75]: 0.00  0.00  10.00  9.00  21.00  3.00  40.00  413.00  238.00
Cell [7,76]: 0.00  0.00  0.00  0.00  0.00  0.00  19.00  227.00  219.00
Cell [7,77]: 77.00  15.00  0.00  0.00  0.00  0.00  39.00  143.00  134.00
Cell [7,78]: 4.00  2.00  2.00  21.00  48.00  79.00  14.00  6.00  6.00
Cell [7,79]: 18.00  13.00  21.00  28.00  23.00  22.00  12.00  10.00  17.00
Cell [7,80]: 30.00  43.00  14.00  9.00  2.00  8.00  5.00  4.00  23.00
Cell [7,81]: 0.00  7.00  9.00  11.00  18.00  74.00  363.00  147.00  41.00
Cell [7,82]: 0.00  0.00  99.00  176.00  188.00  310.00  94.00  41.00  0.00
Cell [7,83]: 241.00  10.00  0.00  3.00  8.00  2.00  42.00  91.00  410.00
Cell [7,84]: 301.00  21.00  12.00  0.00  10.00  6.00  14.00  91.00  272.00
Cell [7,85]: 36.00  10.00  13.00  20.00  15.00  28.00  8.00  145.00  132.00
Cell [7,86]: 5.00  6.00  6.00  31.00  16.00  15.00  31.00  45.00  18.00
Cell [7,87]: 533.00  16.00  14.00  0.00  0.00  0.00  0.00  0.00  3954.00
Cell [7,88]: 1057.00  0.00  0.00  0.00  0.00  0.00  0.00  0.00  0.00
Cell [7,89]: 441.00  20.00  5.00  0.00  6.00  0.00  0.00  0.00  0.00
Cell [7,90]: 132.00  4.00  0.00  0.00  0.00  0.00  21.00  54.00  51.00
Cell [7,91]: 40.00  15.00  5.00  3.00  7.00  4.00  23.00  79.00  8.00
Cell [7,92]: 11.00  1.00  0.00  0.00  3.00  4.00  57.00  84.00  13.00
Cell [7,93]: 26.00  11.00  4.00  10.00  3.00  13.00  24.00  40.00  19.00
Cell [7,94]: 104.00  85.00  37.00  0.00  0.00  0.00  0.00  12.00  72.00
Cell [7,95]: 73.00  51.00  0.00  6.00  7.00  2.00  15.00  58.00  25.00
Cell [7,96]: 4.00  0.00  0.00  57.00  80.00  3.00  3.00  3.00  3.00
Cell [7,97]: 6.00  0.00  38.00  43.00  88.00  46.00  4.00  1.00  12.00
Cell [7,98]: 26.00  20.00  71.00  96.00  30.00  0.00  0.00  0.00  98.00
Cell [7,99]: 20.00  10.00  10.00  13.00  6.00  2.00  1.00  11.00  24.00
Cell [7,100]: 8.00  6.00  0.00  1.00  4.00  18.00  21.00  29.00  16.00
Cell [7,101]: 9.00  15.00  55.00  54.00  44.00  36.00  4.00  0.00  0.00
Cell [7,102]: 36.00  101.00  74.00  2.00  3.00  0.00  21.00  290.00  118.00
Cell [7,103]: 94.00  25.00  13.00  4.00  10.00  0.00  76.00  821.00  1651.00
Cell [7,104]: 2.00  2.00  0.00  2.00  155.00  345.00  287.00  438.00  604.00
Cell [7,105]: 0.00  2.00  49.00  400.00  480.00  33.00  11.00  0.00  3.00
Cell [7,106]: 2849.00  350.00  166.00  75.00  0.00  0.00  0.00  0.00  832.00
Cell [7,107]: 745.00  66.00  16.00  22.00  0.00  0.00  23.00  3884.00  1637.00
Cell [7,108]: 27.00  28.00  50.00  88.00  600.00  255.00  545.00  574.00  1.00
Cell [7,109]: 649.00  467.00  505.00  1056.00  0.00  0.00  0.00  0.00  81.00
Cell [7,110]: 1608.00  1143.00  474.00  0.00  0.00  80.00  391.00  317.00  176.00
Cell [7,111]: 971.00  101.00  28.00  30.00  81.00  70.00  76.00  237.00  222.00
Cell [7,112]: 156.00  78.00  0.00  0.00  0.00  0.00  0.00  0.00  0.00
Cell [7,113]: 282.00  46.00  0.00  0.00  0.00  0.00  0.00  0.00  0.00
Cell [7,114]: 246.00  4.00  1.00  0.00  0.00  0.00  0.00  0.00  18.00
Cell [7,115]: 84.00  0.00  0.00  0.00  0.00  2.00  0.00  4.00  94.00
Cell [7,116]: 158.00  12.00  1.00  0.00  1.00  0.00  1.00  0.00  100.00
Cell [7,117]: 343.00  68.00  0.00  0.00  0.00  0.00  0.00  0.00  10.00
Cell [7,118]: 155.00  12.00  0.00  0.00  0.00  1.00  1.00  2.00  28.00
Cell [7,119]: 166.00  55.00  2.00  2.00  0.00  0.00  0.00  2.00  134.00
Cell [7,120]: 367.00  180.00  0.00  0.00  0.00  0.00  0.00  0.00  294.00
Cell [7,121]: 121.00  130.00  36.00  37.00  30.00  67.00  17.00  0.00  71.00
Cell [7,122]: 0.00  0.00  0.00  0.00  0.00  18.00  332.00  468.00  0.00
Cell [7,123]: 0.00  0.00  0.00  0.00  0.00  0.00  25.00  264.00  319.00
Cell [7,124]: 122.00  19.00  7.00  0.00  0.00  0.00  3.00  8.00  84.00
Cell [7,125]: 68.00  27.00  16.00  15.00  5.00  5.00  5.00  6.00  43.00
Cell [7,126]: 14.00  24.00  38.00  192.00  39.00  0.00  0.00  0.00  15.00
Cell [7,127]: 0.00  0.00  0.00  0.00  52.00  94.00  52.00  34.00  14.00
Cell [8,0]: 17.00  0.00  0.00  0.00  0.00  0.00  4.00  25.00  157.00
Cell [8,1]: 0.00  1.00  1.00  3.00  13.00  5.00  5.00  16.00  3.00
Cell [8,2]: 0.00  0.00  2.00  2.00  6.00  27.00  23.00  0.00  0.00
Cell [8,3]: 0.00  0.00  0.00  0.00  0.00  9.00  16.00  37.00  47.00
Cell [8,4]: 0.00  0.00  0.00  0.00  0.00  0.00  0.00  62.00  166.00
Cell [8,5]: 221.00  8.00  1.00  0.00  0.00  0.00  4.00  13.00  34.00
Cell [8,6]: 1259.00  0.00  0.00  0.00  0.00  0.00  0.00  0.00  0.00
Cell [8,7]: 659.00  3.00  0.00  0.00  0.00  0.00  0.00  0.00  83.00
Cell [8,8]: 74.00  41.00  5.00  0.00  0.00  0.00  0.00  7.00  36.00
Cell [8,9]: 12.00  12.00  0.00  4.00  2.00  2.00  37.00  35.00  24.00
Cell [8,10]: 3.00  3.00  6.00  0.00  6.00  2.00  4.00  21.00  13.00
Cell [8,11]: 41.00  45.00  10.00  8.00  1.00  2.00  36.00  89.00  51.00
Cell [8,12]: 12.00  16.00  0.00  78.00  24.00  36.00  49.00  13.00  9.00
Cell [8,13]: 0.00  3.00  2.00  240.00  52.00  4.00  0.00  0.00  0.00
Cell [8,14]: 53.00  37.00  61.00  181.00  20.00  0.00  0.00  0.00  0.00
Cell [8,15]: 4.00  6.00  9.00  26.00  37.00  13.00  4.00  11.00  4.00
Cell [8,16]: 7.00  11.00  14.00  17.00  19.00  12.00  7.00  18.00  17.00
Cell [8,17]: 101.00  87.00  81.00  8.00  5.00  0.00  0.00  0.00  7.00
Cell [8,18]: 261.00  264.00  200.00  191.00  251.00  513.00  558.00  749.00  386.00
Cell [8,19]: 216.00  179.00  58.00  28.00  27.00  39.00  69.00  176.00  205.00
Cell [8,20]: 172.00  287.00  232.00  273.00  315.00  273.00  290.00  146.00  90.00
Cell [8,21]: 258.00  651.00  422.00  105.00  137.00  1050.00  1044.00  159.00  283.00
Cell [8,22]: 4.00  6.00  120.00  163.00  495.00  272.00  203.00  140.00  15.00
Cell [8,23]: 598.00  338.00  220.00  145.00  280.00  389.00  127.00  20.00  247.00
Cell [8,24]: 454.00  105.00  142.00  3.00  10.00  5.00  2.00  2.00  316.00
Cell [8,25]: 26.00  103.00  66.00  4.00  0.00  0.00  0.00  0.00  0.00
Cell [8,26]: 135.00  11.00  0.00  1.00  3.00  0.00  0.00  22.00  14.00
Cell [8,27]: 39.00  20.00  1.00  5.00  0.00  3.00  1.00  27.00  70.00
Cell [8,28]: 265.00  108.00  4.00  0.00  0.00  0.00  0.00  0.00  7.00
Cell [8,29]: 39.00  19.00  17.00  14.00  3.00  1.00  2.00  7.00  33.00
Cell [8,30]: 381.00  33.00  0.00  0.00  0.00  0.00  0.00  0.00  312.00
Cell [8,31]: 96.00  137.00  25.00  21.00  11.00  26.00  27.00  29.00  140.00
Cell [8,32]: 1.00  0.00  0.00  0.00  0.00  0.00  229.00  304.00  192.00
Cell [8,33]: 241.00  0.00  0.00  0.00  0.00  0.00  0.00  93.00  209.00
Cell [8,34]: 57.00  43.00  18.00  4.00  5.00  2.00  7.00  16.00  39.00
Cell [8,35]: 22.00  28.00  32.00  35.00  78.00  36.00  17.00  3.00  27.00
Cell [8,36]: 36.00  4.00  0.00  0.00  25.00  28.00  36.00  41.00  43.00
Cell [8,37]: 1.00  32.00  33.00  18.00  7.00  6.00  3.00  0.00  6.00
Cell [8,38]: 36.00  74.00  54.00  0.00  0.00  29.00  45.00  32.00  27.00
Cell [8,39]: 117.00  108.00  11.00  0.00  4.00  1.00  3.00  44.00  122.00
Cell [8,40]: 76.00  10.00  10.00  0.00  0.00  0.00  0.00  6.00  3014.00
Cell [8,41]: 159.00  48.00  4.00  2.00  0.00  0.00  0.00  0.00  16.00
Cell [8,42]: 88.00  10.00  0.00  0.00  0.00  0.00  5.00  23.00  168.00
Cell [8,43]: 41.00  17.00  13.00  19.00  5.00  3.00  6.00  11.00  20.00
Cell [8,44]: 0.00  2.00  24.00  15.00  30.00  28.00  6.00  1.00  0.00
Cell [8,45]: 0.00  0.00  0.00  0.00  7.00  19.00  16.00  16.00  6.00
Cell [8,46]: 21.00  0.00  0.00  0.00  0.00  0.00  0.00  36.00  241.00
Cell [8,47]: 0.00  0.00  0.00  0.00  5.00  19.00  15.00  47.00  67.00
Cell [8,48]: 953.00  13.00  3.00  4.00  0.00  0.00  0.00  0.00  0.00
Cell [8,49]: 1369.00  0.00  0.00  0.00  0.00  0.00  0.00  0.00  0.00
Cell [8,50]: 345.00  15.00  4.00  0.00  0.00  1.00  3.00  0.00  84.00
Cell [8,51]: 112.00  81.00  29.00  22.00  12.00  15.00  17.00  7.00  43.00
Cell [8,52]: 20.00  25.00  2.00  0.00  5.00  7.00  108.00  84.00  29.00
Cell [8,53]: 36.00  51.00  16.00  2.00  5.00  4.00  19.00  44.00  51.00
Cell [8,54]: 104.00  15.00  0.00  0.00  0.00  19.00  66.00  190.00  99.00
Cell [8,55]: 0.00  0.00  0.00  178.00  172.00  14.00  3.00  1.00  2.00
Cell [8,56]: 34.00  24.00  94.00  139.00  268.00  27.00  0.00  0.00  0.00
Cell [8,57]: 31.00  30.00  48.00  150.00  65.00  21.00  14.00  16.00  59.00
Cell [8,58]: 14.00  29.00  30.00  22.00  0.00  17.00  25.00  42.00  14.00
Cell [8,59]: 32.00  22.00  8.00  9.00  50.00  11.00  4.00  16.00  40.00
Cell [8,60]: 306.00  57.00  0.00  3.00  0.00  0.00  6.00  0.00  0.00
Cell [8,61]: 386.00  176.00  48.00  138.00  190.00  541.00  569.00  868.00  347.00
Cell [8,62]: 202.00  256.00  120.00  36.00  0.00  23.00  32.00  49.00  209.00
Cell [8,63]: 102.00  274.00  381.00  537.00  539.00  309.00  531.00  122.00  100.00
Cell [8,64]: 418.00  381.00  907.00  141.00  131.00  1336.00  964.00  114.00  208.00
Cell [8,65]: 0.00  9.00  0.00  171.00  573.00  492.00  395.00  219.00  8.00
Cell [8,66]: 718.00  263.00  216.00  179.00  632.00  216.00  147.00  133.00  59.00
Cell [8,67]: 684.00  139.00  136.00  100.00  86.00  18.00  14.00  35.00  247.00
Cell [8,68]: 81.00  47.00  16.00  4.00  39.00  7.00  10.00  0.00  0.00
Cell [8,69]: 253.00  11.00  1.00  0.00  0.00  0.00  0.00  2.00  61.00
Cell [8,70]: 131.00  2.00  0.00  0.00  0.00  0.00  0.00  11.00  263.00
Cell [8,71]: 503.00  1.00  6.00  0.00  0.00  0.00  0.00  1.00  81.00
Cell [8,72]: 116.00  96.00  0.00  0.00  0.00  0.00  0.00  0.00  46.00
Cell [8,73]: 167.00  127.00  8.00  6.00  0.00  6.00  1.00  11.00  193.00
Cell [8,74]: 203.00  318.00  57.00  0.00  0.00  0.00  0.00  114.00  298.00
Cell [8,75]: 8.00  14.00  12.00  36.00  32.00  38.00  234.00  297.00  79.00
Cell [8,76]: 89.00  0.00  0.00  0.00  0.00  0.00  110.00  433.00  310.00
Cell [8,77]: 269.00  23.00  14.00  1.00  7.00  0.00  0.00  42.00  84.00
Cell [8,78]: 33.00  43.00  41.00  76.00  44.00  9.00  8.00  26.00  53.00
Cell [8,79]: 5.00  0.00  8.00  29.00  158.00  85.00  100.00  60.00  17.00
Cell [8,80]: 17.00  14.00  0.00  6.00  14.00  26.00  11.00  28.00  73.00
Cell [8,81]: 33.00  75.00  57.00  15.00  2.00  16.00  0.00  1.00  0.00
Cell [8,82]: 55.00  78.00  89.00  100.00  0.00  65.00  81.00  69.00  78.00
Cell [8,83]: 776.00  18.00  1.00  0.00  1.00  0.00  0.00  16.00  105.00
Cell [8,84]: 619.00  11.00  6.00  0.00  0.00  3.00  2.00  44.00  35.00
Cell [8,85]: 0.00  0.00  0.00  57.00  26.00  33.00  36.00  129.00  6.00
Cell [8,86]: 9.00  4.00  4.00  17.00  11.00  13.00  23.00  32.00  19.00
Cell [8,87]: 1985.00  41.00  0.00  0.00  0.00  0.00  0.00  0.00  2313.00
Cell [8,88]: 994.00  0.00  0.00  0.00  0.00  0.00  0.00  0.00  0.00
Cell [8,89]: 193.00  7.00  0.00  0.00  2.00  0.00  2.00  2.00  195.00
Cell [8,90]: 97.00  52.00  0.00  0.00  0.00  0.00  55.00  36.00  43.00
Cell [8,91]: 23.00  43.00  42.00  13.00  11.00  6.00  10.00  15.00  31.00
Cell [8,92]: 35.00  100.00  19.00  8.00  1.00  0.00  0.00  0.00  21.00
Cell [8,93]: 0.00  0.00  0.00  0.00  1.00  3.00  2.00  75.00  26.00
Cell [8,94]: 0.00  0.00  0.00  0.00  0.00  2.00  15.00  162.00  5.00
Cell [8,95]: 0.00  0.00  0.00  27.00  49.00  39.00  66.00  101.00  0.00
Cell [8,96]: 1.00  5.00  11.00  162.00  18.00  4.00  9.00  2.00  2.00
Cell [8,97]: 6.00  10.00  64.00  89.00  110.00  0.00  10.00  8.00  14.00
Cell [8,98]: 9.00  17.00  80.00  44.00  122.00  0.00  0.00  0.00  8.00
Cell [8,99]: 0.00  0.00  0.00  0.00  53.00  58.00  131.00  14.00  0.00
Cell [8,100]: 0.00  0.00  42.00  46.00  66.00  12.00  2.00  0.00  0.00
Cell [8,101]: 0.00  0.00  0.00  0.00  32.00  36.00  40.00  60.00  41.00
Cell [8,102]: 134.00  73.00  10.00  3.00  0.00  4.00  5.00  0.00  118.00
Cell [8,103]: 62.00  66.00  40.00  32.00  0.00  440.00  344.00  1342.00  498.00
Cell [8,104]: 80.00  50.00  42.00  39.00  106.00  177.00  116.00  80.00  53.00
Cell [8,105]: 140.00  133.00  219.00  834.00  375.00  27.00  8.00  42.00  159.00
Cell [8,106]: 72.00  113.00  616.00  210.00  95.00  292.00  796.00  677.00  600.00
Cell [8,107]: 230.00  491.00  1286.00  515.00  557.00  399.00  722.00  548.00  380.00
Cell [8,108]: 0.00  0.00  0.00  265.00  2329.00  872.00  219.00  176.00  0.00
Cell [8,109]: 41.00  51.00  328.00  2204.00  35.00  29.00  23.00  10.00  21.00
Cell [8,110]: 346.00  299.00  262.00  215.00  175.00  252.00  184.00  190.00  114.00
Cell [8,111]: 1212.00  123.00  11.00  0.00  0.00  6.00  7.00  173.00  710.00
Cell [8,112]: 110.00  117.00  0.00  0.00  0.00  0.00  0.00  0.00  0.00
Cell [8,113]: 250.00  35.00  0.00  0.00  0.00  0.00  0.00  0.00  0.00
Cell [8,114]: 141.00  1.00  1.00  0.00  0.00  0.00  0.00  3.00  75.00
Cell [8,115]: 59.00  4.00  0.00  2.00  0.00  0.00  2.00  24.00  73.00
Cell [8,116]: 162.00  7.00  2.00  0.00  0.00  0.00  0.00  0.00  96.00
Cell [8,117]: 112.00  6.00  0.00  0.00  0.00  0.00  17.00  111.00  211.00
Cell [8,118]: 45.00  24.00  1.00  9.00  9.00  4.00  29.00  73.00  24.00
Cell [8,119]: 121.00  32.00  19.00  13.00  0.00  0.00  0.00  1.00  162.00
Cell [8,120]: 80.00  0.00  0.00  0.00  0.00  0.00  0.00  194.00  435.00
Cell [8,121]: 0.00  0.00  0.00  0.00  4.00  12.00  143.00  395.00  78.00
Cell [8,122]: 251.00  114.00  38.00  17.00  29.00  23.00  0.00  0.00  125.00
Cell [8,123]: 680.00  0.00  0.00  0.00  0.00  0.00  0.00  0.00  104.00
Cell [8,124]: 177.00  34.00  11.00  0.00  0.00  0.00  0.00  9.00  52.00
Cell [8,125]: 7.00  1.00  1.00  3.00  1.00  4.00  9.00  166.00  37.00
Cell [8,126]: 2.00  0.00  0.00  0.00  0.00  0.00  139.00  194.00  10.00
Cell [8,127]: 63.00  103.00  20.00  18.00  6.00  13.00  0.00  1.00  19.00
Cell [9,0]: 4.00  0.00  0.00  0.00  0.00  0.00  7.00  95.00  74.00
Cell [9,1]: 2.00  1.00  2.00  10.00  18.00  19.00  22.00  4.00  6.00
Cell [9,2]: 2.00  0.00  0.00  3.00  17.00  16.00  15.00  15.00  11.00
Cell [9,3]: 1.00  0.00  0.00  0.00  0.00  0.00  16.00  41.00  60.00
Cell [9,4]: 104.00  0.00  0.00  0.00  0.00  0.00  0.00  0.00  157.00
Cell [9,5]: 152.00  6.00  0.00  0.00  0.00  0.00  0.00  4.00  137.00
Cell [9,6]: 1139.00  0.00  0.00  0.00  0.00  0.00  0.00  0.00  150.00
Cell [9,7]: 549.00  40.00  0.00  0.00  0.00  0.00  0.00  0.00  144.00
Cell [9,8]: 0.00  0.00  19.00  14.00  17.00  147.00  34.00  21.00  4.00
Cell [9,9]: 0.00  9.00  37.00  67.00  72.00  28.00  0.00  0.00  0.00
Cell [9,10]: 2.00  1.00  2.00  12.00  26.00  16.00  27.00  37.00  5.00
Cell [9,11]: 13.00  17.00  27.00  12.00  10.00  3.00  39.00  43.00  13.00
Cell [9,12]: 15.00  25.00  49.00  42.00  6.00  8.00  30.00  13.00  9.00
Cell [9,13]: 9.00  9.00  28.00  17.00  81.00  90.00  63.00  12.00  4.00
Cell [9,14]: 4.00  13.00  22.00  18.00  14.00  3.00  218.00  25.00  12.00
Cell [9,15]: 0.00  0.00  0.00  2.00  52.00  44.00  12.00  1.00  0.00
Cell [9,16]: 0.00  0.00  0.00  0.00  3.00  44.00  34.00  72.00  6.00
Cell [9,17]: 0.00  0.00  0.00  0.00  0.00  0.00  0.00  129.00  237.00
Cell [9,18]: 265.00  325.00  306.00  637.00  128.00  139.00  55.00  166.00  526.00
Cell [9,19]: 166.00  62.00  20.00  39.00  34.00  62.00  91.00  92.00  77.00
Cell [9,20]: 151.00  498.00  483.00  453.00  51.00  27.00  17.00  54.00  302.00
Cell [9,21]: 159.00  568.00  1024.00  812.00  47.00  16.00  5.00  16.00  219.00
Cell [9,22]: 40.00  289.00  933.00  69.00  57.00  13.00  37.00  112.00  176.00
Cell [9,23]: 384.00  1584.00  246.00  126.00  354.00  176.00  56.00  87.00  0.00
Cell [9,24]: 319.00  25.00  42.00  19.00  0.00  14.00  31.00  72.00  137.00
Cell [9,25]: 17.00  68.00  35.00  4.00  0.00  0.00  0.00  0.00  0.00
Cell [9,26]: 89.00  45.00  1.00  3.00  2.00  0.00  3.00  19.00  9.00
Cell [9,27]: 28.00  0.00  2.00  0.00  0.00  0.00  1.00  44.00  81.00
Cell [9,28]: 54.00  0.00  0.00  0.00  0.00  0.00  65.00  149.00  91.00
Cell [9,29]: 8.00  3.00  20.00  28.00  5.00  16.00  55.00  18.00  39.00
Cell [9,30]: 87.00  25.00  4.00  0.00  0.00  0.00  0.00  0.00  452.00
Cell [9,31]: 0.00  0.00  0.00  0.00  0.00  58.00  100.00  316.00  100.00
Cell [9,32]: 343.00  158.00  58.00  46.00  41.00  0.00  0.00  0.00  30.00
Cell [9,33]: 633.00  0.00  0.00  0.00  0.00  0.00  0.00  0.00  0.00
Cell [9,34]: 79.00  23.00  4.00  6.00  4.00  10.00  42.00  43.00  4.00
Cell [9,35]: 0.00  2.00  3.00  19.00  18.00  13.00  34.00  216.00  17.00
Cell [9,36]: 89.00  214.00  34.00  0.00  0.00  0.00  0.00  0.00  7.00
Cell [9,37]: 0.00  52.00  47.00  22.00  9.00  10.00  14.00  46.00  4.00
Cell [9,38]: 117.00  121.00  0.00  0.00  0.00  0.00  0.00  20.00  328.00
Cell [9,39]: 40.00  75.00  88.00  4.00  6.00  8.00  4.00  23.00  197.00
Cell [9,40]: 777.00  8.00  0.00  0.00  0.00  0.00  0.00  15.00  2436.00
Cell [9,41]: 83.00  53.00  0.00  0.00  0.00  0.00  3.00  15.00  35.00
Cell [9,42]: 27.00  3.00  1.00  0.00  0.00  0.00  4.00  113.00  101.00
Cell [9,43]: 15.00  2.00  1.00  22.00  36.00  13.00  29.00  15.00  7.00
Cell [9,44]: 0.00  0.00  5.00  25.00  21.00  26.00  9.00  4.00  5.00
Cell [9,45]: 0.00  0.00  0.00  0.00  0.00  13.00  35.00  12.00  30.00
Cell [9,46]: 46.00  0.00  0.00  0.00  0.00  0.00  0.00  84.00  167.00
Cell [9,47]: 102.00  15.00  7.00  0.00  4.00  0.00  0.00  18.00  56.00
Cell [9,48]: 434.00  0.00  0.00  0.00  0.00  0.00  0.00  11.00  618.00
Cell [9,49]: 683.00  0.00  0.00  0.00  0.00  0.00  0.00  0.00  600.00
Cell [9,50]: 154.00  7.00  14.00  6.00  3.00  50.00  36.00  18.00  106.00
Cell [9,51]: 0.00  0.00  6.00  56.00  141.00  155.00  35.00  27.00  22.00
Cell [9,52]: 0.00  0.00  73.00  136.00  33.00  9.00  4.00  21.00  3.00
Cell [9,53]: 5.00  0.00  0.00  0.00  9.00  15.00  67.00  96.00  32.00
Cell [9,54]: 18.00  17.00  42.00  27.00  21.00  30.00  101.00  68.00  19.00
Cell [9,55]: 2.00  11.00  75.00  145.00  59.00  10.00  4.00  2.00  1.00
Cell [9,56]: 13.00  25.00  35.00  30.00  93.00  89.00  202.00  39.00  10.00
Cell [9,57]: 7.00  5.00  15.00  37.00  42.00  47.00  245.00  22.00  6.00
Cell [9,58]: 8.00  13.00  28.00  73.00  24.00  33.00  74.00  22.00  12.00
Cell [9,59]: 0.00  0.00  0.00  0.00  39.00  29.00  26.00  85.00  188.00
Cell [9,60]: 156.00  61.00  0.00  4.00  0.00  0.00  0.00  19.00  292.00
Cell [9,61]: 142.00  584.00  351.00  349.00  365.00  24.00  122.00  662.00  520.00
Cell [9,62]: 154.00  50.00  79.00  94.00  74.00  84.00  90.00  27.00  111.00
Cell [9,63]: 339.00  527.00  719.00  136.00  5.00  7.00  33.00  94.00  416.00
Cell [9,64]: 432.00  117.00  1099.00  1083.00  69.00  23.00  14.00  351.00  97.00
Cell [9,65]: 109.00  164.00  887.00  157.00  81.00  30.00  42.00  125.00  216.00
Cell [9,66]: 649.00  1961.00  80.00  111.00  169.00  191.00  91.00  36.00  95.00
Cell [9,67]: 371.00  232.00  46.00  25.00  11.00  33.00  56.00  150.00  234.00
Cell [9,68]: 69.00  18.00  11.00  0.00  7.00  25.00  51.00  0.00  0.00
Cell [9,69]: 187.00  12.00  3.00  0.00  0.00  0.00  0.00  0.00  81.00
Cell [9,70]: 1.00  0.00  0.00  0.00  0.00  2.00  7.00  23.00  340.00
Cell [9,71]: 187.00  32.00  3.00  3.00  0.00  0.00  26.00  66.00  207.00
Cell [9,72]: 19.00  10.00  2.00  0.00  0.00  163.00  96.00  42.00  32.00
Cell [9,73]: 122.00  69.00  40.00  16.00  23.00  39.00  1.00  6.00  153.00
Cell [9,74]: 85.00  0.00  0.00  0.00  0.00  0.00  0.00  421.00  296.00
Cell [9,75]: 44.00  66.00  103.00  82.00  32.00  52.00  95.00  179.00  30.00
Cell [9,76]: 834.00  215.00  0.00  0.00  0.00  0.00  0.00  0.00  117.00
Cell [9,77]: 265.00  56.00  3.00  4.00  0.00  0.00  0.00  26.00  67.00
Cell [9,78]: 3.00  3.00  0.00  1.00  1.00  0.00  49.00  253.00  48.00
Cell [9,79]: 53.00  100.00  31.00  22.00  24.00  33.00  64.00  59.00  40.00
Cell [9,80]: 178.00  94.00  101.00  3.00  0.00  0.00  0.00  0.00  9.00
Cell [9,81]: 20.00  25.00  48.00  17.00  0.00  8.00  17.00  96.00  104.00
Cell [9,82]: 105.00  91.00  237.00  106.00  0.00  0.00  0.00  17.00  276.00
Cell [9,83]: 339.00  63.00  56.00  9.00  6.00  4.00  4.00  10.00  409.00
Cell [9,84]: 322.00  34.00  4.00  1.00  7.00  0.00  17.00  18.00  217.00
Cell [9,85]: 13.00  10.00  5.00  5.00  4.00  59.00  26.00  27.00  7.00
Cell [9,86]: 0.00  1.00  0.00  1.00  3.00  83.00  122.00  48.00  10.00
Cell [9,87]: 291.00  3.00  0.00  0.00  0.00  0.00  0.00  53.00  4034.00
Cell [9,88]: 686.00  0.00  0.00  0.00  0.00  0.00  0.00  0.00  272.00
Cell [9,89]: 386.00  31.00  11.00  12.00  4.00  0.00  0.00  0.00  0.00
Cell [9,90]: 0.00  0.00  0.00  0.00  0.00  78.00  170.00  0.00  0.00
Cell [9,91]: 0.00  0.00  5.00  71.00  106.00  86.00  2.00  0.00  0.00
Cell [9,92]: 2.00  23.00  25.00  43.00  5.00  3.00  2.00  2.00  2.00
Cell [9,93]: 1.00  0.00  0.00  0.00  1.00  11.00  35.00  77.00  3.00
Cell [9,94]: 6.00  2.00  7.00  32.00  36.00  18.00  11.00  26.00  24.00
Cell [9,95]: 17.00  57.00  66.00  63.00  0.00  4.00  7.00  6.00  20.00
Cell [9,96]: 1.00  8.00  98.00  95.00  53.00  21.00  4.00  1.00  0.00
Cell [9,97]: 0.00  0.00  0.00  0.00  95.00  220.00  119.00  5.00  0.00
Cell [9,98]: 0.00  0.00  0.00  0.00  0.00  185.00  216.00  28.00  0.00
Cell [9,99]: 7.00  15.00  8.00  2.00  1.00  21.00  107.00  16.00  2.00
Cell [9,100]: 5.00  9.00  20.00  18.00  21.00  6.00  7.00  5.00  15.00
Cell [9,101]: 20.00  1.00  1.00  0.00  0.00  8.00  13.00  46.00  135.00
Cell [9,102]: 179.00  0.00  0.00  0.00  0.00  0.00  0.00  0.00  350.00
Cell [9,103]: 597.00  715.00  826.00  410.00  554.00  467.00  386.00  401.00  513.00
Cell [9,104]: 445.00  260.00  25.00  18.00  14.00  27.00  20.00  108.00  591.00
Cell [9,105]: 28.00  57.00  0.00  68.00  63.00  84.00  105.00  233.00  363.00
Cell [9,106]: 70.00  191.00  403.00  1009.00  324.00  566.00  325.00  49.00  173.00
Cell [9,107]: 100.00  57.00  163.00  917.00  487.00  2468.00  181.00  264.00  63.00
Cell [9,108]: 82.00  62.00  67.00  76.00  194.00  989.00  245.00  295.00  90.00
Cell [9,109]: 86.00  240.00  182.00  70.00  22.00  24.00  31.00  18.00  36.00
Cell [9,110]: 607.00  1117.00  293.00  383.00  846.00  137.00  10.00  67.00  73.00
Cell [9,111]: 157.00  165.00  146.00  202.00  151.00  130.00  33.00  84.00  76.00
Cell [9,112]: 0.00  166.00  29.00  0.00  0.00  0.00  0.00  0.00  0.00
Cell [9,113]: 210.00  30.00  17.00  0.00  0.00  0.00  0.00  0.00  0.00
Cell [9,114]: 166.00  4.00  0.00  0.00  0.00  0.00  0.00  0.00  39.00
Cell [9,115]: 17.00  3.00  1.00  2.00  0.00  3.00  5.00  37.00  95.00
Cell [9,116]: 19.00  5.00  3.00  2.00  2.00  4.00  3.00  55.00  97.00
Cell [9,117]: 0.00  0.00  0.00  0.00  0.00  0.00  172.00  156.00  42.00
Cell [9,118]: 3.00  4.00  0.00  10.00  25.00  50.00  129.00  42.00  32.00
Cell [9,119]: 53.00  81.00  86.00  51.00  9.00  1.00  1.00  0.00  11.00
Cell [9,120]: 170.00  20.00  0.00  0.00  0.00  0.00  0.00  25.00  200.00
Cell [9,121]: 5.00  0.00  0.00  0.00  0.00  60.00  138.00  178.00  26.00
Cell [9,122]: 15.00  201.00  154.00  72.00  82.00  15.00  0.00  0.00  0.00
Cell [9,123]: 407.00  0.00  0.00  0.00  0.00  0.00  0.00  0.00  167.00
Cell [9,124]: 55.00  18.00  0.00  0.00  0.00  0.00  0.00  0.00  196.00
Cell [9,125]: 40.00  21.00  14.00  1.00  0.00  0.00  3.00  61.00  32.00
Cell [9,126]: 15.00  0.00  0.00  0.00  0.00  0.00  104.00  63.00  86.00
Cell [9,127]: 60.00  44.00  20.00  4.00  8.00  10.00  14.00  5.00  16.00
Cell [10,0]: 138.00  7.00  0.00  0.00  0.00  0.00  1.00  6.00  34.00
Cell [10,1]: 21.00  14.00  6.00  1.00  0.00  0.00  1.00  0.00  3.00
Cell [10,2]: 0.00  0.00  0.00  0.00  0.00  0.00  5.00  33.00  14.00
Cell [10,3]: 0.00  0.00  0.00  0.00  0.00  0.00  18.00  46.00  48.00
Cell [10,4]: 0.00  0.00  0.00  0.00  0.00  0.00  0.00  50.00  229.00
Cell [10,5]: 233.00  26.00  8.00  0.00  10.00  5.00  14.00  38.00  10.00
Cell [10,6]: 1349.00  0.00  0.00  0.00  0.00  0.00  0.00  0.00  0.00
Cell [10,7]: 744.00  33.00  0.00  0.00  0.00  0.00  0.00  0.00  10.00
Cell [10,8]: 6.00  16.00  16.00  8.00  12.00  25.00  10.00  17.00  10.00
Cell [10,9]: 37.00  3.00  0.00  0.00  0.00  10.00  7.00  4.00  24.00
Cell [10,10]: 0.00  31.00  20.00  14.00  12.00  11.00  12.00  0.00  0.00
Cell [10,11]: 0.00  6.00  81.00  122.00  47.00  9.00  0.00  0.00  0.00
Cell [10,12]: 0.00  54.00  148.00  55.00  0.00  0.00  0.00  0.00  0.00
Cell [10,13]: 2.00  1.00  54.00  36.00  37.00  71.00  7.00  0.00  2.00
Cell [10,14]: 3.00  0.00  0.00  0.00  0.00  0.00  155.00  236.00  100.00
Cell [10,15]: 0.00  0.00  0.00  0.00  0.00  1.00  100.00  94.00  6.00
Cell [10,16]: 23.00  28.00  14.00  33.00  6.00  9.00  0.00  0.00  4.00
Cell [10,17]: 169.00  54.00  0.00  0.00  0.00  0.00  0.00  0.00  98.00
Cell [10,18]: 36.00  40.00  65.00  149.00  257.00  147.00  181.00  265.00  82.00
Cell [10,19]: 632.00  169.00  237.00  62.00  147.00  90.00  21.00  146.00  435.00
Cell [10,20]: 32.00  85.00  0.00  0.00  0.00  411.00  1063.00  252.00  38.00
Cell [10,21]: 117.00  755.00  447.00  38.00  386.00  1428.00  348.00  156.00  81.00
Cell [10,22]: 150.00  221.00  428.00  357.00  168.00  134.00  595.00  178.00  158.00
Cell [10,23]: 154.00  386.00  221.00  210.00  169.00  278.00  140.00  120.00  67.00
Cell [10,24]: 164.00  138.00  32.00  0.00  0.00  0.00  0.00  0.00  5.00
Cell [10,25]: 33.00  49.00  15.00  5.00  2.00  0.00  0.00  0.00  0.00
Cell [10,26]: 101.00  28.00  1.00  1.00  1.00  0.00  4.00  7.00  10.00
Cell [10,27]: 7.00  1.00  1.00  1.00  7.00  10.00  8.00  27.00  120.00
Cell [10,28]: 26.00  64.00  102.00  8.00  0.00  0.00  6.00  61.00  29.00
Cell [10,29]: 15.00  42.00  60.00  17.00  17.00  32.00  11.00  19.00  19.00
Cell [10,30]: 32.00  0.00  0.00  0.00  0.00  10.00  29.00  149.00  173.00
Cell [10,31]: 0.00  0.00  0.00  0.00  11.00  85.00  81.00  145.00  12.00
Cell [10,32]: 78.00  190.00  77.00  55.00  33.00  0.00  0.00  0.00  0.00
Cell [10,33]: 474.00  0.00  0.00  0.00  0.00  0.00  0.00  0.00  30.00
Cell [10,34]: 99.00  9.00  1.00  0.00  1.00  1.00  2.00  11.00  19.00
Cell [10,35]: 22.00  0.00  0.00  3.00  0.00  3.00  6.00  66.00  79.00
Cell [10,36]: 175.00  52.00  2.00  0.00  0.00  0.00  0.00  0.00  30.00
Cell [10,37]: 38.00  45.00  16.00  3.00  1.00  1.00  0.00  10.00  25.00
Cell [10,38]: 91.00  85.00  0.00  0.00  0.00  0.00  0.00  6.00  396.00
Cell [10,39]: 54.00  41.00  24.00  16.00  6.00  24.00  28.00  151.00  139.00
Cell [10,40]: 483.00  23.00  10.00  0.00  0.00  0.00  0.00  0.00  2621.00
Cell [10,41]: 91.00  40.00  0.00  0.00  0.00  0.00  0.00  0.00  24.00
Cell [10,42]: 224.00  7.00  0.00  0.00  0.00  0.00  0.00  0.00  28.00
Cell [10,43]: 45.00  91.00  4.00  1.00  1.00  1.00  0.00  3.00  7.00
Cell [10,44]: 0.00  6.00  9.00  4.00  3.00  1.00  3.00  30.00  36.00
Cell [10,45]: 0.00  0.00  0.00  0.00  0.00  24.00  22.00  9.00  22.00
Cell [10,46]: 0.00  0.00  0.00  0.00  0.00  0.00  0.00  11.00  297.00
Cell [10,47]: 0.00  0.00  0.00  2.00  9.00  14.00  13.00  65.00  151.00
Cell [10,48]: 1072.00  32.00  18.00  0.00  0.00  0.00  0.00  0.00  0.00
Cell [10,49]: 1335.00  0.00  0.00  0.00  0.00  0.00  0.00  0.00  0.00
Cell [10,50]: 173.00  14.00  9.00  26.00  0.00  10.00  11.00  17.00  43.00
Cell [10,51]: 14.00  56.00  47.00  0.00  3.00  26.00  19.00  6.00  6.00
Cell [10,52]: 20.00  32.00  17.00  21.00  26.00  6.00  7.00  10.00  19.00
Cell [10,53]: 0.00  9.00  11.00  35.00  81.00  30.00  22.00  17.00  0.00
Cell [10,54]: 0.00  32.00  176.00  117.00  11.00  0.00  0.00  0.00  0.00
Cell [10,55]: 21.00  51.00  119.00  110.00  0.00  0.00  0.00  0.00  0.00
Cell [10,56]: 0.00  4.00  11.00  20.00  76.00  40.00  134.00  69.00  37.00
Cell [10,57]: 0.00  0.00  0.00  0.00  8.00  8.00  123.00  327.00  141.00
Cell [10,58]: 6.00  5.00  21.00  23.00  22.00  6.00  15.00  62.00  9.00
Cell [10,59]: 49.00  48.00  15.00  2.00  10.00  4.00  11.00  16.00  116.00
Cell [10,60]: 116.00  0.00  0.00  0.00  0.00  0.00  0.00  125.00  357.00
Cell [10,61]: 38.00  22.00  67.00  271.00  238.00  192.00  276.00  603.00  57.00
Cell [10,62]: 261.00  186.00  164.00  115.00  43.00  149.00  133.00  348.00  1053.00
Cell [10,63]: 0.00  60.00  123.00  17.00  14.00  423.00  1054.00  277.00  5.00
Cell [10,64]: 211.00  1073.00  534.00  44.00  246.00  1824.00  477.00  82.00  147.00
Cell [10,65]: 71.00  165.00  268.00  827.00  93.00  219.00  541.00  209.00  107.00
Cell [10,66]: 229.00  299.00  270.00  89.00  229.00  174.00  279.00  262.00  272.00
Cell [10,67]: 49.00  388.00  14.00  0.00  3.00  3.00  1.00  4.00  65.00
Cell [10,68]: 29.00  24.00  4.00  5.00  1.00  4.00  9.00  18.00  17.00
Cell [10,69]: 208.00  16.00  0.00  0.00  0.00  0.00  0.00  0.00  16.00
Cell [10,70]: 219.00  0.00  1.00  1.00  0.00  0.00  0.00  6.00  160.00
Cell [10,71]: 28.00  117.00  31.00  2.00  3.00  3.00  86.00  47.00  31.00
Cell [10,72]: 20.00  51.00  218.00  23.00  0.00  15.00  56.00  36.00  20.00
Cell [10,73]: 49.00  31.00  10.00  9.00  37.00  47.00  161.00  13.00  22.00
Cell [10,74]: 32.00  0.00  0.00  0.00  0.00  0.00  114.00  203.00  86.00
Cell [10,75]: 0.00  30.00  221.00  63.00  45.00  54.00  70.00  4.00  3.00
Cell [10,76]: 322.00  140.00  0.00  0.00  0.00  0.00  0.00  0.00  203.00
Cell [10,77]: 90.00  40.00  0.00  0.00  0.00  0.00  0.00  0.00  328.00
Cell [10,78]: 65.00  16.00  9.00  4.00  7.00  1.00  7.00  35.00  102.00
Cell [10,79]: 104.00  0.00  1.00  0.00  0.00  0.00  0.00  1.00  145.00
Cell [10,80]: 135.00  16.00  8.00  0.00  0.00  0.00  9.00  27.00  123.00
Cell [10,81]: 27.00  22.00  31.00  67.00  16.00  5.00  9.00  44.00  39.00
Cell [10,82]: 77.00  49.00  0.00  0.00  0.00  0.00  0.00  122.00  674.00
Cell [10,83]: 356.00  54.00  9.00  12.00  0.00  15.00  23.00  31.00  275.00
Cell [10,84]: 226.00  23.00  3.00  9.00  0.00  0.00  13.00  42.00  394.00
Cell [10,85]: 37.00  51.00  7.00  0.00  4.00  2.00  8.00  17.00  33.00
Cell [10,86]: 10.00  6.00  4.00  4.00  0.00  4.00  12.00  24.00  21.00
Cell [10,87]: 217.00  5.00  0.00  0.00  0.00  0.00  0.00  0.00  4345.00
Cell [10,88]: 1042.00  0.00  0.00  0.00  0.00  0.00  0.00  0.00  0.00
Cell [10,89]: 381.00  16.00  4.00  0.00  0.00  2.00  2.00  4.00  7.00
Cell [10,90]: 7.00  4.00  2.00  6.00  3.00  11.00  22.00  21.00  8.00
Cell [10,91]: 18.00  32.00  25.00  0.00  7.00  19.00  7.00  7.00  11.00
Cell [10,92]: 18.00  15.00  15.00  4.00  0.00  2.00  0.00  11.00  8.00
Cell [10,93]: 3.00  22.00  18.00  14.00  27.00  32.00  6.00  0.00  4.00
Cell [10,94]: 0.00  0.00  35.00  124.00  66.00  3.00  0.00  0.00  0.00
Cell [10,95]: 6.00  35.00  142.00  17.00  1.00  0.00  0.00  1.00  3.00
Cell [10,96]: 58.00  54.00  77.00  35.00  0.00  0.00  0.00  0.00  0.00
Cell [10,97]: 15.00  15.00  16.00  33.00  26.00  92.00  28.00  18.00  14.00
Cell [10,98]: 0.00  0.00  0.00  0.00  0.00  8.00  170.00  166.00  76.00
Cell [10,99]: 0.00  0.00  3.00  5.00  17.00  23.00  41.00  114.00  100.00
Cell [10,100]: 1.00  3.00  5.00  7.00  11.00  10.00  37.00  58.00  15.00
Cell [10,101]: 123.00  45.00  31.00  15.00  0.00  0.00  0.00  0.00  0.00
Cell [10,102]: 515.00  0.00  0.00  0.00  0.00  0.00  0.00  0.00  42.00
Cell [10,103]: 395.00  383.00  178.00  353.00  276.00  3.00  58.00  538.00  755.00
Cell [10,104]: 221.00  108.00  140.00  30.00  38.00  51.00  25.00  303.00  368.00
Cell [10,105]: 115.00  15.00  7.00  7.00  32.00  90.00  212.00  58.00  103.00
Cell [10,106]: 74.00  484.00  389.00  808.00  28.00  127.00  222.00  203.00  48.00
Cell [10,107]: 82.00  183.00  627.00  1593.00  422.00  204.00  425.00  136.00  214.00
Cell [10,108]: 123.00  52.00  148.00  296.00  439.00  127.00  12.00  12.00  114.00
Cell [10,109]: 138.00  1244.00  658.00  95.00  21.00  18.00  22.00  43.00  112.00
Cell [10,110]: 831.00  1126.00  123.00  163.00  322.00  75.00  142.00  181.00  106.00
Cell [10,111]: 1020.00  0.00  0.00  0.00  0.00  163.00  144.00  158.00  411.00
Cell [10,112]: 51.00  33.00  0.00  0.00  0.00  0.00  0.00  9.00  77.00
Cell [10,113]: 83.00  13.00  0.00  0.00  0.00  0.00  9.00  12.00  65.00
Cell [10,114]: 73.00  9.00  0.00  0.00  0.00  0.00  0.00  0.00  137.00
Cell [10,115]: 82.00  4.00  0.00  0.00  0.00  2.00  4.00  10.00  61.00
Cell [10,116]: 29.00  33.00  35.00  16.00  10.00  11.00  5.00  11.00  43.00
Cell [10,117]: 56.00  200.00  98.00  0.00  0.00  0.00  0.00  0.00  29.00
Cell [10,118]: 30.00  104.00  158.00  0.00  0.00  0.00  0.00  0.00  6.00
Cell [10,119]: 0.00  0.00  0.00  10.00  13.00  13.00  38.00  202.00  51.00
Cell [10,120]: 0.00  0.00  0.00  0.00  0.00  0.00  0.00  119.00  215.00
Cell [10,121]: 9.00  1.00  0.00  1.00  4.00  4.00  4.00  34.00  93.00
Cell [10,122]: 64.00  120.00  29.00  12.00  0.00  0.00  0.00  0.00  0.00
Cell [10,123]: 346.00  4.00  0.00  0.00  0.00  0.00  0.00  0.00  33.00
Cell [10,124]: 215.00  0.00  0.00  0.00  0.00  0.00  0.00  0.00  129.00
Cell [10,125]: 54.00  28.00  5.00  4.00  0.00  6.00  3.00  5.00  23.00
Cell [10,126]: 117.00  87.00  9.00  0.00  0.00  0.00  0.00  0.00  9.00
Cell [10,127]: 14.00  15.00  6.00  0.00  0.00  4.00  4.00  25.00  51.00
Cell [11,0]: 6.00  2.00  0.00  0.00  0.00  3.00  6.00  24.00  115.00
Cell [11,1]: 3.00  1.00  2.00  6.00  4.00  3.00  3.00  6.00  2.00
Cell [11,2]: 12.00  6.00  0.00  0.00  0.00  0.00  0.00  1.00  17.00
Cell [11,3]: 29.00  0.00  1.00  0.00  0.00  0.00  0.00  12.00  34.00
Cell [11,4]: 34.00  0.00  0.00  0.00  0.00  0.00  0.00  7.00  210.00
Cell [11,5]: 284.00  10.00  0.00  0.00  0.00  1.00  0.00  13.00  14.00
Cell [11,6]: 1393.00  0.00  0.00  0.00  0.00  0.00  0.00  0.00  0.00
Cell [11,7]: 557.00  11.00  2.00  0.00  0.00  0.00  0.00  0.00  43.00
Cell [11,8]: 10.00  38.00  10.00  2.00  4.00  3.00  2.00  17.00  11.00
Cell [11,9]: 10.00  59.00  9.00  0.00  1.00  1.00  0.00  2.00  6.00
Cell [11,10]: 0.00  75.00  117.00  5.00  0.00  0.00  0.00  0.00  0.00
Cell [11,11]: 0.00  7.00  104.00  22.00  0.00  0.00  0.00  0.00  0.00
Cell [11,12]: 0.00  96.00  75.00  0.00  0.00  0.00  0.00  0.00  0.00
Cell [11,13]: 2.00  4.00  18.00  13.00  17.00  4.00  0.00  13.00  19.00
Cell [11,14]: 36.00  0.00  0.00  0.00  0.00  0.00  0.00  13.00  328.00
Cell [11,15]: 0.00  0.00  0.00  0.00  0.00  0.00  49.00  57.00  74.00
Cell [11,16]: 11.00  40.00  37.00  11.00  5.00  5.00  1.00  2.00  5.00
Cell [11,17]: 98.00  150.00  0.00  217.00  5.00  5.00  0.00  3.00  7.00
Cell [11,18]: 27.00  162.00  3106.00  23.00  0.00  0.00  3.00  0.00  2.00
Cell [11,19]: 434.00  476.00  258.00  587.00  264.00  94.00  8.00  34.00  91.00
Cell [11,20]: 231.00  955.00  189.00  305.00  187.00  0.00  0.00  0.00  0.00
Cell [11,21]: 1114.00  1438.00  82.00  0.00  0.00  0.00  0.00  0.00  96.00
Cell [11,22]: 298.00  92.00  127.00  26.00  16.00  2.00  0.00  88.00  1215.00
Cell [11,23]: 519.00  202.00  196.00  0.00  86.00  146.00  2099.00  459.00  2060.00
Cell [11,24]: 7.00  24.00  37.00  1.00  0.00  483.00  659.00  26.00  13.00
Cell [11,25]: 27.00  64.00  8.00  4.00  1.00  15.00  9.00  4.00  2.00
Cell [11,26]: 42.00  68.00  15.00  8.00  6.00  9.00  10.00  7.00  0.00
Cell [11,27]: 0.00  6.00  15.00  19.00  19.00  11.00  40.00  74.00  0.00
Cell [11,28]: 0.00  217.00  136.00  10.00  0.00  0.00  0.00  0.00  0.00
Cell [11,29]: 0.00  44.00  83.00  12.00  15.00  18.00  9.00  8.00  12.00
Cell [11,30]: 0.00  0.00  0.00  0.00  0.00  0.00  16.00  45.00  377.00
Cell [11,31]: 0.00  9.00  15.00  9.00  6.00  5.00  10.00  44.00  127.00
Cell [11,32]: 6.00  246.00  61.00  2.00  0.00  0.00  0.00  0.00  0.00
Cell [11,33]: 302.00  85.00  0.00  0.00  0.00  0.00  0.00  0.00  12.00
Cell [11,34]: 19.00  19.00  110.00  10.00  3.00  3.00  5.00  9.00  13.00
Cell [11,35]: 13.00  21.00  113.00  66.00  42.00  42.00  28.00  1.00  1.00
Cell [11,36]: 73.00  52.00  0.00  0.00  0.00  0.00  6.00  95.00  138.00
Cell [11,37]: 39.00  11.00  8.00  6.00  5.00  16.00  19.00  30.00  84.00
Cell [11,38]: 216.00  0.00  0.00  0.00  0.00  0.00  0.00  0.00  173.00
Cell [11,39]: 54.00  61.00  24.00  7.00  11.00  18.00  25.00  25.00  27.00
Cell [11,40]: 64.00  25.00  6.00  16.00  0.00  0.00  0.00  15.00  3058.00
Cell [11,41]: 4.00  102.00  47.00  3.00  4.00  8.00  2.00  8.00  0.00
Cell [11,42]: 29.00  0.00  0.00  0.00  0.00  0.00  0.00  58.00  226.00
Cell [11,43]: 67.00  12.00  4.00  5.00  2.00  6.00  9.00  6.00  10.00
Cell [11,44]: 30.00  15.00  0.00  0.00  0.00  0.00  2.00  16.00  15.00
Cell [11,45]: 5.00  13.00  6.00  3.00  7.00  0.00  1.00  4.00  12.00
Cell [11,46]: 24.00  0.00  0.00  0.00  0.00  0.00  0.00  5.00  248.00
Cell [11,47]: 68.00  4.00  0.00  0.00  1.00  1.00  1.00  14.00  100.00
Cell [11,48]: 1185.00  2.00  0.00  0.00  0.00  0.00  0.00  0.00  0.00
Cell [11,49]: 1196.00  0.00  0.00  0.00  0.00  0.00  0.00  0.00  0.00
Cell [11,50]: 34.00  25.00  9.00  3.00  17.00  21.00  7.00  6.00  43.00
Cell [11,51]: 88.00  55.00  3.00  1.00  0.00  1.00  2.00  4.00  42.00
Cell [11,52]: 56.00  132.00  60.00  3.00  1.00  0.00  0.00  1.00  2.00
Cell [11,53]: 0.00  33.00  29.00  16.00  9.00  2.00  0.00  0.00  0.00
Cell [11,54]: 41.00  70.00  30.00  9.00  2.00  0.00  0.00  0.00  0.00
Cell [11,55]: 84.00  44.00  38.00  11.00  5.00  0.00  0.00  0.00  0.00
Cell [11,56]: 174.00  15.00  2.00  0.00  1.00  0.00  1.00  1.00  34.00
Cell [11,57]: 196.00  0.00  0.00  0.00  0.00  0.00  4.00  16.00  239.00
Cell [11,58]: 2.00  0.00  8.00  13.00  2.00  9.00  7.00  46.00  56.00
Cell [11,59]: 156.00  72.00  14.00  7.00  6.00  7.00  1.00  1.00  2.00
Cell [11,60]: 90.00  291.00  9.00  228.00  11.00  2.00  0.00  1.00  31.00
Cell [11,61]: 29.00  292.00  3070.00  413.00  6.00  3.00  6.00  8.00  19.00
Cell [11,62]: 965.00  163.00  293.00  659.00  217.00  129.00  37.00  130.00  160.00
Cell [11,63]: 324.00  927.00  400.00  264.00  322.00  198.00  0.00  0.00  0.00
Cell [11,64]: 850.00  2074.00  0.00  0.00  0.00  0.00  0.00  1.00  8.00
Cell [11,65]: 228.00  63.00  137.00  10.00  0.00  1.00  0.00  5.00  633.00
Cell [11,66]: 788.00  230.00  134.00  157.00  92.00  257.00  1843.00  539.00  2745.00
Cell [11,67]: 39.00  17.00  8.00  12.00  10.00  228.00  762.00  210.00  63.00
Cell [11,68]: 7.00  21.00  42.00  3.00  8.00  22.00  28.00  6.00  10.00
Cell [11,69]: 113.00  83.00  10.00  5.00  0.00  0.00  0.00  0.00  0.00
Cell [11,70]: 9.00  0.00  0.00  0.00  10.00  22.00  50.00  113.00  119.00
Cell [11,71]: 121.00  260.00  90.00  18.00  19.00  4.00  3.00  0.00  0.00
Cell [11,72]: 49.00  62.00  137.00  4.00  0.00  0.00  0.00  3.00  16.00
Cell [11,73]: 91.00  6.00  0.00  5.00  0.00  8.00  34.00  52.00  91.00
Cell [11,74]: 115.00  0.00  0.00  0.00  0.00  0.00  0.00  36.00  306.00
Cell [11,75]: 113.00  126.00  9.00  4.00  8.00  0.00  8.00  8.00  53.00
Cell [11,76]: 158.00  289.00  0.00  0.00  0.00  0.00  0.00  0.00  0.00
Cell [11,77]: 275.00  0.00  0.00  6.00  2.00  1.00  8.00  15.00  111.00
Cell [11,78]: 0.00  158.00  250.00  95.00  2.00  1.00  1.00  0.00  0.00
Cell [11,79]: 77.00  29.00  19.00  24.00  34.00  27.00  32.00  56.00  92.00
Cell [11,80]: 185.00  24.00  15.00  9.00  11.00  3.00  0.00  0.00  151.00
Cell [11,81]: 25.00  22.00  14.00  12.00  1.00  2.00  54.00  165.00  118.00
Cell [11,82]: 94.00  75.00  1.00  3.00  0.00  1.00  4.00  98.00  129.00
Cell [11,83]: 395.00  54.00  35.00  7.00  21.00  20.00  68.00  39.00  5.00
Cell [11,84]: 531.00  20.00  0.00  0.00  1.00  0.00  0.00  1.00  21.00
Cell [11,85]: 113.00  5.00  2.00  0.00  0.00  2.00  2.00  38.00  45.00
Cell [11,86]: 21.00  6.00  3.00  3.00  2.00  5.00  30.00  65.00  7.00
Cell [11,87]: 195.00  41.00  0.00  0.00  0.00  0.00  0.00  0.00  4265.00
Cell [11,88]: 1070.00  0.00  0.00  0.00  0.00  0.00  0.00  0.00  0.00
Cell [11,89]: 157.00  0.00  0.00  1.00  0.00  1.00  3.00  4.00  42.00
Cell [11,90]: 3.00  39.00  12.00  12.00  1.00  0.00  0.00  1.00  2.00
Cell [11,91]: 31.00  91.00  20.00  0.00  0.00  0.00  0.00  0.00  6.00
Cell [11,92]: 122.00  39.00  0.00  0.00  0.00  0.00  0.00  0.00  6.00
Cell [11,93]: 8.00  46.00  27.00  36.00  11.00  0.00  0.00  0.00  0.00
Cell [11,94]: 1.00  14.00  39.00  17.00  6.00  0.00  0.00  0.00  0.00
Cell [11,95]: 1.00  34.00  69.00  20.00  0.00  0.00  0.00  0.00  2.00
Cell [11,96]: 52.00  108.00  7.00  2.00  0.00  0.00  0.00  0.00  3.00
Cell [11,97]: 126.00  12.00  4.00  1.00  0.00  2.00  1.00  2.00  26.00
Cell [11,98]: 167.00  29.00  0.00  0.00  0.00  0.00  0.00  4.00  78.00
Cell [11,99]: 63.00  3.00  5.00  6.00  9.00  5.00  5.00  5.00  133.00
Cell [11,100]: 0.00  0.00  12.00  10.00  6.00  15.00  43.00  38.00  34.00
Cell [11,101]: 93.00  33.00  38.00  3.00  0.00  0.00  0.00  0.00  20.00
Cell [11,102]: 428.00  0.00  0.00  0.00  0.00  0.00  0.00  0.00  79.00
Cell [11,103]: 63.00  10.00  2.00  29.00  157.00  302.00  345.00  489.00  823.00
Cell [11,104]: 292.00  63.00  221.00  758.00  286.00  47.00  45.00  215.00  1048.00
Cell [11,105]: 145.00  14.00  0.00  13.00  12.00  25.00  506.00  150.00  551.00
Cell [11,106]: 0.00  0.00  0.00  0.00  0.00  489.00  1442.00  337.00  293.00
Cell [11,107]: 0.00  0.00  1.00  0.00  17.00  2368.00  900.00  433.00  45.00
Cell [11,108]: 46.00  130.00  664.00  807.00  426.00  96.00  33.00  21.00  11.00
Cell [11,109]: 246.00  360.00  252.00  51.00  33.00  429.00  387.00  354.00  237.00
Cell [11,110]: 377.00  632.00  340.00  361.00  277.00  220.00  159.00  209.00  136.00
Cell [11,111]: 541.00  392.00  0.00  0.00  0.00  0.00  0.00  0.00  24.00
Cell [11,112]: 19.00  111.00  35.00  0.00  0.00  0.00  0.00  0.00  0.00
Cell [11,113]: 77.00  132.00  29.00  4.00  0.00  0.00  0.00  0.00  3.00
Cell [11,114]: 58.00  183.00  28.00  3.00  0.00  0.00  0.00  0.00  0.00
Cell [11,115]: 0.00  0.00  0.00  14.00  12.00  76.00  68.00  14.00  7.00
Cell [11,116]: 15.00  126.00  38.00  23.00  45.00  6.00  0.00  0.00  0.00
Cell [11,117]: 133.00  195.00  31.00  0.00  0.00  0.00  0.00  0.00  5.00
Cell [11,118]: 37.00  57.00  27.00  3.00  1.00  0.00  0.00  7.00  4.00
Cell [11,119]: 42.00  3.00  1.00  1.00  0.00  0.00  3.00  20.00  136.00
Cell [11,120]: 12.00  0.00  0.00  0.00  0.00  0.00  0.00  18.00  388.00
Cell [11,121]: 19.00  2.00  3.00  13.00  10.00  7.00  31.00  44.00  88.00
Cell [11,122]: 62.00  187.00  70.00  0.00  0.00  0.00  0.00  0.00  18.00
Cell [11,123]: 123.00  173.00  0.00  0.00  0.00  0.00  0.00  0.00  39.00
Cell [11,124]: 105.00  16.00  0.00  0.00  0.00  6.00  19.00  33.00  53.00
Cell [11,125]: 0.00  157.00  156.00  7.00  7.00  0.00  0.00  0.00  0.00
Cell [11,126]: 0.00  6.00  143.00  160.00  112.00  44.00  0.00  0.00  0.00
Cell [11,127]: 10.00  3.00  1.00  2.00  4.00  44.00  69.00  89.00  42.00
Cell [12,0]: 0.00  0.00  0.00  0.00  0.00  6.00  4.00  52.00  148.00
Cell [12,1]: 0.00  2.00  3.00  2.00  1.00  1.00  1.00  10.00  16.00
Cell [12,2]: 12.00  11.00  0.00  0.00  0.00  0.00  0.00  6.00  28.00
Cell [12,3]: 9.00  0.00  0.00  0.00  0.00  0.00  0.00  5.00  44.00
Cell [12,4]: 74.00  0.00  0.00  0.00  0.00  0.00  0.00  0.00  172.00
Cell [12,5]: 276.00  0.00  0.00  0.00  0.00  0.00  2.00  2.00  128.00
Cell [12,6]: 888.00  0.00  0.00  0.00  0.00  0.00  0.00  0.00  536.00
Cell [12,7]: 438.00  30.00  6.00  0.00  0.00  0.00  0.00  0.00  132.00
Cell [12,8]: 0.00  1.00  12.00  13.00  8.00  42.00  72.00  32.00  0.00
Cell [12,9]: 0.00  4.00  170.00  37.00  33.00  26.00  5.00  2.00  0.00
Cell [12,10]: 0.00  0.00  91.00  112.00  20.00  6.00  0.00  0.00  0.00
Cell [12,11]: 0.00  41.00  98.00  25.00  14.00  5.00  0.00  0.00  0.00
Cell [12,12]: 0.00  44.00  90.00  99.00  8.00  0.00  0.00  0.00  0.00
Cell [12,13]: 0.00  5.00  9.00  23.00  71.00  65.00  57.00  10.00  0.00
Cell [12,14]: 5.00  16.00  25.00  336.00  0.00  0.00  91.00  221.00  5.00
Cell [12,15]: 11.00  8.00  40.00  1078.00  0.00  0.00  77.00  76.00  26.00
Cell [12,16]: 0.00  5.00  37.00  2358.00  13.00  12.00  2.00  14.00  4.00
Cell [12,17]: 64.00  60.00  15.00  2726.00  88.00  0.00  13.00  8.00  6.00
Cell [12,18]: 365.00  500.00  567.00  58.00  1.00  12.00  13.00  20.00  60.00
Cell [12,19]: 704.00  742.00  212.00  191.00  105.00  43.00  0.00  0.00  118.00
Cell [12,20]: 179.00  1026.00  494.00  340.00  63.00  0.00  0.00  0.00  0.00
Cell [12,21]: 548.00  33.00  16.00  24.00  0.00  0.00  0.00  364.00  456.00
Cell [12,22]: 120.00  359.00  191.00  24.00  0.00  19.00  11.00  41.00  338.00
Cell [12,23]: 2212.00  280.00  0.00  0.00  7.00  0.00  76.00  474.00  2302.00
Cell [12,24]: 0.00  31.00  0.00  45.00  51.00  1091.00  352.00  1351.00  55.00
Cell [12,25]: 27.00  8.00  14.00  9.00  0.00  2379.00  903.00  82.00  18.00
Cell [12,26]: 6.00  45.00  37.00  14.00  560.00  1495.00  80.00  18.00  4.00
Cell [12,27]: 1.00  0.00  4.00  22.00  787.00  54.00  52.00  1.00  0.00
Cell [12,28]: 97.00  50.00  22.00  0.00  0.00  85.00  23.00  4.00  36.00
Cell [12,29]: 23.00  7.00  3.00  4.00  3.00  1.00  6.00  11.00  80.00
Cell [12,30]: 0.00  0.00  0.00  0.00  0.00  0.00  0.00  44.00  302.00
Cell [12,31]: 0.00  0.00  12.00  39.00  24.00  39.00  69.00  74.00  0.00
Cell [12,32]: 43.00  160.00  71.00  0.00  0.00  0.00  0.00  0.00  0.00
Cell [12,33]: 114.00  54.00  0.00  0.00  0.00  4.00  14.00  7.00  21.00
Cell [12,34]: 198.00  56.00  6.00  4.00  5.00  1.00  0.00  0.00  39.00
Cell [12,35]: 58.00  22.00  43.00  28.00  24.00  22.00  42.00  67.00  77.00
Cell [12,36]: 0.00  0.00  0.00  0.00  0.00  21.00  55.00  168.00  263.00
Cell [12,37]: 6.00  21.00  135.00  157.00  56.00  18.00  12.00  4.00  0.00
Cell [12,38]: 87.00  104.00  247.00  35.00  7.00  0.00  0.00  0.00  0.00
Cell [12,39]: 8.00  15.00  12.00  7.00  3.00  6.00  4.00  28.00  146.00
Cell [12,40]: 2364.00  1.00  0.00  1.00  0.00  0.00  0.00  6.00  809.00
Cell [12,41]: 101.00  11.00  1.00  0.00  1.00  1.00  6.00  1.00  23.00
Cell [12,42]: 1.00  0.00  0.00  0.00  0.00  0.00  0.00  28.00  282.00
Cell [12,43]: 8.00  8.00  9.00  1.00  1.00  2.00  4.00  17.00  20.00
Cell [12,44]: 110.00  38.00  2.00  0.00  0.00  0.00  0.00  0.00  11.00
Cell [12,45]: 2.00  11.00  3.00  2.00  3.00  2.00  2.00  8.00  4.00
Cell [12,46]: 246.00  7.00  1.00  0.00  0.00  0.00  0.00  0.00  29.00
Cell [12,47]: 159.00  29.00  9.00  0.00  3.00  1.00  7.00  4.00  9.00
Cell [12,48]: 1049.00  0.00  0.00  0.00  0.00  0.00  0.00  0.00  291.00
Cell [12,49]: 456.00  40.00  0.00  0.00  0.00  0.00  0.00  0.00  659.00
Cell [12,50]: 64.00  57.00  31.00  14.00  9.00  11.00  38.00  28.00  13.00
Cell [12,51]: 0.00  0.00  7.00  23.00  17.00  15.00  30.00  85.00  65.00
Cell [12,52]: 0.00  167.00  148.00  24.00  0.00  0.00  0.00  0.00  0.00
Cell [12,53]: 0.00  1.00  20.00  23.00  31.00  38.00  41.00  0.00  0.00
Cell [12,54]: 15.00  156.00  110.00  8.00  0.00  0.00  0.00  0.00  0.00
Cell [12,55]: 0.00  2.00  95.00  43.00  26.00  29.00  0.00  0.00  0.00
Cell [12,56]: 0.00  0.00  0.00  0.00  2.00  43.00  140.00  63.00  25.00
Cell [12,57]: 10.00  11.00  15.00  0.00  0.00  0.00  174.00  250.00  77.00
Cell [12,58]: 10.00  4.00  30.00  573.00  4.00  22.00  45.00  36.00  58.00
Cell [12,59]: 53.00  2.00  73.00  2350.00  40.00  1.00  1.00  19.00  31.00
Cell [12,60]: 99.00  189.00  78.00  3210.00  81.00  0.00  9.00  8.00  9.00
Cell [12,61]: 303.00  680.00  294.00  510.00  0.00  47.00  6.00  76.00  135.00
Cell [12,62]: 417.00  1472.00  317.00  230.00  91.00  112.00  90.00  0.00  0.00
Cell [12,63]: 840.00  672.00  316.00  343.00  119.00  29.00  0.00  0.00  0.00
Cell [12,64]: 709.00  97.00  23.00  0.00  0.00  0.00  68.00  203.00  468.00
Cell [12,65]: 252.00  293.00  9.00  4.00  4.00  3.00  2.00  4.00  73.00
Cell [12,66]: 1230.00  393.00  71.00  0.00  0.00  0.00  22.00  1239.00  3134.00
Cell [12,67]: 40.00  55.00  21.00  42.00  181.00  859.00  422.00  1665.00  113.00
Cell [12,68]: 20.00  16.00  18.00  52.00  220.00  3246.00  46.00  136.00  107.00
Cell [12,69]: 46.00  21.00  21.00  0.00  0.00  2778.00  113.00  0.00  38.00
Cell [12,70]: 0.00  4.00  2.00  7.00  979.00  293.00  65.00  28.00  0.00
Cell [12,71]: 138.00  13.00  12.00  16.00  185.00  74.00  33.00  12.00  43.00
Cell [12,72]: 121.00  12.00  12.00  17.00  0.00  0.00  1.00  2.00  63.00
Cell [12,73]: 32.00  1.00  2.00  2.00  2.00  2.00  4.00  46.00  134.00
Cell [12,74]: 38.00  0.00  0.00  0.00  0.00  0.00  67.00  218.00  50.00
Cell [12,75]: 40.00  197.00  56.00  24.00  34.00  31.00  6.00  0.00  0.00
Cell [12,76]: 159.00  75.00  29.00  0.00  0.00  0.00  5.00  21.00  24.00
Cell [12,77]: 34.00  12.00  16.00  35.00  14.00  10.00  34.00  20.00  83.00
Cell [12,78]: 321.00  186.00  42.00  39.00  0.00  0.00  10.00  48.00  127.00
Cell [12,79]: 41.00  8.00  4.00  9.00  42.00  35.00  83.00  333.00  208.00
Cell [12,80]: 0.00  0.00  0.00  0.00  135.00  89.00  96.00  117.00  167.00
Cell [12,81]: 33.00  43.00  132.00  443.00  55.00  2.00  0.00  0.00  32.00
Cell [12,82]: 46.00  105.00  124.00  132.00  23.00  2.00  5.00  3.00  46.00
Cell [12,83]: 139.00  9.00  3.00  26.00  23.00  7.00  18.00  69.00  326.00
Cell [12,84]: 259.00  12.00  9.00  11.00  8.00  9.00  10.00  17.00  205.00
Cell [12,85]: 84.00  37.00  4.00  2.00  1.00  0.00  4.00  76.00  40.00
Cell [12,86]: 9.00  2.00  1.00  7.00  50.00  34.00  36.00  36.00  6.00
Cell [12,87]: 2562.00  18.00  0.00  0.00  0.00  0.00  0.00  0.00  1795.00
Cell [12,88]: 652.00  0.00  0.00  0.00  0.00  0.00  0.00  0.00  348.00
Cell [12,89]: 132.00  57.00  5.00  7.00  7.00  7.00  0.00  0.00  0.00
Cell [12,90]: 5.00  0.00  0.00  0.00  0.00  18.00  70.00  51.00  13.00
Cell [12,91]: 3.00  0.00  2.00  38.00  10.00  7.00  5.00  49.00  44.00
Cell [12,92]: 5.00  204.00  99.00  0.00  0.00  0.00  0.00  0.00  0.00
Cell [12,93]: 0.00  16.00  19.00  38.00  36.00  14.00  0.00  0.00  0.00
Cell [12,94]: 1.00  48.00  54.00  8.00  15.00  3.00  0.00  0.00  0.00
Cell [12,95]: 0.00  51.00  166.00  48.00  0.00  0.00  0.00  0.00  0.00
Cell [12,96]: 0.00  0.00  82.00  69.00  42.00  10.00  0.00  0.00  0.00
Cell [12,97]: 6.00  0.00  5.00  2.00  17.00  43.00  32.00  51.00  38.00
Cell [12,98]: 0.00  0.00  0.00  0.00  0.00  0.00  5.00  146.00  151.00
Cell [12,99]: 2.00  1.00  1.00  5.00  23.00  27.00  13.00  62.00  98.00
Cell [12,100]: 2.00  0.00  0.00  1.00  6.00  78.00  28.00  16.00  17.00
Cell [12,101]: 112.00  57.00  24.00  14.00  13.00  11.00  0.00  0.00  0.00
Cell [12,102]: 420.00  92.00  0.00  0.00  0.00  0.00  0.00  0.00  0.00
Cell [12,103]: 89.00  34.00  43.00  1.00  14.00  5.00  1.00  4.00  3.00
Cell [12,104]: 189.00  161.00  1743.00  344.00  74.00  1.00  91.00  7.00  413.00
Cell [12,105]: 182.00  79.00  9.00  24.00  35.00  14.00  53.00  144.00  429.00
Cell [12,106]: 20.00  310.00  248.00  54.00  30.00  93.00  20.00  11.00  6.00
Cell [12,107]: 351.00  2685.00  136.00  0.00  0.00  30.00  32.00  76.00  63.00
Cell [12,108]: 130.00  642.00  401.00  307.00  0.00  0.00  0.00  0.00  15.00
Cell [12,109]: 869.00  340.00  75.00  44.00  52.00  56.00  73.00  87.00  1829.00
Cell [12,110]: 195.00  25.00  259.00  157.00  0.00  349.00  1092.00  965.00  339.00
Cell [12,111]: 0.00  256.00  45.00  0.00  0.00  0.00  0.00  23.00  16.00
Cell [12,112]: 0.00  75.00  142.00  0.00  0.00  0.00  0.00  0.00  0.00
Cell [12,113]: 0.00  205.00  91.00  0.00  0.00  0.00  0.00  0.00  0.00
Cell [12,114]: 4.00  237.00  22.00  0.00  0.00  0.00  0.00  0.00  0.00
Cell [12,115]: 0.00  8.00  10.00  11.00  6.00  28.00  49.00  52.00  0.00
Cell [12,116]: 19.00  22.00  7.00  5.00  22.00  26.00  2.00  2.00  35.00
Cell [12,117]: 122.00  0.00  0.00  0.00  0.00  0.00  0.00  0.00  193.00
Cell [12,118]: 33.00  15.00  33.00  13.00  0.00  0.00  0.00  0.00  47.00
Cell [12,119]: 6.00  0.00  0.00  2.00  2.00  4.00  6.00  54.00  139.00
Cell [12,120]: 0.00  0.00  0.00  0.00  0.00  0.00  0.00  221.00  119.00
Cell [12,121]: 0.00  0.00  3.00  30.00  28.00  75.00  78.00  28.00  4.00
Cell [12,122]: 41.00  140.00  80.00  4.00  0.00  0.00  0.00  0.00  4.00
Cell [12,123]: 39.00  64.00  28.00  0.00  0.00  0.00  1.00  12.00  23.00
Cell [12,124]: 4.00  0.00  0.00  9.00  14.00  26.00  23.00  24.00  77.00
Cell [12,125]: 345.00  53.00  37.00  18.00  0.00  0.00  0.00  0.00  46.00
Cell [12,126]: 76.00  84.00  42.00  45.00  29.00  42.00  34.00  29.00  53.00
Cell [12,127]: 5.00  0.00  0.00  0.00  0.00  17.00  46.00  345.00  105.00
Cell [13,0]: 40.00  9.00  0.00  0.00  0.00  0.00  7.00  76.00  64.00
Cell [13,1]: 5.00  4.00  0.00  3.00  4.00  6.00  17.00  15.00  22.00
Cell [13,2]: 22.00  5.00  0.00  0.00  0.00  0.00  4.00  32.00  24.00
Cell [13,3]: 13.00  40.00  19.00  10.00  0.00  0.00  0.00  0.00  6.00
Cell [13,4]: 83.00  25.00  5.00  0.00  0.00  0.00  0.00  0.00  106.00
Cell [13,5]: 309.00  16.00  10.00  0.00  2.00  1.00  6.00  15.00  31.00
Cell [13,6]: 688.00  0.00  0.00  0.00  0.00  0.00  0.00  0.00  702.00
Cell [13,7]: 398.00  0.00  0.00  0.00  0.00  0.00  0.00  0.00  288.00
Cell [13,8]: 6.00  13.00  9.00  5.00  4.00  8.00  27.00  8.00  0.00
Cell [13,9]: 71.00  68.00  19.00  8.00  0.00  8.00  1.00  0.00  0.00
Cell [13,10]: 20.00  33.00  17.00  6.00  4.00  22.00  1.00  1.00  1.00
Cell [13,11]: 63.00  6.00  1.00  0.00  1.00  4.00  2.00  2.00  41.00
Cell [13,12]: 131.00  95.00  4.00  1.00  0.00  0.00  0.00  0.00  27.00
Cell [13,13]: 319.00  1251.00  993.00  1266.00  1.00  1.00  0.00  0.00  0.00
Cell [13,14]: 0.00  34.00  35.00  1012.00  1819.00  5.00  1.00  1.00  0.00
Cell [13,15]: 0.00  5.00  160.00  1657.00  153.00  30.00  19.00  43.00  37.00
Cell [13,16]: 16.00  23.00  57.00  269.00  14.00  20.00  26.00  110.00  10.00
Cell [13,17]: 283.00  479.00  413.00  51.00  15.00  7.00  14.00  17.00  0.00
Cell [13,18]: 72.00  229.00  24.00  8.00  4.00  0.00  6.00  13.00  1007.00
Cell [13,19]: 96.00  52.00  31.00  23.00  59.00  30.00  34.00  1164.00  1121.00
Cell [13,20]: 1058.00  808.00  154.00  67.00  197.00  168.00  82.00  48.00  101.00
Cell [13,21]: 700.00  53.00  0.00  0.00  17.00  54.00  110.00  154.00  578.00
Cell [13,22]: 360.00  711.00  704.00  245.00  249.00  97.00  6.00  92.00  56.00
Cell [13,23]: 2424.00  11.00  0.00  1.00  0.00  3.00  239.00  537.00  2040.00
Cell [13,24]: 13.00  2.00  0.00  0.00  4.00  14.00  32.00  1606.00  387.00
Cell [13,25]: 78.00  19.00  0.00  4.00  11.00  105.00  19.00  302.00  315.00
Cell [13,26]: 4.00  19.00  58.00  74.00  1268.00  435.00  41.00  15.00  7.00
Cell [13,27]: 6.00  0.00  57.00  87.00  3013.00  364.00  10.00  0.00  7.00
Cell [13,28]: 45.00  11.00  38.00  21.00  179.00  2183.00  1142.00  511.00  209.00
Cell [13,29]: 35.00  1.00  14.00  14.00  29.00  38.00  82.00  361.00  596.00
Cell [13,30]: 0.00  0.00  0.00  0.00  0.00  0.00  89.00  185.00  51.00
Cell [13,31]: 0.00  0.00  1.00  2.00  60.00  22.00  37.00  75.00  13.00
Cell [13,32]: 73.00  24.00  39.00  43.00  16.00  0.00  0.00  0.00  7.00
Cell [13,33]: 6.00  20.00  12.00  1.00  1.00  1.00  22.00  9.00  18.00
Cell [13,34]: 24.00  9.00  10.00  7.00  10.00  14.00  24.00  20.00  34.00
Cell [13,35]: 0.00  4.00  8.00  17.00  28.00  36.00  118.00  45.00  7.00
Cell [13,36]: 27.00  28.00  34.00  16.00  4.00  13.00  28.00  27.00  34.00
Cell [13,37]: 26.00  31.00  76.00  32.00  13.00  1.00  1.00  1.00  95.00
Cell [13,38]: 39.00  36.00  63.00  16.00  11.00  3.00  4.00  13.00  60.00
Cell [13,39]: 44.00  18.00  2.00  0.00  0.00  1.00  2.00  15.00  105.00
Cell [13,40]: 2996.00  0.00  0.00  0.00  7.00  1.00  7.00  1.00  88.00
Cell [13,41]: 37.00  2.00  4.00  0.00  2.00  1.00  6.00  21.00  132.00
Cell [13,42]: 95.00  9.00  0.00  0.00  0.00  0.00  0.00  5.00  170.00
Cell [13,43]: 14.00  10.00  2.00  4.00  2.00  4.00  6.00  25.00  7.00
Cell [13,44]: 51.00  6.00  0.00  0.00  1.00  2.00  5.00  19.00  58.00
Cell [13,45]: 6.00  7.00  31.00  33.00  1.00  0.00  1.00  0.00  1.00
Cell [13,46]: 121.00  121.00  28.00  8.00  0.00  0.00  0.00  0.00  19.00
Cell [13,47]: 68.00  21.00  9.00  8.00  3.00  17.00  16.00  29.00  32.00
Cell [13,48]: 556.00  6.00  0.00  0.00  0.00  0.00  0.00  0.00  726.00
Cell [13,49]: 527.00  0.00  0.00  0.00  0.00  0.00  0.00  0.00  694.00
Cell [13,50]: 76.00  5.00  2.00  2.00  2.00  0.00  5.00  11.00  134.00
Cell [13,51]: 0.00  7.00  21.00  9.00  8.00  8.00  16.00  44.00  54.00
Cell [13,52]: 76.00  141.00  21.00  0.00  0.00  0.00  0.00  0.00  0.00
Cell [13,53]: 16.00  6.00  1.00  1.00  5.00  9.00  12.00  29.00  30.00
Cell [13,54]: 135.00  20.00  0.00  0.00  0.00  0.00  9.00  18.00  91.00
Cell [13,55]: 10.00  106.00  16.00  3.00  3.00  2.00  1.00  3.00  1.00
Cell [13,56]: 3.00  893.00  828.00  1885.00  0.00  19.00  0.00  4.00  0.00
Cell [13,57]: 6.00  4.00  96.00  2253.00  1008.00  4.00  0.00  0.00  3.00
Cell [13,58]: 6.00  6.00  125.00  2333.00  163.00  39.00  66.00  34.00  34.00
Cell [13,59]: 27.00  25.00  89.00  453.00  6.00  71.00  59.00  54.00  59.00
Cell [13,60]: 291.00  1132.00  459.00  49.00  5.00  26.00  57.00  36.00  22.00
Cell [13,61]: 719.00  349.00  28.00  12.00  6.00  0.00  11.00  9.00  504.00
Cell [13,62]: 294.00  348.00  141.00  0.00  2.00  60.00  105.00  1095.00  1021.00
Cell [13,63]: 1187.00  947.00  216.00  77.00  236.00  221.00  34.00  39.00  80.00
Cell [13,64]: 408.00  121.00  31.00  39.00  62.00  85.00  158.00  283.00  724.00
Cell [13,65]: 197.00  1008.00  695.00  436.00  163.00  85.00  41.00  3.00  142.00
Cell [13,66]: 2297.00  350.00  76.00  0.00  0.00  214.00  293.00  421.00  1778.00
Cell [13,67]: 58.00  12.00  8.00  6.00  13.00  5.00  135.00  1718.00  451.00
Cell [13,68]: 114.00  81.00  12.00  30.00  0.00  58.00  124.00  417.00  305.00
Cell [13,69]: 57.00  86.00  82.00  72.00  75.00  1192.00  82.00  28.00  21.00
Cell [13,70]: 0.00  20.00  42.00  152.00  2810.00  403.00  121.00  112.00  3.00
Cell [13,71]: 88.00  0.00  174.00  174.00  1217.00  2001.00  390.00  130.00  100.00
Cell [13,72]: 42.00  10.00  8.00  25.00  22.00  0.00  281.00  588.00  1272.00
Cell [13,73]: 17.00  0.00  1.00  19.00  18.00  101.00  62.00  37.00  44.00
Cell [13,74]: 38.00  4.00  1.00  1.00  0.00  74.00  156.00  56.00  48.00
Cell [13,75]: 51.00  74.00  93.00  31.00  29.00  1.00  2.00  0.00  2.00
Cell [13,76]: 15.00  21.00  19.00  45.00  25.00  0.00  13.00  28.00  14.00
Cell [13,77]: 0.00  2.00  36.00  51.00  28.00  14.00  32.00  5.00  1.00
Cell [13,78]: 10.00  9.00  10.00  12.00  17.00  13.00  152.00  131.00  21.00
Cell [13,79]: 28.00  40.00  72.00  25.00  38.00  60.00  26.00  26.00  54.00
Cell [13,80]: 8.00  1.00  24.00  26.00  106.00  53.00  37.00  26.00  4.00
Cell [13,81]: 5.00  52.00  136.00  81.00  7.00  5.00  19.00  178.00  37.00
Cell [13,82]: 64.00  4.00  10.00  38.00  18.00  19.00  18.00  66.00  123.00
Cell [13,83]: 20.00  3.00  3.00  1.00  0.00  0.00  4.00  37.00  457.00
Cell [13,84]: 44.00  18.00  12.00  12.00  9.00  9.00  11.00  30.00  361.00
Cell [13,85]: 32.00  81.00  26.00  4.00  19.00  12.00  75.00  97.00  32.00
Cell [13,86]: 20.00  10.00  45.00  17.00  19.00  25.00  72.00  62.00  33.00
Cell [13,87]: 3864.00  38.00  0.00  0.00  0.00  0.00  0.00  0.00  356.00
Cell [13,88]: 130.00  0.00  0.00  0.00  0.00  0.00  0.00  0.00  890.00
Cell [13,89]: 179.00  19.00  9.00  2.00  6.00  0.00  0.00  0.00  84.00
Cell [13,90]: 15.00  0.00  0.00  0.00  0.00  18.00  10.00  80.00  36.00
Cell [13,91]: 0.00  28.00  22.00  53.00  5.00  7.00  10.00  42.00  9.00
Cell [13,92]: 0.00  193.00  107.00  8.00  0.00  0.00  0.00  0.00  0.00
Cell [13,93]: 0.00  0.00  26.00  10.00  43.00  47.00  29.00  0.00  0.00
Cell [13,94]: 27.00  44.00  22.00  16.00  24.00  5.00  0.00  0.00  12.00
Cell [13,95]: 90.00  57.00  54.00  0.00  0.00  0.00  0.00  0.00  24.00
Cell [13,96]: 0.00  17.00  57.00  30.00  7.00  3.00  0.00  0.00  0.00
Cell [13,97]: 0.00  0.00  1.00  0.00  11.00  56.00  59.00  7.00  0.00
Cell [13,98]: 0.00  0.00  0.00  0.00  0.00  0.00  34.00  359.00  9.00
Cell [13,99]: 0.00  0.00  0.00  43.00  42.00  46.00  99.00  42.00  0.00
Cell [13,100]: 0.00  0.00  0.00  0.00  17.00  154.00  54.00  19.00  0.00
Cell [13,101]: 25.00  84.00  65.00  91.00  36.00  3.00  0.00  0.00  0.00
Cell [13,102]: 155.00  221.00  226.00  44.00  0.00  0.00  0.00  5.00  0.00
Cell [13,103]: 17.00  54.00  3672.00  10.00  1.00  0.00  0.00  2.00  7.00
Cell [13,104]: 1568.00  43.00  1937.00  45.00  0.00  37.00  0.00  22.00  110.00
Cell [13,105]: 265.00  122.00  90.00  164.00  36.00  22.00  7.00  18.00  28.00
Cell [13,106]: 647.00  598.00  99.00  142.00  196.00  84.00  0.00  0.00  0.00
Cell [13,107]: 1386.00  1057.00  0.00  0.00  0.00  0.00  0.00  0.00  0.00
Cell [13,108]: 214.00  19.00  2.00  2.00  3.00  4.00  6.00  17.00  148.00
Cell [13,109]: 6.00  3.00  0.00  0.00  0.00  2.00  0.00  44.00  2471.00
Cell [13,110]: 112.00  0.00  0.00  14.00  0.00  0.00  461.00  1945.00  3453.00
Cell [13,111]: 6.00  15.00  48.00  36.00  44.00  1127.00  957.00  875.00  25.00
Cell [13,112]: 0.00  48.00  38.00  33.00  9.00  767.00  250.00  21.00  0.00
Cell [13,113]: 72.00  69.00  0.00  0.00  0.00  0.00  0.00  0.00  68.00
Cell [13,114]: 99.00  49.00  0.00  0.00  0.00  0.00  0.00  0.00  62.00
Cell [13,115]: 3.00  2.00  0.00  0.00  1.00  0.00  10.00  16.00  32.00
Cell [13,116]: 33.00  3.00  2.00  1.00  0.00  1.00  10.00  39.00  16.00
Cell [13,117]: 210.00  46.00  7.00  0.00  0.00  0.00  0.00  0.00  30.00
Cell [13,118]: 103.00  64.00  8.00  0.00  0.00  6.00  0.00  0.00  39.00
Cell [13,119]: 9.00  3.00  0.00  0.00  0.00  0.00  24.00  95.00  51.00
Cell [13,120]: 39.00  0.00  0.00  0.00  0.00  0.00  0.00  116.00  155.00
Cell [13,121]: 16.00  7.00  12.00  5.00  4.00  6.00  15.00  21.00  31.00
Cell [13,122]: 16.00  47.00  30.00  24.00  0.00  0.00  0.00  2.00  5.00
Cell [13,123]: 1.00  1.00  0.00  2.00  16.00  7.00  13.00  27.00  3.00
Cell [13,124]: 0.00  0.00  0.00  27.00  49.00  45.00  0.00  0.00  0.00
Cell [13,125]: 14.00  22.00  33.00  18.00  0.00  2.00  1.00  2.00  102.00
Cell [13,126]: 0.00  0.00  0.00  4.00  18.00  48.00  99.00  162.00  32.00
Cell [13,127]: 27.00  33.00  25.00  17.00  14.00  11.00  13.00  32.00  52.00
Cell [14,0]: 193.00  40.00  19.00  0.00  0.00  0.00  0.00  0.00  9.00
Cell [14,1]: 0.00  0.00  16.00  26.00  11.00  11.00  14.00  0.00  0.00
Cell [14,2]: 35.00  3.00  1.00  1.00  0.00  0.00  1.00  16.00  48.00
Cell [14,3]: 13.00  11.00  0.00  0.00  0.00  0.00  5.00  46.00  57.00
Cell [14,4]: 2.00  3.00  0.00  0.00  0.00  10.00  10.00  53.00  31.00
Cell [14,5]: 304.00  16.00  6.00  2.00  1.00  7.00  13.00  11.00  0.00
Cell [14,6]: 1411.00  0.00  0.00  0.00  0.00  0.00  0.00  0.00  0.00
Cell [14,7]: 628.00  79.00  3.00  0.00  0.00  0.00  0.00  0.00  0.00
Cell [14,8]: 0.00  18.00  16.00  5.00  19.00  29.00  14.00  6.00  6.00
Cell [14,9]: 66.00  56.00  15.00  13.00  19.00  0.00  0.00  0.00  0.00
Cell [14,10]: 51.00  70.00  3.00  0.00  0.00  0.00  0.00  1.00  3.00
Cell [14,11]: 0.00  19.00  18.00  11.00  10.00  15.00  30.00  80.00  24.00
Cell [14,12]: 1235.00  61.00  4.00  4.00  0.00  3.00  0.00  72.00  104.00
Cell [14,13]: 2166.00  33.00  2.00  3.00  0.00  7.00  6.00  14.00  28.00
Cell [14,14]: 73.00  39.00  40.00  29.00  45.00  76.00  59.00  35.00  31.00
Cell [14,15]: 27.00  102.00  42.00  103.00  487.00  252.00  94.00  49.00  52.00
Cell [14,16]: 292.00  241.00  57.00  15.00  37.00  69.00  44.00  41.00  117.00
Cell [14,17]: 814.00  309.00  93.00  0.00  0.00  10.00  30.00  35.00  535.00
Cell [14,18]: 248.00  38.00  19.00  0.00  0.00  0.00  0.00  67.00  250.00
Cell [14,19]: 377.00  534.00  168.00  0.00  0.00  0.00  0.00  959.00  855.00
Cell [14,20]: 349.00  194.00  144.00  283.00  1084.00  504.00  241.00  503.00  377.00
Cell [14,21]: 227.00  321.00  241.00  533.00  271.00  215.00  171.00  1780.00  436.00
Cell [14,22]: 1348.00  1322.00  764.00  99.00  0.00  117.00  571.00  527.00  816.00
Cell [14,23]: 180.00  2481.00  31.00  0.00  11.00  7.00  13.00  21.00  53.00
Cell [14,24]: 425.00  160.00  8.00  0.00  0.00  0.00  0.00  289.00  757.00
Cell [14,25]: 80.00  105.00  203.00  123.00  104.00  30.00  107.00  205.00  114.00
Cell [14,26]: 82.00  126.00  149.00  98.00  443.00  252.00  30.00  62.00  70.00
Cell [14,27]: 119.00  332.00  336.00  69.00  182.00  228.00  153.00  125.00  66.00
Cell [14,28]: 269.00  63.00  32.00  88.00  133.00  244.00  81.00  90.00  530.00
Cell [14,29]: 7.00  1.00  4.00  6.00  9.00  25.00  14.00  21.00  2842.00
Cell [14,30]: 79.00  21.00  9.00  4.00  0.00  0.00  35.00  103.00  50.00
Cell [14,31]: 24.00  8.00  6.00  10.00  41.00  27.00  33.00  15.00  20.00
Cell [14,32]: 0.00  0.00  2.00  18.00  64.00  16.00  0.00  0.00  0.00
Cell [14,33]: 23.00  6.00  3.00  0.00  1.00  0.00  1.00  1.00  4.00
Cell [14,34]: 25.00  12.00  7.00  7.00  8.00  30.00  32.00  11.00  2.00
Cell [14,35]: 0.00  4.00  4.00  10.00  16.00  8.00  63.00  92.00  6.00
Cell [14,36]: 14.00  23.00  62.00  24.00  19.00  13.00  11.00  0.00  0.00
Cell [14,37]: 82.00  20.00  0.00  0.00  0.00  2.00  6.00  40.00  141.00
Cell [14,38]: 36.00  82.00  1.00  0.00  0.00  1.00  1.00  8.00  40.00
Cell [14,39]: 6.00  39.00  32.00  20.00  45.00  22.00  10.00  17.00  5.00
Cell [14,40]: 1977.00  23.00  13.00  18.00  0.00  0.00  0.00  40.00  962.00
Cell [14,41]: 11.00  2.00  2.00  8.00  0.00  8.00  10.00  130.00  58.00
Cell [14,42]: 110.00  153.00  26.00  0.00  0.00  0.00  2.00  0.00  27.00
Cell [14,43]: 0.00  24.00  48.00  38.00  19.00  23.00  69.00  7.00  0.00
Cell [14,44]: 18.00  6.00  2.00  3.00  3.00  8.00  22.00  18.00  55.00
Cell [14,45]: 28.00  18.00  5.00  0.00  0.00  0.00  15.00  92.00  55.00
Cell [14,46]: 15.00  20.00  5.00  0.00  10.00  15.00  31.00  10.00  11.00
Cell [14,47]: 0.00  0.00  0.00  6.00  7.00  30.00  54.00  20.00  0.00
Cell [14,48]: 1095.00  17.00  0.00  0.00  0.00  0.00  0.00  0.00  110.00
Cell [14,49]: 1276.00  0.00  0.00  0.00  0.00  0.00  0.00  0.00  0.00
Cell [14,50]: 99.00  67.00  13.00  6.00  1.00  8.00  22.00  11.00  12.00
Cell [14,51]: 15.00  16.00  6.00  6.00  3.00  0.00  7.00  39.00  27.00
Cell [14,52]: 101.00  21.00  2.00  3.00  1.00  0.00  2.00  1.00  15.00
Cell [14,53]: 149.00  76.00  11.00  12.00  7.00  6.00  0.00  0.00  0.00
Cell [14,54]: 0.00  0.00  0.00  0.00  0.00  11.00  21.00  227.00  148.00
Cell [14,55]: 1408.00  215.00  4.00  0.00  0.00  0.00  13.00  55.00  16.00
Cell [14,56]: 1121.00  973.00  11.00  13.00  12.00  15.00  16.00  5.00  43.00
Cell [14,57]: 52.00  72.00  58.00  129.00  58.00  52.00  141.00  31.00  77.00
Cell [14,58]: 132.00  140.00  124.00  266.00  595.00  360.00  186.00  58.00  176.00
Cell [14,59]: 344.00  228.00  182.00  57.00  43.00  81.00  54.00  61.00  169.00
Cell [14,60]: 1994.00  831.00  29.00  36.00  0.00  0.00  32.00  109.00  127.00
Cell [14,61]: 318.00  11.00  0.00  0.00  0.00  0.00  0.00  155.00  1018.00
Cell [14,62]: 505.00  553.00  180.00  72.00  93.00  198.00  579.00  507.00  517.00
Cell [14,63]: 341.00  348.00  219.00  419.00  1451.00  324.00  140.00  524.00  703.00
Cell [14,64]: 359.00  333.00  346.00  173.00  454.00  307.00  539.00  1017.00  196.00
Cell [14,65]: 787.00  183.00  553.00  76.00  123.00  430.00  972.00  1455.00  311.00
Cell [14,66]: 771.00  3633.00  83.00  14.00  14.00  0.00  0.00  21.00  67.00
Cell [14,67]: 326.00  9.00  25.00  2.00  0.00  0.00  20.00  199.00  977.00
Cell [14,68]: 324.00  182.00  29.00  82.00  10.00  35.00  213.00  301.00  191.00
Cell [14,69]: 37.00  69.00  225.00  270.00  319.00  473.00  76.00  138.00  157.00
Cell [14,70]: 189.00  534.00  520.00  215.00  85.00  183.00  73.00  44.00  249.00
Cell [14,71]: 139.00  21.00  66.00  323.00  135.00  222.00  262.00  350.00  313.00
Cell [14,72]: 93.00  11.00  5.00  22.00  0.00  0.00  0.00  410.00  3225.00
Cell [14,73]: 8.00  4.00  0.00  49.00  48.00  118.00  53.00  18.00  27.00
Cell [14,74]: 62.00  21.00  6.00  3.00  7.00  91.00  106.00  47.00  54.00
Cell [14,75]: 6.00  6.00  11.00  186.00  62.00  18.00  28.00  2.00  4.00
Cell [14,76]: 18.00  7.00  3.00  12.00  63.00  11.00  14.00  14.00  24.00
Cell [14,77]: 7.00  89.00  54.00  17.00  2.00  0.00  0.00  0.00  0.00
Cell [14,78]: 0.00  0.00  17.00  9.00  21.00  19.00  75.00  126.00  63.00
Cell [14,79]: 80.00  77.00  25.00  14.00  17.00  20.00  51.00  13.00  19.00
Cell [14,80]: 0.00  44.00  57.00  14.00  26.00  35.00  34.00  45.00  35.00
Cell [14,81]: 121.00  74.00  72.00  0.00  0.00  1.00  1.00  8.00  75.00
Cell [14,82]: 127.00  132.00  15.00  4.00  3.00  7.00  5.00  6.00  64.00
Cell [14,83]: 25.00  14.00  23.00  27.00  29.00  54.00  111.00  190.00  61.00
Cell [14,84]: 47.00  25.00  20.00  4.00  17.00  5.00  38.00  427.00  210.00
Cell [14,85]: 178.00  48.00  7.00  10.00  18.00  31.00  69.00  23.00  42.00
Cell [14,86]: 16.00  24.00  32.00  173.00  51.00  63.00  120.00  12.00  10.00
Cell [14,87]: 3597.00  37.00  56.00  0.00  0.00  0.00  0.00  0.00  198.00
Cell [14,88]: 587.00  0.00  0.00  0.00  0.00  0.00  0.00  0.00  488.00
Cell [14,89]: 244.00  9.00  5.00  0.00  0.00  0.00  0.00  0.00  99.00
Cell [14,90]: 13.00  9.00  0.00  0.00  3.00  4.00  24.00  31.00  38.00
Cell [14,91]: 21.00  68.00  13.00  4.00  5.00  9.00  12.00  0.00  3.00
Cell [14,92]: 111.00  108.00  3.00  0.00  0.00  0.00  0.00  0.00  0.00
Cell [14,93]: 31.00  20.00  3.00  2.00  0.00  3.00  11.00  17.00  26.00
Cell [14,94]: 20.00  5.00  9.00  5.00  1.00  3.00  3.00  30.00  48.00
Cell [14,95]: 136.00  10.00  0.00  0.00  0.00  0.00  0.00  0.00  119.00
Cell [14,96]: 8.00  6.00  1.00  5.00  10.00  0.00  0.00  2.00  2.00
Cell [14,97]: 3.00  2.00  8.00  0.00  5.00  2.00  5.00  7.00  6.00
Cell [14,98]: 24.00  16.00  0.00  0.00  0.00  0.00  19.00  114.00  40.00
Cell [14,99]: 15.00  0.00  0.00  0.00  18.00  46.00  72.00  26.00  13.00
Cell [14,100]: 42.00  29.00  101.00  0.00  0.00  10.00  9.00  53.00  122.00
Cell [14,101]: 18.00  9.00  785.00  1599.00  33.00  19.00  21.00  9.00  11.00
Cell [14,102]: 34.00  61.00  145.00  3398.00  38.00  0.00  0.00  10.00  7.00
Cell [14,103]: 162.00  185.00  665.00  89.00  44.00  26.00  47.00  107.00  201.00
Cell [14,104]: 677.00  1189.00  207.00  11.00  20.00  17.00  10.00  35.00  70.00
Cell [14,105]: 644.00  77.00  56.00  61.00  75.00  54.00  0.00  0.00  104.00
Cell [14,106]: 612.00  371.00  159.00  191.00  143.00  17.00  0.00  0.00  66.00
Cell [14,107]: 721.00  0.00  0.00  0.00  0.00  0.00  87.00  356.00  509.00
Cell [14,108]: 83.00  60.00  2.00  8.00  0.00  4.00  23.00  158.00  178.00
Cell [14,109]: 308.00  351.00  21.00  6.00  2.00  6.00  6.00  19.00  373.00
Cell [14,110]: 1050.00  95.00  0.00  0.00  13.00  0.00  28.00  221.00  3876.00
Cell [14,111]: 41.00  35.00  6.00  0.00  54.00  10.00  74.00  2148.00  176.00
Cell [14,112]: 24.00  27.00  0.00  48.00  167.00  2872.00  145.00  249.00  486.00
Cell [14,113]: 2.00  8.00  0.00  0.00  0.00  2377.00  2009.00  16.00  38.00
Cell [14,114]: 40.00  6.00  25.00  0.00  283.00  1661.00  14.00  20.00  94.00
Cell [14,115]: 1.00  5.00  2.00  11.00  170.00  375.00  12.00  16.00  0.00
Cell [14,116]: 0.00  10.00  59.00  26.00  66.00  50.00  14.00  7.00  1.00
Cell [14,117]: 46.00  229.00  73.00  0.00  0.00  0.00  0.00  0.00  0.00
Cell [14,118]: 19.00  156.00  37.00  47.00  37.00  0.00  0.00  0.00  0.00
Cell [14,119]: 0.00  0.00  0.00  10.00  32.00  100.00  87.00  15.00  0.00
Cell [14,120]: 0.00  0.00  0.00  0.00  0.00  17.00  132.00  246.00  0.00
Cell [14,121]: 0.00  4.00  8.00  25.00  51.00  157.00  36.00  12.00  0.00
Cell [14,122]: 0.00  8.00  75.00  44.00  33.00  28.00  2.00  2.00  0.00
Cell [14,123]: 6.00  0.00  0.00  0.00  18.00  11.00  20.00  21.00  22.00
Cell [14,124]: 0.00  11.00  14.00  9.00  10.00  11.00  1.00  0.00  0.00
Cell [14,125]: 0.00  13.00  16.00  10.00  9.00  18.00  25.00  84.00  4.00
Cell [14,126]: 19.00  0.00  0.00  0.00  0.00  9.00  46.00  111.00  44.00
Cell [14,127]: 15.00  15.00  23.00  25.00  7.00  3.00  1.00  6.00  6.00
Cell [15,0]: 225.00  71.00  13.00  0.00  0.00  0.00  0.00  0.00  0.00
Cell [15,1]: 6.00  2.00  7.00  5.00  0.00  4.00  12.00  35.00  10.00
Cell [15,2]: 14.00  3.00  13.00  6.00  3.00  3.00  1.00  7.00  24.00
Cell [15,3]: 9.00  3.00  6.00  1.00  0.00  0.00  7.00  46.00  9.00
Cell [15,4]: 81.00  13.00  0.00  0.00  0.00  0.00  2.00  18.00  37.00
Cell [15,5]: 167.00  9.00  2.00  2.00  0.00  0.00  1.00  2.00  185.00
Cell [15,6]: 1498.00  0.00  0.00  0.00  0.00  0.00  0.00  0.00  0.00
Cell [15,7]: 653.00  53.00  8.00  0.00  0.00  0.00  0.00  0.00  0.00
Cell [15,8]: 0.00  2.00  24.00  22.00  25.00  45.00  9.00  3.00  2.00
Cell [15,9]: 10.00  10.00  43.00  20.00  12.00  4.00  5.00  4.00  5.00
Cell [15,10]: 14.00  49.00  36.00  33.00  22.00  14.00  1.00  0.00  2.00
Cell [15,11]: 26.00  97.00  43.00  8.00  8.00  4.00  4.00  3.00  29.00
Cell [15,12]: 2788.00  68.00  0.00  0.00  0.00  0.00  0.00  0.00  30.00
Cell [15,13]: 806.00  38.00  17.00  39.00  0.00  0.00  0.00  7.00  273.00
Cell [15,14]: 63.00  19.00  39.00  31.00  28.00  14.00  12.00  18.00  66.00
Cell [15,15]: 28.00  34.00  29.00  100.00  24.00  49.00  93.00  95.00  62.00
Cell [15,16]: 249.00  149.00  128.00  0.00  0.00  12.00  18.00  110.00  244.00
Cell [15,17]: 1308.00  22.00  1.00  0.00  3.00  0.00  14.00  61.00  115.00
Cell [15,18]: 37.00  1.00  1.00  0.00  0.00  2.00  0.00  0.00  379.00
Cell [15,19]: 602.00  309.00  286.00  281.00  274.00  198.00  315.00  158.00  1924.00
Cell [15,20]: 634.00  128.00  81.00  135.00  340.00  746.00  237.00  13.00  249.00
Cell [15,21]: 1601.00  684.00  63.00  276.00  314.00  49.00  85.00  157.00  1165.00
Cell [15,22]: 967.00  4799.00  472.00  7.00  0.00  5.00  0.00  6.00  161.00
Cell [15,23]: 81.00  41.00  9.00  10.00  1.00  7.00  11.00  32.00  57.00
Cell [15,24]: 481.00  4.00  0.00  0.00  0.00  0.00  0.00  0.00  1204.00
Cell [15,25]: 302.00  66.00  45.00  97.00  207.00  236.00  147.00  67.00  0.00
Cell [15,26]: 87.00  174.00  236.00  274.00  304.00  90.00  75.00  56.00  177.00
Cell [15,27]: 393.00  200.00  85.00  44.00  28.00  8.00  1.00  52.00  378.00
Cell [15,28]: 133.00  70.00  125.00  134.00  260.00  341.00  25.00  162.00  750.00
Cell [15,29]: 0.00  0.00  1.00  0.00  4.00  4.00  0.00  20.00  3226.00
Cell [15,30]: 218.00  34.00  6.00  3.00  0.00  0.00  0.00  0.00  1.00
Cell [15,31]: 48.00  76.00  36.00  17.00  16.00  28.00  11.00  3.00  5.00
Cell [15,32]: 21.00  7.00  1.00  0.00  0.00  18.00  23.00  28.00  24.00
Cell [15,33]: 13.00  10.00  2.00  2.00  8.00  16.00  16.00  9.00  4.00
Cell [15,34]: 9.00  0.00  0.00  1.00  0.00  1.00  16.00  88.00  48.00
Cell [15,35]: 1.00  0.00  1.00  0.00  42.00  64.00  61.00  7.00  1.00
Cell [15,36]: 0.00  0.00  61.00  69.00  46.00  19.00  8.00  1.00  0.00
Cell [15,37]: 0.00  0.00  0.00  0.00  0.00  21.00  310.00  88.00  0.00
Cell [15,38]: 0.00  40.00  27.00  25.00  30.00  131.00  97.00  5.00  0.00
Cell [15,39]: 40.00  41.00  24.00  17.00  29.00  19.00  3.00  3.00  9.00
Cell [15,40]: 635.00  8.00  3.00  11.00  0.00  0.00  4.00  36.00  2454.00
Cell [15,41]: 120.00  32.00  25.00  5.00  1.00  5.00  5.00  21.00  19.00
Cell [15,42]: 331.00  43.00  0.00  0.00  0.00  0.00  0.00  3.00  162.00
Cell [15,43]: 47.00  65.00  23.00  12.00  4.00  13.00  13.00  36.00  37.00
Cell [15,44]: 40.00  8.00  5.00  23.00  5.00  3.00  8.00  10.00  21.00
Cell [15,45]: 12.00  16.00  31.00  6.00  0.00  0.00  16.00  103.00  17.00
Cell [15,46]: 25.00  33.00  0.00  0.00  0.00  13.00  48.00  26.00  22.00
Cell [15,47]: 6.00  20.00  48.00  21.00  12.00  10.00  15.00  8.00  2.00
Cell [15,48]: 838.00  8.00  0.00  0.00  0.00  0.00  0.00  18.00  396.00
Cell [15,49]: 1262.00  0.00  0.00  0.00  0.00  0.00  0.00  0.00  51.00
Cell [15,50]: 146.00  17.00  3.00  6.00  5.00  25.00  19.00  0.00  0.00
Cell [15,51]: 2.00  5.00  0.00  17.00  21.00  41.00  38.00  34.00  5.00
Cell [15,52]: 5.00  20.00  60.00  62.00  11.00  7.00  1.00  0.00  1.00
Cell [15,53]: 46.00  22.00  35.00  21.00  13.00  7.00  9.00  5.00  13.00
Cell [15,54]: 67.00  133.00  49.00  69.00  0.00  0.00  0.00  0.00  64.00
Cell [15,55]: 3254.00  96.00  12.00  2.00  3.00  0.00  3.00  10.00  35.00
Cell [15,56]: 350.00  155.00  35.00  55.00  12.00  20.00  0.00  89.00  223.00
Cell [15,57]: 258.00  58.00  86.00  38.00  5.00  9.00  6.00  9.00  26.00
Cell [15,58]: 24.00  50.00  49.00  59.00  125.00  112.00  149.00  93.00  93.00
Cell [15,59]: 203.00  271.00  88.00  17.00  75.00  80.00  60.00  97.00  178.00
Cell [15,60]: 1712.00  9.00  20.00  8.00  1.00  0.00  34.00  105.00  268.00
Cell [15,61]: 6.00  1.00  1.00  0.00  0.00  0.00  0.00  57.00  571.00
Cell [15,62]: 409.00  300.00  181.00  499.00  179.00  227.00  496.00  615.00  1485.00
Cell [15,63]: 617.00  149.00  101.00  90.00  196.00  736.00  172.00  236.00  137.00
Cell [15,64]: 1026.00  1053.00  212.00  61.00  0.00  7.00  98.00  259.00  883.00
Cell [15,65]: 1365.00  3603.00  310.00  46.00  58.00  0.00  49.00  130.00  281.00
Cell [15,66]: 375.00  138.00  10.00  3.00  3.00  3.00  16.00  5.00  77.00
Cell [15,67]: 598.00  14.00  6.00  2.00  0.00  13.00  0.00  1.00  826.00
Cell [15,68]: 995.00  221.00  193.00  78.00  67.00  67.00  0.00  0.00  151.00
Cell [15,69]: 173.00  89.00  412.00  207.00  325.00  206.00  171.00  140.00  32.00
Cell [15,70]: 123.00  0.00  66.00  211.00  183.00  66.00  207.00  442.00  239.00
Cell [15,71]: 113.00  191.00  284.00  147.00  174.00  44.00  350.00  254.00  1002.00
Cell [15,72]: 284.00  34.00  10.00  0.00  31.00  9.00  0.00  74.00  3526.00
Cell [15,73]: 143.00  45.00  17.00  2.00  0.00  10.00  2.00  48.00  389.00
Cell [15,74]: 361.00  86.00  35.00  15.00  23.00  6.00  0.00  0.00  0.00
Cell [15,75]: 0.00  0.00  0.00  0.00  0.00  64.00  74.00  126.00  78.00
Cell [15,76]: 16.00  15.00  4.00  3.00  1.00  4.00  4.00  13.00  16.00
Cell [15,77]: 55.00  22.00  3.00  7.00  16.00  38.00  60.00  66.00  20.00
Cell [15,78]: 5.00  5.00  5.00  8.00  7.00  37.00  79.00  53.00  24.00
Cell [15,79]: 0.00  0.00  106.00  47.00  36.00  54.00  107.00  19.00  2.00
Cell [15,80]: 0.00  22.00  122.00  28.00  0.00  31.00  89.00  100.00  12.00
Cell [15,81]: 0.00  0.00  0.00  0.00  28.00  130.00  331.00  124.00  43.00
Cell [15,82]: 42.00  141.00  37.00  55.00  35.00  38.00  0.00  0.00  60.00
Cell [15,83]: 26.00  18.00  29.00  39.00  98.00  210.00  14.00  26.00  41.00
Cell [15,84]: 30.00  44.00  126.00  103.00  13.00  17.00  16.00  2.00  20.00
Cell [15,85]: 12.00  6.00  17.00  28.00  9.00  18.00  49.00  5.00  9.00
Cell [15,86]: 15.00  10.00  0.00  17.00  35.00  22.00  68.00  227.00  73.00
Cell [15,87]: 838.00  8.00  0.00  0.00  0.00  0.00  0.00  0.00  2894.00
Cell [15,88]: 1094.00  0.00  0.00  0.00  0.00  0.00  0.00  0.00  0.00
Cell [15,89]: 289.00  35.00  8.00  0.00  0.00  0.00  0.00  0.00  18.00
Cell [15,90]: 7.00  0.00  0.00  0.00  6.00  9.00  64.00  31.00  19.00
Cell [15,91]: 37.00  22.00  17.00  4.00  11.00  17.00  10.00  4.00  0.00
Cell [15,92]: 89.00  10.00  3.00  0.00  0.00  2.00  3.00  6.00  46.00
Cell [15,93]: 91.00  79.00  5.00  0.00  3.00  1.00  0.00  0.00  7.00
Cell [15,94]: 1.00  14.00  12.00  4.00  3.00  1.00  2.00  5.00  92.00
Cell [15,95]: 9.00  0.00  0.00  0.00  0.00  0.00  0.00  0.00  319.00
Cell [15,96]: 18.00  9.00  1.00  1.00  1.00  1.00  3.00  5.00  17.00
Cell [15,97]: 14.00  31.00  291.00  975.00  12.00  2.00  1.00  0.00  0.00
Cell [15,98]: 9.00  29.00  17.00  2472.00  882.00  0.00  0.00  23.00  3.00
Cell [15,99]: 6.00  4.00  17.00  2974.00  477.00  0.00  0.00  8.00  4.00
Cell [15,100]: 0.00  0.00  8.00  2744.00  541.00  29.00  8.00  1.00  0.00
Cell [15,101]: 7.00  3.00  583.00  571.00  28.00  32.00  20.00  22.00  31.00
Cell [15,102]: 128.00  772.00  29.00  10.00  8.00  18.00  3.00  11.00  42.00
Cell [15,103]: 417.00  989.00  51.00  0.00  17.00  9.00  0.00  15.00  51.00
Cell [15,104]: 1329.00  194.00  61.00  0.00  0.00  3.00  0.00  0.00  991.00
Cell [15,105]: 361.00  180.00  99.00  165.00  138.00  204.00  613.00  0.00  51.00
Cell [15,106]: 1318.00  308.00  165.00  169.00  301.00  645.00  0.00  0.00  0.00
Cell [15,107]: 99.00  61.00  69.00  78.00  138.00  153.00  40.00  371.00  127.00
Cell [15,108]: 273.00  121.00  23.00  10.00  11.00  14.00  45.00  21.00  1012.00
Cell [15,109]: 32.00  1518.00  852.00  176.00  67.00  168.00  150.00  67.00  30.00
Cell [15,110]: 2236.00  314.00  4.00  0.00  0.00  4.00  7.00  79.00  920.00
Cell [15,111]: 23.00  11.00  6.00  0.00  4.00  12.00  32.00  1276.00  920.00
Cell [15,112]: 37.00  10.00  0.00  0.00  0.00  0.00  101.00  759.00  479.00
Cell [15,113]: 20.00  12.00  17.00  13.00  7.00  363.00  239.00  231.00  112.00
Cell [15,114]: 22.00  4.00  7.00  15.00  1576.00  1091.00  63.00  50.00  85.00
Cell [15,115]: 5.00  29.00  16.00  4.00  2138.00  2013.00  89.00  9.00  0.00
Cell [15,116]: 54.00  93.00  55.00  78.00  3386.00  1093.00  154.00  124.00  0.00
Cell [15,117]: 22.00  69.00  0.00  0.00  0.00  354.00  1964.00  1361.00  113.00
Cell [15,118]: 91.00  5.00  5.00  4.00  0.00  3.00  34.00  41.00  28.00
Cell [15,119]: 9.00  19.00  39.00  27.00  11.00  10.00  10.00  19.00  33.00
Cell [15,120]: 104.00  155.00  0.00  0.00  0.00  0.00  0.00  49.00  60.00
Cell [15,121]: 3.00  15.00  24.00  36.00  29.00  29.00  6.00  3.00  9.00
Cell [15,122]: 3.00  15.00  25.00  22.00  12.00  30.00  2.00  0.00  2.00
Cell [15,123]: 61.00  26.00  22.00  12.00  0.00  0.00  0.00  0.00  3.00
Cell [15,124]: 46.00  4.00  0.00  1.00  4.00  0.00  7.00  14.00  28.00
Cell [15,125]: 29.00  19.00  4.00  7.00  5.00  11.00  44.00  15.00  15.00
Cell [15,126]: 0.00  0.00  0.00  0.00  0.00  7.00  282.00  58.00  0.00
Cell [15,127]: 2.00  5.00  89.00  58.00  28.00  28.00  22.00  0.00  0.00
Cell [16,0]: 167.00  40.00  11.00  2.00  0.00  0.00  0.00  0.00  29.00
Cell [16,1]: 45.00  31.00  7.00  0.00  0.00  0.00  1.00  2.00  5.00
Cell [16,2]: 4.00  4.00  2.00  2.00  8.00  19.00  13.00  12.00  9.00
Cell [16,3]: 4.00  0.00  2.00  11.00  17.00  22.00  19.00  12.00  6.00
Cell [16,4]: 30.00  0.00  0.00  0.00  0.00  0.00  75.00  71.00  46.00
Cell [16,5]: 387.00  12.00  7.00  0.00  4.00  7.00  18.00  4.00  9.00
Cell [16,6]: 1195.00  0.00  0.00  0.00  0.00  0.00  0.00  0.00  322.00
Cell [16,7]: 220.00  0.00  0.00  0.00  0.00  10.00  15.00  41.00  367.00
Cell [16,8]: 5.00  10.00  60.00  45.00  37.00  30.00  2.00  2.00  1.00
Cell [16,9]: 2.00  98.00  248.00  40.00  0.00  0.00  0.00  0.00  0.00
Cell [16,10]: 22.00  0.00  0.00  13.00  32.00  53.00  51.00  85.00  33.00
Cell [16,11]: 34.00  121.00  45.00  0.00  0.00  0.00  0.00  26.00  43.00
Cell [16,12]: 3307.00  46.00  1.00  0.00  1.00  0.00  0.00  0.00  1.00
Cell [16,13]: 399.00  364.00  27.00  17.00  3.00  0.00  7.00  19.00  222.00
Cell [16,14]: 90.00  215.00  484.00  167.00  161.00  99.00  0.00  50.00  114.00
Cell [16,15]: 102.00  45.00  0.00  10.00  2.00  14.00  16.00  29.00  21.00
Cell [16,16]: 665.00  0.00  1.00  2.00  8.00  5.00  12.00  9.00  49.00
Cell [16,17]: 1004.00  9.00  12.00  8.00  12.00  12.00  0.00  9.00  26.00
Cell [16,18]: 8.00  1.00  1.00  0.00  4.00  5.00  19.00  43.00  69.00
Cell [16,19]: 27.00  28.00  0.00  20.00  0.00  41.00  0.00  604.00  4500.00
Cell [16,20]: 27.00  6.00  11.00  6.00  571.00  1025.00  71.00  32.00  173.00
Cell [16,21]: 227.00  1315.00  76.00  207.00  275.00  39.00  14.00  28.00  31.00
Cell [16,22]: 104.00  3387.00  4.00  0.00  0.00  0.00  0.00  6.00  2.00
Cell [16,23]: 22.00  23.00  18.00  4.00  2.00  3.00  2.00  7.00  39.00
Cell [16,24]: 136.00  0.00  0.00  0.00  0.00  0.00  0.00  0.00  1434.00
Cell [16,25]: 267.00  32.00  3.00  16.00  15.00  0.00  44.00  200.00  646.00
Cell [16,26]: 119.00  20.00  30.00  10.00  4.00  31.00  62.00  133.00  131.00
Cell [16,27]: 516.00  370.00  472.00  440.00  422.00  420.00  514.00  721.00  527.00
Cell [16,28]: 249.00  37.00  0.00  0.00  4.00  25.00  0.00  0.00  2258.00
Cell [16,29]: 0.00  0.00  0.00  0.00  0.00  0.00  0.00  2.00  3622.00
Cell [16,30]: 23.00  1.00  1.00  0.00  1.00  3.00  36.00  89.00  74.00
Cell [16,31]: 0.00  10.00  16.00  46.00  28.00  32.00  109.00  67.00  20.00
Cell [16,32]: 13.00  51.00  95.00  30.00  19.00  14.00  3.00  0.00  0.00
Cell [16,33]: 11.00  5.00  5.00  10.00  33.00  29.00  59.00  26.00  10.00
Cell [16,34]: 62.00  62.00  32.00  4.00  0.00  0.00  0.00  4.00  55.00
Cell [16,35]: 13.00  3.00  17.00  20.00  20.00  10.00  3.00  0.00  2.00
Cell [16,36]: 2.00  9.00  17.00  18.00  18.00  45.00  4.00  2.00  1.00
Cell [16,37]: 6.00  10.00  17.00  12.00  21.00  5.00  26.00  8.00  10.00
Cell [16,38]: 1.00  0.00  0.00  0.00  0.00  68.00  158.00  5.00  1.00
Cell [16,39]: 1.00  1.00  2.00  12.00  26.00  67.00  42.00  59.00  11.00
Cell [16,40]: 2295.00  30.00  29.00  0.00  0.00  1.00  8.00  5.00  889.00
Cell [16,41]: 0.00  15.00  7.00  33.00  33.00  117.00  89.00  16.00  15.00
Cell [16,42]: 55.00  164.00  146.00  24.00  0.00  0.00  0.00  4.00  18.00
Cell [16,43]: 51.00  6.00  2.00  7.00  7.00  5.00  2.00  49.00  59.00
Cell [16,44]: 7.00  8.00  38.00  23.00  7.00  13.00  14.00  21.00  4.00
Cell [16,45]: 3.00  7.00  23.00  76.00  21.00  2.00  6.00  2.00  1.00
Cell [16,46]: 71.00  14.00  0.00  0.00  0.00  17.00  102.00  47.00  66.00
Cell [16,47]: 24.00  34.00  39.00  11.00  14.00  13.00  69.00  20.00  8.00
Cell [16,48]: 1278.00  20.00  0.00  0.00  0.00  0.00  0.00  0.00  103.00
Cell [16,49]: 998.00  0.00  0.00  0.00  0.00  0.00  0.00  15.00  215.00
Cell [16,50]: 0.00  0.00  0.00  2.00  83.00  47.00  26.00  31.00  82.00
Cell [16,51]: 20.00  102.00  140.00  47.00  22.00  0.00  0.00  2.00  11.00
Cell [16,52]: 0.00  27.00  218.00  51.00  34.00  33.00  31.00  69.00  0.00
Cell [16,53]: 56.00  96.00  42.00  0.00  0.00  0.00  4.00  77.00  146.00
Cell [16,54]: 20.00  67.00  164.00  60.00  0.00  0.00  2.00  3.00  27.00
Cell [16,55]: 3601.00  83.00  4.00  7.00  0.00  0.00  2.00  8.00  25.00
Cell [16,56]: 761.00  164.00  75.00  39.00  22.00  12.00  12.00  19.00  162.00
Cell [16,57]: 204.00  298.00  285.00  291.00  433.00  129.00  4.00  72.00  128.00
Cell [16,58]: 79.00  125.00  80.00  10.00  32.00  49.00  34.00  62.00  103.00
Cell [16,59]: 815.00  18.00  23.00  39.00  37.00  18.00  7.00  13.00  77.00
Cell [16,60]: 1583.00  4.00  12.00  4.00  7.00  4.00  5.00  2.00  42.00
Cell [16,61]: 16.00  8.00  4.00  3.00  14.00  35.00  14.00  109.00  85.00
Cell [16,62]: 28.00  26.00  0.00  26.00  0.00  57.00  0.00  1201.00  3960.00
Cell [16,63]: 38.00  12.00  12.00  187.00  1507.00  756.00  25.00  10.00  161.00
Cell [16,64]: 66.00  812.00  288.00  748.00  372.00  0.00  25.00  49.00  62.00
Cell [16,65]: 1575.00  2919.00  14.00  0.00  3.00  0.00  0.00  6.00  30.00
Cell [16,66]: 79.00  6.00  3.00  23.00  31.00  4.00  9.00  1.00  27.00
Cell [16,67]: 483.00  28.00  12.00  0.00  0.00  0.00  0.00  0.00  933.00
Cell [16,68]: 853.00  100.00  0.00  22.00  49.00  39.00  51.00  0.00  871.00
Cell [16,69]: 185.00  130.00  44.00  25.00  0.00  9.00  24.00  150.00  235.00
Cell [16,70]: 301.00  418.00  541.00  425.00  636.00  923.00  762.00  459.00  280.00
Cell [16,71]: 730.00  45.00  41.00  111.00  10.00  0.00  75.00  358.00  1602.00
Cell [16,72]: 60.00  52.00  0.00  0.00  16.00  0.00  51.00  655.00  2884.00
Cell [16,73]: 12.00  2.00  0.00  0.00  8.00  12.00  20.00  39.00  1908.00
Cell [16,74]: 15.00  4.00  2.00  0.00  0.00  43.00  195.00  243.00  144.00
Cell [16,75]: 85.00  231.00  65.00  24.00  38.00  20.00  0.00  3.00  29.00
Cell [16,76]: 14.00  28.00  38.00  15.00  6.00  9.00  27.00  79.00  93.00
Cell [16,77]: 38.00  45.00  50.00  42.00  60.00  27.00  20.00  40.00  48.00
Cell [16,78]: 32.00  89.00  14.00  7.00  3.00  2.00  8.00  26.00  81.00
Cell [16,79]: 18.00  54.00  20.00  22.00  16.00  33.00  35.00  15.00  2.00
Cell [16,80]: 29.00  117.00  64.00  37.00  33.00  12.00  8.00  3.00  4.00
Cell [16,81]: 0.00  0.00  2.00  1.00  33.00  221.00  149.00  63.00  3.00
Cell [16,82]: 11.00  13.00  5.00  15.00  112.00  124.00  175.00  54.00  0.00
Cell [16,83]: 34.00  24.00  26.00  47.00  81.00  65.00  57.00  49.00  87.00
Cell [16,84]: 0.00  0.00  0.00  8.00  24.00  222.00  231.00  42.00  0.00
Cell [16,85]: 86.00  41.00  29.00  8.00  7.00  16.00  15.00  37.00  58.00
Cell [16,86]: 42.00  95.00  44.00  10.00  13.00  10.00  20.00  77.00  15.00
Cell [16,87]: 973.00  15.00  0.00  0.00  0.00  0.00  0.00  35.00  2848.00
Cell [16,88]: 1056.00  0.00  0.00  0.00  0.00  0.00  0.00  0.00  0.00
Cell [16,89]: 334.00  46.00  4.00  0.00  0.00  0.00  0.00  0.00  0.00
Cell [16,90]: 0.00  0.00  6.00  3.00  7.00  59.00  55.00  3.00  0.00
Cell [16,91]: 6.00  0.00  21.00  44.00  17.00  37.00  9.00  2.00  1.00
Cell [16,92]: 3.00  26.00  24.00  19.00  48.00  6.00  2.00  1.00  0.00
Cell [16,93]: 12.00  6.00  5.00  17.00  13.00  12.00  9.00  15.00  26.00
Cell [16,94]: 5.00  8.00  37.00  85.00  19.00  6.00  6.00  4.00  14.00
Cell [16,95]: 122.00  161.00  5.00  0.00  0.00  0.00  0.00  0.00  79.00
Cell [16,96]: 414.00  38.00  18.00  2.00  5.00  1.00  6.00  11.00  11.00
Cell [16,97]: 1635.00  1089.00  815.00  417.00  0.00  0.00  20.00  25.00  6.00
Cell [16,98]: 60.00  30.00  12.00  211.00  31.00  4.00  4.00  7.00  55.00
Cell [16,99]: 121.00  114.00  132.00  301.00  129.00  134.00  54.00  1.00  122.00
Cell [16,100]: 81.00  110.00  11.00  63.00  26.00  19.00  61.00  79.00  42.00
Cell [16,101]: 33.00  147.00  130.00  42.00  2.00  0.00  1.00  20.00  32.00
Cell [16,102]: 970.00  1889.00  312.00  47.00  0.00  0.00  0.00  31.00  29.00
Cell [16,103]: 477.00  576.00  7.00  5.00  14.00  9.00  13.00  18.00  148.00
Cell [16,104]: 1024.00  500.00  276.00  348.00  118.00  82.00  118.00  226.00  614.00
Cell [16,105]: 16.00  184.00  213.00  210.00  150.00  101.00  241.00  1117.00  583.00
Cell [16,106]: 844.00  729.00  426.00  0.00  10.00  83.00  128.00  100.00  54.00
Cell [16,107]: 1283.00  91.00  0.00  3.00  0.00  0.00  26.00  143.00  437.00
Cell [16,108]: 358.00  388.00  343.00  289.00  84.00  91.00  88.00  72.00  810.00
Cell [16,109]: 395.00  2731.00  1909.00  315.00  26.00  228.00  76.00  318.00  213.00
Cell [16,110]: 833.00  1799.00  28.00  6.00  21.00  0.00  0.00  441.00  1260.00
Cell [16,111]: 101.00  11.00  0.00  0.00  0.00  9.00  22.00  936.00  872.00
Cell [16,112]: 151.00  216.00  61.00  29.00  0.00  29.00  30.00  823.00  366.00
Cell [16,113]: 82.00  6.00  0.00  7.00  0.00  107.00  117.00  87.00  159.00
Cell [16,114]: 59.00  113.00  87.00  83.00  70.00  125.00  87.00  193.00  144.00
Cell [16,115]: 141.00  176.00  172.00  217.00  18.00  164.00  74.00  49.00  86.00
Cell [16,116]: 121.00  134.00  81.00  452.00  159.00  94.00  102.00  99.00  4.00
Cell [16,117]: 191.00  38.00  16.00  0.00  0.00  0.00  22.00  1422.00  1870.00
Cell [16,118]: 0.00  0.00  0.00  2.00  7.00  97.00  76.00  400.00  383.00
Cell [16,119]: 0.00  20.00  35.00  105.00  26.00  4.00  0.00  0.00  0.00
Cell [16,120]: 152.00  291.00  19.00  0.00  0.00  0.00  0.00  0.00  0.00
Cell [16,121]: 5.00  34.00  66.00  83.00  29.00  46.00  21.00  0.00  4.00
Cell [16,122]: 1.00  5.00  15.00  2.00  7.00  30.00  60.00  50.00  36.00
Cell [16,123]: 45.00  31.00  49.00  20.00  2.00  0.00  0.00  0.00  6.00
Cell [16,124]: 0.00  4.00  8.00  27.00  56.00  152.00  48.00  22.00  0.00
Cell [16,125]: 1.00  0.00  0.00  0.00  0.00  1.00  104.00  175.00  12.00
Cell [16,126]: 25.00  8.00  5.00  5.00  8.00  21.00  18.00  35.00  39.00
Cell [16,127]: 5.00  6.00  10.00  27.00  13.00  16.00  26.00  24.00  2.00
Cell [17,0]: 0.00  0.00  0.00  4.00  6.00  0.00  20.00  52.00  200.00
Cell [17,1]: 5.00  143.00  40.00  9.00  3.00  0.00  0.00  0.00  0.00
Cell [17,2]: 0.00  0.00  2.00  5.00  24.00  56.00  4.00  0.00  0.00
Cell [17,3]: 0.00  0.00  3.00  30.00  44.00  26.00  37.00  2.00  0.00
Cell [17,4]: 0.00  0.00  0.00  0.00  0.00  0.00  121.00  59.00  58.00
Cell [17,5]: 242.00  17.00  0.00  6.00  4.00  0.00  20.00  36.00  87.00
Cell [17,6]: 106.00  0.00  0.00  0.00  0.00  0.00  0.00  0.00  1297.00
Cell [17,7]: 0.00  0.00  0.00  0.00  0.00  29.00  63.00  94.00  376.00
Cell [17,8]: 0.00  40.00  139.00  100.00  40.00  0.00  0.00  0.00  0.00
Cell [17,9]: 0.00  166.00  178.00  80.00  24.00  0.00  0.00  0.00  0.00
Cell [17,10]: 0.00  0.00  0.00  0.00  18.00  52.00  63.00  349.00  0.00
Cell [17,11]: 0.00  0.00  6.00  0.00  5.00  5.00  4.00  388.00  28.00
Cell [17,12]: 3293.00  50.00  5.00  0.00  3.00  8.00  0.00  21.00  10.00
Cell [17,13]: 552.00  31.00  0.00  1.00  9.00  3.00  4.00  0.00  144.00
Cell [17,14]: 12.00  15.00  19.00  23.00  7.00  0.00  7.00  99.00  743.00
Cell [17,15]: 3.00  5.00  9.00  6.00  2.00  8.00  6.00  5.00  13.00
Cell [17,16]: 850.00  38.00  3.00  0.00  1.00  0.00  0.00  3.00  19.00
Cell [17,17]: 549.00  183.00  20.00  14.00  8.00  10.00  9.00  181.00  115.00
Cell [17,18]: 4.00  1.00  3.00  5.00  11.00  49.00  82.00  0.00  0.00
Cell [17,19]: 23.00  7.00  1.00  1.00  3.00  0.00  0.00  406.00  2924.00
Cell [17,20]: 321.00  0.00  0.00  0.00  6.00  6.00  23.00  122.00  2673.00
Cell [17,21]: 618.00  3809.00  0.00  0.00  0.00  0.00  0.00  0.00  0.00
Cell [17,22]: 463.00  177.00  17.00  5.00  0.00  17.00  6.00  6.00  17.00
Cell [17,23]: 11.00  5.00  1.00  2.00  8.00  3.00  0.00  4.00  3.00
Cell [17,24]: 196.00  0.00  2.00  1.00  0.00  1.00  6.00  7.00  979.00
Cell [17,25]: 69.00  4.00  0.00  3.00  0.00  3.00  21.00  181.00  1509.00
Cell [17,26]: 123.00  42.00  54.00  32.00  24.00  34.00  55.00  30.00  46.00
Cell [17,27]: 438.00  265.00  198.00  139.00  165.00  89.00  40.00  18.00  78.00
Cell [17,28]: 900.00  48.00  1.00  0.00  0.00  0.00  6.00  25.00  1158.00
Cell [17,29]: 0.00  0.00  0.00  0.00  0.00  0.00  0.00  0.00  4043.00
Cell [17,30]: 0.00  0.00  0.00  6.00  35.00  6.00  4.00  47.00  202.00
Cell [17,31]: 5.00  6.00  10.00  26.00  22.00  13.00  27.00  31.00  4.00
Cell [17,32]: 0.00  43.00  71.00  28.00  32.00  15.00  0.00  0.00  0.00
Cell [17,33]: 0.00  0.00  0.00  0.00  71.00  149.00  0.00  0.00  0.00
Cell [17,34]: 3.00  9.00  11.00  16.00  20.00  66.00  13.00  2.00  1.00
Cell [17,35]: 27.00  34.00  51.00  30.00  14.00  0.00  4.00  23.00  48.00
Cell [17,36]: 21.00  0.00  2.00  3.00  9.00  43.00  83.00  34.00  55.00
Cell [17,37]: 21.00  11.00  9.00  17.00  28.00  44.00  6.00  6.00  8.00
Cell [17,38]: 25.00  16.00  17.00  10.00  7.00  7.00  7.00  9.00  23.00
Cell [17,39]: 31.00  80.00  103.00  35.00  0.00  1.00  2.00  5.00  20.00
Cell [17,40]: 380.00  2.00  9.00  1.00  0.00  14.00  31.00  8.00  2679.00
Cell [17,41]: 0.00  34.00  98.00  216.00  49.00  49.00  21.00  19.00  0.00
Cell [17,42]: 4.00  0.00  0.00  0.00  0.00  0.00  39.00  228.00  243.00
Cell [17,43]: 99.00  189.00  35.00  2.00  5.00  0.00  0.00  0.00  1.00
Cell [17,44]: 0.00  0.00  3.00  24.00  21.00  14.00  35.00  53.00  40.00
Cell [17,45]: 15.00  51.00  36.00  19.00  9.00  3.00  7.00  1.00  20.00
Cell [17,46]: 13.00  0.00  0.00  0.00  0.00  20.00  71.00  82.00  98.00
Cell [17,47]: 1.00  8.00  7.00  3.00  10.00  7.00  46.00  80.00  82.00
Cell [17,48]: 595.00  6.00  0.00  0.00  0.00  0.00  0.00  0.00  718.00
Cell [17,49]: 147.00  0.00  0.00  0.00  0.00  0.00  7.00  62.00  818.00
Cell [17,50]: 12.00  9.00  10.00  20.00  104.00  28.00  18.00  17.00  15.00
Cell [17,51]: 48.00  103.00  265.00  46.00  52.00  0.00  0.00  0.00  7.00
Cell [17,52]: 8.00  16.00  182.00  61.00  32.00  55.00  133.00  36.00  0.00
Cell [17,53]: 0.00  0.00  0.00  0.00  0.00  0.00  82.00  691.00  0.00
Cell [17,54]: 0.00  120.00  10.00  14.00  7.00  5.00  275.00  58.00  0.00
Cell [17,55]: 3333.00  23.00  12.00  5.00  11.00  16.00  0.00  20.00  101.00
Cell [17,56]: 497.00  493.00  37.00  8.00  2.00  11.00  0.00  6.00  283.00
Cell [17,57]: 75.00  26.00  0.00  23.00  14.00  5.00  13.00  654.00  875.00
Cell [17,58]: 4.00  16.00  16.00  3.00  1.00  7.00  15.00  9.00  20.00
Cell [17,59]: 1256.00  15.00  10.00  3.00  0.00  0.00  0.00  23.00  55.00
Cell [17,60]: 1183.00  177.00  25.00  13.00  15.00  13.00  12.00  154.00  71.00
Cell [17,61]: 7.00  10.00  3.00  15.00  37.00  118.00  3.00  0.00  0.00
Cell [17,62]: 15.00  6.00  2.00  5.00  3.00  0.00  0.00  516.00  2585.00
Cell [17,63]: 249.00  0.00  9.00  49.00  25.00  26.00  16.00  239.00  2989.00
Cell [17,64]: 792.00  3119.00  0.00  0.00  0.00  0.00  0.00  0.00  15.00
Cell [17,65]: 525.00  1518.00  5.00  2.00  11.00  7.00  3.00  9.00  37.00
Cell [17,66]: 8.00  3.00  3.00  15.00  28.00  1.00  2.00  2.00  11.00
Cell [17,67]: 249.00  1.00  1.00  0.00  1.00  0.00  16.00  86.00  703.00
Cell [17,68]: 200.00  10.00  27.00  0.00  0.00  17.00  62.00  50.00  2360.00
Cell [17,69]: 234.00  64.00  35.00  20.00  10.00  35.00  45.00  43.00  202.00
Cell [17,70]: 245.00  118.00  83.00  59.00  32.00  23.00  9.00  86.00  691.00
Cell [17,71]: 306.00  67.00  23.00  54.00  7.00  33.00  115.00  152.00  1808.00
Cell [17,72]: 103.00  19.00  15.00  0.00  9.00  15.00  17.00  215.00  2690.00
Cell [17,73]: 1.00  0.00  2.00  14.00  19.00  10.00  8.00  29.00  2857.00
Cell [17,74]: 58.00  54.00  24.00  6.00  0.00  8.00  41.00  74.00  52.00
Cell [17,75]: 63.00  117.00  51.00  19.00  15.00  19.00  0.00  2.00  33.00
Cell [17,76]: 0.00  15.00  12.00  14.00  58.00  65.00  66.00  17.00  0.00
Cell [17,77]: 0.00  0.00  17.00  31.00  185.00  27.00  37.00  0.00  0.00
Cell [17,78]: 33.00  37.00  40.00  15.00  17.00  21.00  29.00  28.00  17.00
Cell [17,79]: 45.00  43.00  64.00  61.00  60.00  70.00  116.00  56.00  32.00
Cell [17,80]: 36.00  21.00  16.00  24.00  25.00  17.00  118.00  92.00  122.00
Cell [17,81]: 38.00  15.00  23.00  47.00  157.00  24.00  8.00  20.00  53.00
Cell [17,82]: 36.00  54.00  57.00  133.00  102.00  6.00  6.00  5.00  0.00
Cell [17,83]: 69.00  64.00  42.00  92.00  56.00  1.00  6.00  42.00  129.00
Cell [17,84]: 25.00  37.00  33.00  107.00  37.00  0.00  0.00  19.00  41.00
Cell [17,85]: 69.00  124.00  38.00  26.00  0.00  0.00  0.00  212.00  105.00
Cell [17,86]: 66.00  38.00  7.00  19.00  4.00  20.00  117.00  71.00  94.00
Cell [17,87]: 816.00  0.00  0.00  0.00  0.00  0.00  0.00  77.00  2987.00
Cell [17,88]: 964.00  0.00  0.00  0.00  0.00  0.00  0.00  0.00  115.00
Cell [17,89]: 199.00  15.00  0.00  0.00  0.00  0.00  3.00  23.00  95.00
Cell [17,90]: 2.00  5.00  14.00  30.00  13.00  9.00  11.00  3.00  0.00
Cell [17,91]: 10.00  163.00  40.00  0.00  0.00  0.00  2.00  5.00  7.00
Cell [17,92]: 0.00  33.00  197.00  35.00  22.00  21.00  22.00  28.00  0.00
Cell [17,93]: 28.00  12.00  7.00  3.00  0.00  0.00  8.00  94.00  161.00
Cell [17,94]: 9.00  48.00  135.00  36.00  8.00  0.00  0.00  0.00  0.00
Cell [17,95]: 0.00  129.00  144.00  17.00  0.00  0.00  0.00  0.00  0.00
Cell [17,96]: 2335.00  38.00  13.00  7.00  0.00  0.00  1.00  0.00  5.00
Cell [17,97]: 1351.00  44.00  1.00  1.00  0.00  7.00  39.00  43.00  55.00
Cell [17,98]: 68.00  49.00  15.00  27.00  54.00  35.00  35.00  31.00  64.00
Cell [17,99]: 4.00  49.00  82.00  185.00  394.00  548.00  277.00  37.00  21.00
Cell [17,100]: 25.00  109.00  59.00  61.00  429.00  157.00  16.00  3.00  0.00
Cell [17,101]: 264.00  238.00  174.00  119.00  24.00  23.00  64.00  325.00  227.00
Cell [17,102]: 2335.00  304.00  4.00  0.00  12.00  18.00  19.00  16.00  338.00
Cell [17,103]: 373.00  16.00  5.00  0.00  0.00  0.00  0.00  0.00  293.00
Cell [17,104]: 243.00  274.00  109.00  82.00  64.00  111.00  783.00  632.00  552.00
Cell [17,105]: 121.00  450.00  90.00  42.00  56.00  44.00  207.00  883.00  232.00
Cell [17,106]: 283.00  143.00  139.00  486.00  2432.00  592.00  175.00  163.00  220.00
Cell [17,107]: 466.00  453.00  620.00  227.00  456.00  99.00  576.00  442.00  901.00
Cell [17,108]: 174.00  0.00  87.00  278.00  198.00  147.00  851.00  1880.00  613.00
Cell [17,109]: 790.00  4144.00  547.00  25.00  59.00  414.00  586.00  720.00  54.00
Cell [17,110]: 141.00  390.00  41.00  0.00  6.00  3.00  3.00  10.00  55.00
Cell [17,111]: 418.00  0.00  0.00  0.00  0.00  0.00  0.00  15.00  888.00
Cell [17,112]: 501.00  207.00  67.00  62.00  40.00  46.00  68.00  138.00  458.00
Cell [17,113]: 158.00  193.00  103.00  474.00  485.00  190.00  109.00  22.00  107.00
Cell [17,114]: 0.00  75.00  160.00  726.00  418.00  353.00  137.00  29.00  8.00
Cell [17,115]: 531.00  386.00  181.00  164.00  126.00  48.00  0.00  60.00  168.00
Cell [17,116]: 251.00  104.00  206.00  69.00  85.00  87.00  578.00  667.00  467.00
Cell [17,117]: 307.00  23.00  6.00  5.00  6.00  16.00  11.00  67.00  1558.00
Cell [17,118]: 0.00  0.00  1.00  0.00  0.00  5.00  7.00  38.00  2627.00
Cell [17,119]: 2.00  3.00  1.00  25.00  9.00  7.00  4.00  7.00  6.00
Cell [17,120]: 62.00  0.00  0.00  0.00  0.00  0.00  0.00  115.00  238.00
Cell [17,121]: 71.00  19.00  6.00  7.00  3.00  26.00  50.00  49.00  28.00
Cell [17,122]: 134.00  28.00  8.00  6.00  4.00  5.00  0.00  3.00  13.00
Cell [17,123]: 18.00  1.00  0.00  0.00  0.00  6.00  16.00  35.00  149.00
Cell [17,124]: 17.00  11.00  4.00  4.00  3.00  7.00  36.00  98.00  58.00
Cell [17,125]: 32.00  0.00  0.00  0.00  0.00  0.00  0.00  248.00  89.00
Cell [17,126]: 8.00  21.00  53.00  38.00  7.00  7.00  16.00  36.00  0.00
Cell [17,127]: 1.00  0.00  1.00  44.00  92.00  93.00  3.00  0.00  1.00
Cell [18,0]: 15.00  4.00  12.00  0.00  5.00  1.00  2.00  22.00  183.00
Cell [18,1]: 4.00  149.00  30.00  17.00  0.00  0.00  0.00  0.00  0.00
Cell [18,2]: 0.00  0.00  0.00  26.00  96.00  32.00  0.00  0.00  0.00
Cell [18,3]: 0.00  0.00  2.00  11.00  21.00  41.00  6.00  30.00  6.00
Cell [18,4]: 36.00  0.00  0.00  0.00  0.00  0.00  0.00  32.00  164.00
Cell [18,5]: 278.00  0.00  1.00  3.00  0.00  0.00  0.00  8.00  89.00
Cell [18,6]: 973.00  186.00  0.00  0.00  0.00  0.00  0.00  0.00  225.00
Cell [18,7]: 94.00  155.00  54.00  19.00  9.00  14.00  22.00  14.00  111.00
Cell [18,8]: 54.00  95.00  33.00  9.00  2.00  0.00  0.00  15.00  31.00
Cell [18,9]: 114.00  57.00  10.00  2.00  1.00  0.00  0.00  2.00  56.00
Cell [18,10]: 249.00  3.00  0.00  0.00  0.00  2.00  2.00  20.00  96.00
Cell [18,11]: 459.00  75.00  0.00  0.00  1.00  0.00  0.00  58.00  92.00
Cell [18,12]: 3017.00  22.00  3.00  1.00  0.00  0.00  3.00  8.00  28.00
Cell [18,13]: 443.00  8.00  0.00  3.00  0.00  0.00  0.00  1.00  20.00
Cell [18,14]: 144.00  23.00  0.00  1.00  1.00  0.00  9.00  285.00  432.00
Cell [18,15]: 2.00  2.00  0.00  0.00  0.00  0.00  5.00  86.00  34.00
Cell [18,16]: 1238.00  22.00  0.00  0.00  0.00  3.00  0.00  10.00  46.00
Cell [18,17]: 262.00  43.00  7.00  11.00  15.00  38.00  75.00  118.00  45.00
Cell [18,18]: 3.00  2.00  1.00  3.00  1.00  91.00  42.00  246.00  33.00
Cell [18,19]: 19.00  43.00  16.00  7.00  18.00  28.00  29.00  4.00  419.00
Cell [18,20]: 1151.00  60.00  0.00  23.00  26.00  0.00  8.00  396.00  4524.00
Cell [18,21]: 1761.00  2540.00  28.00  9.00  5.00  0.00  5.00  6.00  38.00
Cell [18,22]: 0.00  0.00  0.00  0.00  0.00  56.00  52.00  39.00  53.00
Cell [18,23]: 9.00  0.00  0.00  0.00  11.00  33.00  25.00  27.00  27.00
Cell [18,24]: 41.00  0.00  7.00  0.00  1.00  5.00  11.00  81.00  561.00
Cell [18,25]: 49.00  0.00  0.00  0.00  0.00  0.00  0.00  38.00  2156.00
Cell [18,26]: 43.00  48.00  4.00  10.00  7.00  10.00  21.00  83.00  164.00
Cell [18,27]: 276.00  61.00  36.00  21.00  34.00  12.00  56.00  269.00  508.00
Cell [18,28]: 21.00  0.00  0.00  0.00  0.00  0.00  0.00  14.00  1639.00
Cell [18,29]: 0.00  0.00  0.00  0.00  0.00  0.00  0.00  0.00  3916.00
Cell [18,30]: 0.00  0.00  0.00  0.00  1.00  6.00  7.00  3.00  873.00
Cell [18,31]: 51.00  4.00  0.00  0.00  3.00  4.00  1.00  2.00  13.00
Cell [18,32]: 97.00  27.00  10.00  4.00  9.00  4.00  0.00  0.00  9.00
Cell [18,33]: 0.00  1.00  1.00  3.00  28.00  28.00  4.00  1.00  0.00
Cell [18,34]: 2.00  0.00  0.00  1.00  3.00  82.00  19.00  25.00  10.00
Cell [18,35]: 0.00  0.00  0.00  0.00  0.00  0.00  39.00  162.00  83.00
Cell [18,36]: 34.00  15.00  49.00  22.00  19.00  20.00  6.00  0.00  24.00
Cell [18,37]: 3.00  2.00  5.00  11.00  72.00  53.00  29.00  31.00  21.00
Cell [18,38]: 39.00  20.00  0.00  10.00  10.00  16.00  8.00  27.00  108.00
Cell [18,39]: 33.00  28.00  34.00  9.00  1.00  5.00  6.00  56.00  55.00
Cell [18,40]: 317.00  3.00  0.00  0.00  0.00  7.00  3.00  4.00  2508.00
Cell [18,41]: 63.00  68.00  10.00  5.00  6.00  4.00  13.00  37.00  47.00
Cell [18,42]: 179.00  0.00  0.00  0.00  0.00  3.00  4.00  17.00  323.00
Cell [18,43]: 257.00  80.00  15.00  0.00  0.00  0.00  0.00  0.00  0.00
Cell [18,44]: 48.00  7.00  0.00  0.00  4.00  16.00  22.00  62.00  47.00
Cell [18,45]: 22.00  33.00  37.00  46.00  17.00  6.00  0.00  0.00  14.00
Cell [18,46]: 17.00  0.00  0.00  0.00  0.00  0.00  6.00  33.00  164.00
Cell [18,47]: 54.00  0.00  0.00  0.00  0.00  0.00  0.00  1.00  175.00
Cell [18,48]: 614.00  178.00  0.00  0.00  0.00  0.00  0.00  0.00  426.00
Cell [18,49]: 262.00  362.00  95.00  12.00  0.00  0.00  0.00  0.00  460.00
Cell [18,50]: 43.00  57.00  8.00  20.00  18.00  14.00  3.00  46.00  41.00
Cell [18,51]: 83.00  66.00  10.00  0.00  0.00  0.00  0.00  4.00  224.00
Cell [18,52]: 56.00  87.00  18.00  16.00  0.00  18.00  11.00  51.00  133.00
Cell [18,53]: 209.00  226.00  0.00  0.00  0.00  0.00  0.00  37.00  126.00
Cell [18,54]: 1140.00  165.00  69.00  0.00  0.00  0.00  44.00  55.00  70.00
Cell [18,55]: 2066.00  257.00  0.00  0.00  0.00  0.00  0.00  0.00  24.00
Cell [18,56]: 680.00  47.00  0.00  0.00  0.00  0.00  0.00  0.00  74.00
Cell [18,57]: 58.00  18.00  2.00  2.00  0.00  9.00  9.00  630.00  832.00
Cell [18,58]: 1.00  15.00  10.00  8.00  15.00  6.00  2.00  154.00  193.00
Cell [18,59]: 1753.00  83.00  0.00  10.00  0.00  0.00  3.00  6.00  220.00
Cell [18,60]: 627.00  32.00  0.00  13.00  37.00  55.00  205.00  213.00  388.00
Cell [18,61]: 15.00  4.00  5.00  0.00  5.00  27.00  88.00  326.00  35.00
Cell [18,62]: 33.00  15.00  8.00  6.00  3.00  17.00  46.00  176.00  103.00
Cell [18,63]: 603.00  38.00  30.00  0.00  0.00  0.00  12.00  412.00  5549.00
Cell [18,64]: 3254.00  2095.00  0.00  6.00  0.00  0.00  0.00  5.00  9.00
Cell [18,65]: 73.00  65.00  16.00  30.00  9.00  18.00  19.00  43.00  112.00
Cell [18,66]: 15.00  0.00  0.00  15.00  42.00  37.00  12.00  9.00  27.00
Cell [18,67]: 144.00  30.00  10.00  5.00  12.00  1.00  19.00  250.00  303.00
Cell [18,68]: 458.00  0.00  5.00  0.00  6.00  23.00  0.00  162.00  2650.00
Cell [18,69]: 25.00  42.00  43.00  75.00  45.00  1.00  24.00  100.00  159.00
Cell [18,70]: 23.00  20.00  29.00  35.00  82.00  89.00  80.00  174.00  126.00
Cell [18,71]: 145.00  20.00  0.00  3.00  0.00  0.00  14.00  480.00  2021.00
Cell [18,72]: 92.00  0.00  0.00  14.00  0.00  0.00  21.00  117.00  3060.00
Cell [18,73]: 41.00  2.00  16.00  0.00  15.00  15.00  7.00  74.00  2854.00
Cell [18,74]: 115.00  102.00  18.00  0.00  0.00  0.00  0.00  0.00  0.00
Cell [18,75]: 112.00  0.00  0.00  0.00  2.00  4.00  4.00  24.00  248.00
Cell [18,76]: 34.00  12.00  4.00  2.00  8.00  26.00  12.00  4.00  3.00
Cell [18,77]: 6.00  3.00  10.00  19.00  27.00  16.00  27.00  21.00  7.00
Cell [18,78]: 2.00  0.00  0.00  0.00  0.00  30.00  121.00  68.00  10.00
Cell [18,79]: 4.00  26.00  35.00  31.00  0.00  38.00  77.00  168.00  70.00
Cell [18,80]: 122.00  113.00  16.00  7.00  22.00  48.00  30.00  19.00  27.00
Cell [18,81]: 60.00  19.00  14.00  33.00  108.00  162.00  50.00  0.00  3.00
Cell [18,82]: 106.00  15.00  25.00  27.00  0.00  24.00  101.00  105.00  126.00
Cell [18,83]: 164.00  0.00  1.00  27.00  53.00  12.00  6.00  60.00  101.00
Cell [18,84]: 208.00  98.00  80.00  182.00  5.00  1.00  1.00  0.00  0.00
Cell [18,85]: 34.00  148.00  91.00  106.00  1.00  0.00  28.00  39.00  27.00
Cell [18,86]: 52.00  120.00  29.00  9.00  4.00  9.00  20.00  39.00  31.00
Cell [18,87]: 2642.00  22.00  0.00  0.00  0.00  0.00  0.00  12.00  1404.00
Cell [18,88]: 592.00  0.00  0.00  0.00  0.00  0.00  0.00  0.00  444.00
Cell [18,89]: 0.00  0.00  0.00  0.00  31.00  32.00  38.00  69.00  110.00
Cell [18,90]: 0.00  0.00  13.00  180.00  65.00  0.00  0.00  0.00  0.00
Cell [18,91]: 0.00  112.00  347.00  18.00  0.00  0.00  0.00  0.00  0.00
Cell [18,92]: 0.00  27.00  137.00  52.00  29.00  9.00  75.00  66.00  0.00
Cell [18,93]: 0.00  0.00  0.00  0.00  0.00  0.00  0.00  488.00  53.00
Cell [18,94]: 36.00  9.00  0.00  0.00  0.00  0.00  54.00  201.00  62.00
Cell [18,95]: 22.00  15.00  1.00  1.00  0.00  26.00  58.00  40.00  23.00
Cell [18,96]: 3510.00  24.00  2.00  2.00  0.00  0.00  12.00  7.00  8.00
Cell [18,97]: 170.00  61.00  48.00  18.00  41.00  7.00  36.00  45.00  118.00
Cell [18,98]: 261.00  98.00  102.00  22.00  21.00  0.00  8.00  19.00  20.00
Cell [18,99]: 28.00  26.00  65.00  51.00  108.00  244.00  19.00  24.00  58.00
Cell [18,100]: 40.00  77.00  112.00  100.00  74.00  217.00  212.00  67.00  16.00
Cell [18,101]: 463.00  243.00  141.00  14.00  4.00  8.00  8.00  232.00  237.00
Cell [18,102]: 2208.00  38.00  3.00  7.00  0.00  0.00  21.00  127.00  112.00
Cell [18,103]: 14.00  0.00  0.00  0.00  0.00  0.00  0.00  28.00  447.00
Cell [18,104]: 283.00  267.00  130.00  118.00  459.00  344.00  573.00  35.00  473.00
Cell [18,105]: 266.00  0.00  40.00  141.00  86.00  384.00  469.00  707.00  987.00
Cell [18,106]: 519.00  204.00  109.00  39.00  146.00  69.00  69.00  156.00  411.00
Cell [18,107]: 913.00  311.00  11.00  41.00  23.00  469.00  583.00  290.00  223.00
Cell [18,108]: 1239.00  104.00  46.00  114.00  177.00  116.00  177.00  330.00  2910.00
Cell [18,109]: 1691.00  2349.00  264.00  5.00  0.00  0.00  113.00  39.00  106.00
Cell [18,110]: 163.00  5.00  0.00  0.00  1.00  0.00  0.00  1.00  36.00
Cell [18,111]: 1103.00  0.00  0.00  0.00  0.00  0.00  0.00  0.00  436.00
Cell [18,112]: 844.00  239.00  114.00  27.00  41.00  62.00  220.00  63.00  23.00
Cell [18,113]: 288.00  301.00  154.00  288.00  290.00  529.00  12.00  0.00  10.00
Cell [18,114]: 365.00  292.00  159.00  52.00  22.00  135.00  123.00  139.00  274.00
Cell [18,115]: 103.00  0.00  5.00  2.00  0.00  0.00  127.00  282.00  1472.00
Cell [18,116]: 123.00  361.00  110.00  79.00  141.00  92.00  511.00  862.00  615.00
Cell [18,117]: 52.00  249.00  38.00  0.00  1.00  16.00  64.00  120.00  1494.00
Cell [18,118]: 7.00  0.00  5.00  1.00  1.00  2.00  4.00  10.00  3401.00
Cell [18,119]: 6.00  1.00  2.00  18.00  7.00  15.00  35.00  7.00  5.00
Cell [18,120]: 36.00  23.00  5.00  4.00  3.00  2.00  4.00  100.00  42.00
Cell [18,121]: 37.00  3.00  6.00  16.00  18.00  20.00  63.00  51.00  17.00
Cell [18,122]: 11.00  85.00  39.00  2.00  0.00  0.00  2.00  9.00  19.00
Cell [18,123]: 0.00  0.00  0.00  0.00  2.00  11.00  57.00  116.00  17.00
Cell [18,124]: 0.00  0.00  0.00  4.00  13.00  132.00  70.00  67.00  0.00
Cell [18,125]: 31.00  8.00  7.00  2.00  21.00  28.00  42.00  41.00  26.00
Cell [18,126]: 8.00  67.00  228.00  66.00  58.00  6.00  2.00  0.00  0.00
Cell [18,127]: 0.00  13.00  46.00  95.00  145.00  173.00  13.00  0.00  0.00
Cell [19,0]: 0.00  0.00  13.00  14.00  14.00  15.00  49.00  112.00  24.00
Cell [19,1]: 0.00  210.00  86.00  4.00  0.00  0.00  0.00  0.00  0.00
Cell [19,2]: 0.00  0.00  0.00  47.00  115.00  36.00  6.00  6.00  0.00
Cell [19,3]: 15.00  0.00  0.00  0.00  0.00  38.00  47.00  63.00  48.00
Cell [19,4]: 64.00  0.00  0.00  0.00  0.00  0.00  0.00  0.00  216.00
Cell [19,5]: 474.00  3.00  2.00  0.00  0.00  0.00  0.00  3.00  27.00
Cell [19,6]: 1454.00  286.00  0.00  0.00  0.00  0.00  0.00  0.00  0.00
Cell [19,7]: 14.00  132.00  94.00  55.00  76.00  66.00  110.00  70.00  0.00
Cell [19,8]: 0.00  0.00  0.00  0.00  0.00  0.00  65.00  349.00  29.00
Cell [19,9]: 0.00  0.00  0.00  24.00  25.00  58.00  98.00  81.00  14.00
Cell [19,10]: 82.00  333.00  96.00  23.00  0.00  0.00  0.00  0.00  0.00
Cell [19,11]: 1432.00  355.00  0.00  3.00  0.00  0.00  0.00  5.00  13.00
Cell [19,12]: 2096.00  52.00  8.00  0.00  0.00  0.00  2.00  3.00  2.00
Cell [19,13]: 402.00  1.00  0.00  0.00  0.00  0.00  1.00  0.00  21.00
Cell [19,14]: 327.00  16.00  0.00  6.00  3.00  13.00  49.00  153.00  260.00
Cell [19,15]: 47.00  2.00  1.00  0.00  11.00  6.00  9.00  50.00  215.00
Cell [19,16]: 1071.00  63.00  13.00  2.00  7.00  0.00  0.00  0.00  96.00
Cell [19,17]: 29.00  1.00  0.00  1.00  3.00  14.00  24.00  104.00  198.00
Cell [19,18]: 9.00  9.00  3.00  2.00  3.00  7.00  51.00  443.00  107.00
Cell [19,19]: 12.00  4.00  2.00  3.00  1.00  8.00  84.00  145.00  18.00
Cell [19,20]: 431.00  593.00  116.00  105.00  49.00  37.00  365.00  1252.00  1815.00
Cell [19,21]: 2563.00  91.00  0.00  0.00  2.00  0.00  0.00  2.00  31.00
Cell [19,22]: 7.00  2.00  3.00  18.00  34.00  12.00  22.00  13.00  9.00
Cell [19,23]: 0.00  0.00  0.00  3.00  50.00  75.00  42.00  20.00  12.00
Cell [19,24]: 183.00  26.00  8.00  8.00  0.00  56.00  74.00  33.00  132.00
Cell [19,25]: 99.00  2.00  0.00  2.00  3.00  3.00  12.00  44.00  2164.00
Cell [19,26]: 470.00  154.00  43.00  0.00  0.00  0.00  52.00  57.00  24.00
Cell [19,27]: 196.00  12.00  19.00  16.00  3.00  3.00  13.00  99.00  853.00
Cell [19,28]: 44.00  0.00  0.00  0.00  0.00  0.00  0.00  0.00  1520.00
Cell [19,29]: 0.00  0.00  0.00  0.00  0.00  0.00  0.00  0.00  3071.00
Cell [19,30]: 0.00  4.00  19.00  24.00  15.00  0.00  5.00  12.00  1817.00
Cell [19,31]: 0.00  0.00  0.00  2.00  38.00  19.00  34.00  106.00  15.00
Cell [19,32]: 2.00  1.00  0.00  2.00  11.00  15.00  26.00  86.00  90.00
Cell [19,33]: 0.00  0.00  0.00  21.00  102.00  1.00  3.00  0.00  0.00
Cell [19,34]: 17.00  23.00  14.00  26.00  42.00  0.00  0.00  0.00  1.00
Cell [19,35]: 75.00  38.00  21.00  4.00  0.00  0.00  3.00  9.00  57.00
Cell [19,36]: 21.00  14.00  30.00  10.00  8.00  13.00  14.00  14.00  50.00
Cell [19,37]: 6.00  5.00  0.00  2.00  0.00  5.00  73.00  143.00  22.00
Cell [19,38]: 17.00  27.00  11.00  4.00  3.00  3.00  43.00  36.00  19.00
Cell [19,39]: 31.00  0.00  1.00  0.00  0.00  0.00  0.00  63.00  201.00
Cell [19,40]: 131.00  8.00  0.00  0.00  0.00  0.00  22.00  18.00  2648.00
Cell [19,41]: 10.00  10.00  52.00  52.00  9.00  6.00  12.00  58.00  26.00
Cell [19,42]: 0.00  0.00  0.00  0.00  0.00  11.00  7.00  186.00  218.00
Cell [19,43]: 165.00  171.00  28.00  2.00  0.00  0.00  0.00  0.00  0.00
Cell [19,44]: 0.00  0.00  2.00  7.00  125.00  65.00  69.00  0.00  0.00
Cell [19,45]: 0.00  0.00  0.00  162.00  38.00  16.00  29.00  32.00  4.00
Cell [19,46]: 36.00  0.00  0.00  0.00  0.00  0.00  3.00  108.00  195.00
Cell [19,47]: 119.00  20.00  0.00  9.00  0.00  0.00  9.00  19.00  128.00
Cell [19,48]: 1592.00  258.00  0.00  0.00  0.00  0.00  0.00  0.00  0.00
Cell [19,49]: 349.00  464.00  174.00  224.00  38.00  0.00  0.00  0.00  0.00
Cell [19,50]: 0.00  0.00  0.00  11.00  32.00  54.00  311.00  263.00  14.00
Cell [19,51]: 0.00  0.00  0.00  0.00  0.00  14.00  428.00  39.00  47.00
Cell [19,52]: 0.00  98.00  111.00  43.00  30.00  45.00  98.00  21.00  13.00
Cell [19,53]: 69.00  461.00  149.00  0.00  0.00  0.00  0.00  0.00  0.00
Cell [19,54]: 2845.00  230.00  0.00  0.00  0.00  2.00  0.00  0.00  0.00
Cell [19,55]: 785.00  115.00  29.00  4.00  4.00  2.00  12.00  23.00  107.00
Cell [19,56]: 503.00  7.00  0.00  0.00  0.00  7.00  2.00  1.00  133.00
Cell [19,57]: 258.00  73.00  1.00  3.00  5.00  6.00  31.00  254.00  646.00
Cell [19,58]: 17.00  7.00  7.00  10.00  14.00  6.00  8.00  330.00  723.00
Cell [19,59]: 2548.00  50.00  6.00  6.00  8.00  4.00  17.00  14.00  19.00
Cell [19,60]: 256.00  82.00  4.00  0.00  5.00  29.00  77.00  115.00  244.00
Cell [19,61]: 18.00  5.00  2.00  6.00  2.00  25.00  294.00  254.00  187.00
Cell [19,62]: 1.00  1.00  2.00  3.00  7.00  7.00  137.00  181.00  7.00
Cell [19,63]: 166.00  129.00  54.00  79.00  124.00  41.00  140.00  1756.00  2577.00
Cell [19,64]: 4128.00  258.00  8.00  0.00  0.00  0.00  0.00  0.00  8.00
Cell [19,65]: 41.00  12.00  7.00  26.00  37.00  16.00  13.00  9.00  26.00
Cell [19,66]: 0.00  0.00  7.00  26.00  40.00  26.00  24.00  45.00  66.00
Cell [19,67]: 273.00  15.00  17.00  17.00  23.00  15.00  26.00  51.00  190.00
Cell [19,68]: 145.00  30.00  31.00  1.00  2.00  0.00  17.00  43.00  3031.00
Cell [19,69]: 201.00  348.00  194.00  62.00  114.00  10.00  9.00  49.00  116.00
Cell [19,70]: 62.00  17.00  65.00  12.00  70.00  106.00  80.00  420.00  215.00
Cell [19,71]: 215.00  0.00  15.00  0.00  0.00  0.00  0.00  59.00  2265.00
Cell [19,72]: 154.00  0.00  3.00  0.00  3.00  0.00  3.00  0.00  2839.00
Cell [19,73]: 48.00  12.00  0.00  2.00  0.00  0.00  16.00  47.00  3089.00
Cell [19,74]: 47.00  35.00  43.00  72.00  6.00  10.00  18.00  110.00  62.00
Cell [19,75]: 10.00  1.00  0.00  0.00  14.00  14.00  22.00  184.00  215.00
Cell [19,76]: 5.00  2.00  2.00  18.00  31.00  8.00  25.00  57.00  37.00
Cell [19,77]: 2.00  7.00  30.00  22.00  17.00  15.00  3.00  4.00  1.00
Cell [19,78]: 15.00  35.00  59.00  9.00  0.00  0.00  0.00  0.00  4.00
Cell [19,79]: 68.00  63.00  38.00  6.00  1.00  10.00  5.00  25.00  87.00
Cell [19,80]: 59.00  57.00  12.00  0.00  0.00  3.00  13.00  142.00  138.00
Cell [19,81]: 13.00  13.00  17.00  11.00  17.00  15.00  234.00  126.00  27.00
Cell [19,82]: 0.00  0.00  2.00  2.00  2.00  19.00  79.00  69.00  282.00
Cell [19,83]: 257.00  32.00  10.00  0.00  1.00  0.00  12.00  23.00  393.00
Cell [19,84]: 154.00  2.00  13.00  10.00  5.00  7.00  15.00  67.00  201.00
Cell [19,85]: 0.00  16.00  72.00  35.00  26.00  45.00  84.00  0.00  1.00
Cell [19,86]: 0.00  43.00  120.00  88.00  210.00  67.00  17.00  0.00  0.00
Cell [19,87]: 3510.00  87.00  0.00  0.00  0.00  0.00  0.00  12.00  207.00
Cell [19,88]: 0.00  0.00  0.00  0.00  0.00  0.00  0.00  0.00  1005.00
Cell [19,89]: 8.00  2.00  2.00  4.00  20.00  17.00  8.00  12.00  106.00
Cell [19,90]: 15.00  46.00  93.00  30.00  6.00  0.00  0.00  0.00  5.00
Cell [19,91]: 108.00  264.00  24.00  0.00  0.00  0.00  0.00  0.00  0.00
Cell [19,92]: 38.00  67.00  23.00  6.00  14.00  18.00  65.00  49.00  0.00
Cell [19,93]: 0.00  0.00  0.00  0.00  0.00  0.00  0.00  534.00  9.00
Cell [19,94]: 0.00  0.00  0.00  0.00  0.00  0.00  169.00  291.00  7.00
Cell [19,95]: 0.00  0.00  0.00  0.00  9.00  101.00  93.00  62.00  31.00
Cell [19,96]: 3303.00  197.00  13.00  13.00  6.00  5.00  25.00  0.00  0.00
Cell [19,97]: 558.00  35.00  34.00  4.00  7.00  0.00  0.00  62.00  226.00
Cell [19,98]: 265.00  25.00  41.00  178.00  6.00  10.00  0.00  6.00  22.00
Cell [19,99]: 0.00  20.00  64.00  97.00  81.00  31.00  28.00  39.00  15.00
Cell [19,100]: 50.00  54.00  10.00  10.00  17.00  8.00  6.00  8.00  50.00
Cell [19,101]: 1349.00  23.00  35.00  13.00  2.00  1.00  4.00  8.00  6.00
Cell [19,102]: 1907.00  48.00  4.00  6.00  8.00  10.00  0.00  3.00  6.00
Cell [19,103]: 31.00  12.00  6.00  5.00  4.00  2.00  0.00  3.00  286.00
Cell [19,104]: 149.00  0.00  44.00  0.00  0.00  0.00  0.00  169.00  3484.00
Cell [19,105]: 53.00  63.00  45.00  32.00  239.00  1078.00  1224.00  71.00  474.00
Cell [19,106]: 30.00  43.00  24.00  0.00  2360.00  459.00  205.00  10.00  44.00
Cell [19,107]: 402.00  894.00  211.00  1235.00  574.00  20.00  46.00  0.00  52.00
Cell [19,108]: 917.00  2017.00  161.00  435.00  315.00  374.00  176.00  220.00  30.00
Cell [19,109]: 713.00  1313.00  3.00  0.00  4.00  3.00  0.00  0.00  17.00
Cell [19,110]: 74.00  56.00  19.00  3.00  5.00  1.00  6.00  7.00  38.00
Cell [19,111]: 893.00  14.00  0.00  0.00  0.00  0.00  0.00  0.00  788.00
Cell [19,112]: 853.00  20.00  28.00  32.00  41.00  116.00  150.00  30.00  486.00
Cell [19,113]: 149.00  132.00  54.00  34.00  59.00  84.00  15.00  15.00  26.00
Cell [19,114]: 66.00  213.00  159.00  185.00  83.00  85.00  75.00  153.00  130.00
Cell [19,115]: 133.00  14.00  540.00  343.00  443.00  733.00  624.00  296.00  472.00
Cell [19,116]: 334.00  149.00  0.00  0.00  0.00  0.00  0.00  210.00  1357.00
Cell [19,117]: 27.00  10.00  3.00  49.00  4.00  8.00  20.00  316.00  1995.00
Cell [19,118]: 31.00  17.00  5.00  11.00  6.00  5.00  4.00  65.00  3337.00
Cell [19,119]: 0.00  4.00  24.00  49.00  17.00  20.00  60.00  0.00  0.00
Cell [19,120]: 0.00  29.00  147.00  22.00  18.00  14.00  0.00  0.00  0.00
Cell [19,121]: 4.00  49.00  84.00  14.00  10.00  13.00  25.00  4.00  0.00
Cell [19,122]: 0.00  0.00  0.00  0.00  0.00  0.00  12.00  78.00  82.00
Cell [19,123]: 6.00  20.00  4.00  0.00  0.00  1.00  1.00  9.00  15.00
Cell [19,124]: 25.00  8.00  3.00  0.00  0.00  0.00  0.00  57.00  58.00
Cell [19,125]: 20.00  4.00  1.00  3.00  1.00  7.00  21.00  24.00  30.00
Cell [19,126]: 122.00  3.00  0.00  0.00  0.00  0.00  0.00  0.00  165.00
Cell [19,127]: 60.00  23.00  14.00  17.00  9.00  30.00  39.00  22.00  79.00
Cell [20,0]: 0.00  0.00  8.00  8.00  37.00  44.00  74.00  115.00  0.00
Cell [20,1]: 29.00  96.00  45.00  9.00  5.00  3.00  3.00  4.00  13.00
Cell [20,2]: 5.00  51.00  48.00  10.00  0.00  2.00  2.00  5.00  5.00
Cell [20,3]: 90.00  80.00  57.00  0.00  0.00  0.00  0.00  0.00  9.00
Cell [20,4]: 187.00  0.00  0.00  0.00  0.00  0.00  0.00  0.00  71.00
Cell [20,5]: 520.00  20.00  4.00  1.00  0.00  3.00  1.00  8.00  9.00
Cell [20,6]: 1857.00  0.00  0.00  0.00  0.00  0.00  0.00  0.00  0.00
Cell [20,7]: 177.00  38.00  12.00  6.00  10.00  6.00  24.00  152.00  0.00
Cell [20,8]: 0.00  0.00  0.00  0.00  0.00  23.00  241.00  253.00  0.00
Cell [20,9]: 0.00  0.00  0.00  10.00  17.00  155.00  108.00  39.00  12.00
Cell [20,10]: 143.00  74.00  29.00  14.00  1.00  0.00  4.00  19.00  68.00
Cell [20,11]: 2464.00  132.00  10.00  7.00  5.00  14.00  33.00  31.00  44.00
Cell [20,12]: 984.00  38.00  7.00  1.00  0.00  0.00  0.00  0.00  36.00
Cell [20,13]: 392.00  13.00  0.00  0.00  1.00  0.00  0.00  2.00  20.00
Cell [20,14]: 486.00  40.00  1.00  0.00  0.00  1.00  0.00  2.00  238.00
Cell [20,15]: 213.00  30.00  77.00  89.00  39.00  29.00  124.00  341.00  346.00
Cell [20,16]: 1045.00  59.00  96.00  11.00  15.00  2.00  6.00  18.00  51.00
Cell [20,17]: 0.00  0.00  0.00  0.00  0.00  9.00  60.00  99.00  167.00
Cell [20,18]: 16.00  7.00  2.00  5.00  2.00  14.00  46.00  10.00  187.00
Cell [20,19]: 0.00  2.00  0.00  0.00  3.00  11.00  288.00  564.00  16.00
Cell [20,20]: 41.00  306.00  27.00  126.00  62.00  27.00  90.00  288.00  206.00
Cell [20,21]: 250.00  294.00  3.00  0.00  0.00  1.00  2.00  11.00  85.00
Cell [20,22]: 19.00  1.00  103.00  21.00  7.00  3.00  2.00  3.00  4.00
Cell [20,23]: 54.00  6.00  6.00  7.00  6.00  2.00  6.00  13.00  24.00
Cell [20,24]: 264.00  105.00  27.00  7.00  16.00  36.00  0.00  0.00  0.00
Cell [20,25]: 9.00  12.00  8.00  16.00  13.00  7.00  19.00  24.00  2331.00
Cell [20,26]: 705.00  3.00  0.00  0.00  0.00  2.00  3.00  35.00  290.00
Cell [20,27]: 45.00  10.00  0.00  0.00  5.00  6.00  8.00  89.00  1566.00
Cell [20,28]: 88.00  16.00  0.00  0.00  0.00  0.00  0.00  0.00  1613.00
Cell [20,29]: 0.00  0.00  0.00  0.00  0.00  0.00  0.00  0.00  2294.00
Cell [20,30]: 0.00  55.00  27.00  9.00  2.00  0.00  3.00  25.00  2459.00
Cell [20,31]: 46.00  0.00  0.00  15.00  29.00  28.00  33.00  67.00  29.00
Cell [20,32]: 31.00  17.00  13.00  37.00  40.00  18.00  46.00  59.00  17.00
Cell [20,33]: 0.00  18.00  47.00  191.00  194.00  0.00  0.00  0.00  0.00
Cell [20,34]: 0.00  0.00  0.00  53.00  412.00  27.00  0.00  0.00  0.00
Cell [20,35]: 0.00  0.00  23.00  276.00  56.00  18.00  7.00  0.00  0.00
Cell [20,36]: 0.00  0.00  0.00  0.00  0.00  12.00  35.00  182.00  133.00
Cell [20,37]: 3.00  0.00  0.00  0.00  2.00  16.00  134.00  2.00  26.00
Cell [20,38]: 0.00  14.00  19.00  29.00  98.00  45.00  32.00  4.00  0.00
Cell [20,39]: 125.00  10.00  11.00  0.00  0.00  0.00  0.00  50.00  304.00
Cell [20,40]: 1803.00  35.00  1.00  2.00  2.00  8.00  23.00  5.00  539.00
Cell [20,41]: 6.00  2.00  0.00  16.00  31.00  19.00  33.00  55.00  3.00
Cell [20,42]: 0.00  0.00  0.00  0.00  0.00  24.00  49.00  391.00  0.00
Cell [20,43]: 62.00  206.00  49.00  26.00  20.00  0.00  0.00  0.00  2.00
Cell [20,44]: 2.00  8.00  52.00  27.00  44.00  2.00  1.00  2.00  0.00
Cell [20,45]: 21.00  10.00  29.00  59.00  13.00  10.00  5.00  6.00  62.00
Cell [20,46]: 244.00  9.00  0.00  0.00  0.00  0.00  0.00  0.00  141.00
Cell [20,47]: 44.00  41.00  16.00  6.00  24.00  13.00  9.00  19.00  42.00
Cell [20,48]: 1991.00  0.00  0.00  0.00  0.00  0.00  0.00  0.00  0.00
Cell [20,49]: 830.00  31.00  7.00  0.00  4.00  0.00  1.00  1.00  9.00
Cell [20,50]: 129.00  0.00  0.00  0.00  0.00  0.00  29.00  78.00  140.00
Cell [20,51]: 42.00  22.00  0.00  0.00  0.00  2.00  187.00  89.00  42.00
Cell [20,52]: 24.00  74.00  51.00  15.00  45.00  54.00  83.00  39.00  27.00
Cell [20,53]: 56.00  141.00  38.00  0.00  0.00  0.00  27.00  54.00  93.00
Cell [20,54]: 3487.00  31.00  0.00  8.00  6.00  0.00  5.00  31.00  11.00
Cell [20,55]: 690.00  22.00  12.00  0.00  0.00  0.00  0.00  5.00  67.00
Cell [20,56]: 499.00  23.00  0.00  0.00  0.00  0.00  0.00  0.00  137.00
Cell [20,57]: 125.00  91.00  21.00  11.00  3.00  0.00  5.00  67.00  411.00
Cell [20,58]: 157.00  58.00  11.00  0.00  1.00  22.00  0.00  593.00  1283.00
Cell [20,59]: 2416.00  269.00  28.00  14.00  0.00  2.00  11.00  0.00  0.00
Cell [20,60]: 30.00  23.00  6.00  5.00  0.00  0.00  195.00  305.00  91.00
Cell [20,61]: 10.00  1.00  1.00  0.00  0.00  9.00  47.00  237.00  279.00
Cell [20,62]: 5.00  3.00  2.00  0.00  6.00  17.00  144.00  962.00  31.00
Cell [20,63]: 14.00  2.00  12.00  26.00  49.00  256.00  38.00  832.00  165.00
Cell [20,64]: 830.00  520.00  194.00  0.00  3.00  0.00  0.00  39.00  67.00
Cell [20,65]: 7.00  96.00  192.00  16.00  6.00  0.00  0.00  5.00  4.00
Cell [20,66]: 108.00  5.00  10.00  12.00  5.00  2.00  10.00  14.00  66.00
Cell [20,67]: 510.00  107.00  13.00  3.00  1.00  2.00  0.00  4.00  9.00
Cell [20,68]: 99.00  41.00  93.00  17.00  14.00  30.00  100.00  221.00  2517.00
Cell [20,69]: 192.00  19.00  113.00  14.00  14.00  19.00  16.00  238.00  1326.00
Cell [20,70]: 104.00  14.00  15.00  21.00  27.00  17.00  17.00  290.00  1285.00
Cell [20,71]: 453.00  37.00  6.00  0.00  0.00  0.00  9.00  142.00  1327.00
Cell [20,72]: 45.00  0.00  0.00  1.00  0.00  0.00  0.00  0.00  2664.00
Cell [20,73]: 107.00  0.00  6.00  0.00  0.00  4.00  0.00  148.00  2808.00
Cell [20,74]: 2.00  1.00  35.00  72.00  17.00  8.00  23.00  191.00  1030.00
Cell [20,75]: 47.00  72.00  0.00  0.00  5.00  7.00  9.00  181.00  55.00
Cell [20,76]: 21.00  41.00  46.00  177.00  149.00  25.00  24.00  43.00  4.00
Cell [20,77]: 0.00  0.00  0.00  42.00  682.00  8.00  0.00  0.00  0.00
Cell [20,78]: 0.00  0.00  85.00  132.00  457.00  0.00  0.00  0.00  0.00
Cell [20,79]: 0.00  0.00  216.00  94.00  48.00  42.00  105.00  30.00  70.00
Cell [20,80]: 8.00  15.00  18.00  20.00  11.00  22.00  21.00  172.00  81.00
Cell [20,81]: 2.00  9.00  4.00  6.00  20.00  162.00  124.00  30.00  1.00
Cell [20,82]: 90.00  24.00  51.00  28.00  28.00  31.00  11.00  0.00  185.00
Cell [20,83]: 450.00  34.00  21.00  8.00  15.00  17.00  46.00  228.00  176.00
Cell [20,84]: 0.00  0.00  3.00  43.00  42.00  43.00  63.00  416.00  105.00
Cell [20,85]: 0.00  17.00  204.00  238.00  0.00  0.00  0.00  0.00  0.00
Cell [20,86]: 0.00  0.00  122.00  130.00  324.00  56.00  0.00  0.00  0.00
Cell [20,87]: 2696.00  41.00  18.00  65.00  0.00  0.00  0.00  0.00  572.00
Cell [20,88]: 622.00  288.00  0.00  0.00  0.00  0.00  0.00  0.00  125.00
Cell [20,89]: 65.00  32.00  37.00  22.00  17.00  13.00  10.00  16.00  57.00
Cell [20,90]: 145.00  54.00  0.00  0.00  0.00  0.00  0.00  12.00  38.00
Cell [20,91]: 248.00  24.00  0.00  0.00  0.00  0.00  0.00  0.00  15.00
Cell [20,92]: 44.00  30.00  4.00  2.00  0.00  0.00  1.00  11.00  52.00
Cell [20,93]: 93.00  207.00  0.00  0.00  0.00  0.00  0.00  34.00  96.00
Cell [20,94]: 111.00  186.00  0.00  0.00  0.00  0.00  0.00  36.00  132.00
Cell [20,95]: 171.00  101.00  48.00  4.00  0.00  3.00  0.00  1.00  48.00
Cell [20,96]: 3299.00  59.00  7.00  30.00  6.00  2.00  4.00  0.00  14.00
Cell [20,97]: 369.00  430.00  18.00  12.00  0.00  19.00  0.00  13.00  247.00
Cell [20,98]: 336.00  203.00  454.00  371.00  357.00  364.00  200.00  84.00  214.00
Cell [20,99]: 120.00  241.00  95.00  190.00  78.00  104.00  143.00  130.00  373.00
Cell [20,100]: 23.00  45.00  9.00  3.00  3.00  4.00  9.00  16.00  13.00
Cell [20,101]: 1721.00  1.00  1.00  0.00  2.00  2.00  1.00  6.00  62.00
Cell [20,102]: 1421.00  0.00  20.00  3.00  8.00  7.00  17.00  5.00  14.00
Cell [20,103]: 15.00  9.00  8.00  17.00  14.00  11.00  0.00  0.00  62.00
Cell [20,104]: 0.00  0.00  0.00  0.00  0.00  0.00  0.00  39.00  2067.00
Cell [20,105]: 99.00  11.00  47.00  174.00  90.00  0.00  0.00  0.00  3061.00
Cell [20,106]: 27.00  0.00  18.00  151.00  338.00  9.00  9.00  23.00  29.00
Cell [20,107]: 59.00  271.00  59.00  148.00  120.00  56.00  7.00  4.00  0.00
Cell [20,108]: 2234.00  2693.00  0.00  0.00  0.00  0.00  0.00  3.00  0.00
Cell [20,109]: 102.00  251.00  1.00  0.00  0.00  0.00  1.00  0.00  1.00
Cell [20,110]: 71.00  12.00  9.00  4.00  1.00  0.00  2.00  2.00  76.00
Cell [20,111]: 243.00  0.00  0.00  0.00  0.00  0.00  0.00  0.00  1435.00
Cell [20,112]: 971.00  41.00  4.00  7.00  3.00  0.00  30.00  25.00  946.00
Cell [20,113]: 99.00  126.00  42.00  21.00  19.00  21.00  100.00  82.00  45.00
Cell [20,114]: 210.00  207.00  54.00  185.00  61.00  117.00  197.00  196.00  90.00
Cell [20,115]: 820.00  1026.00  793.00  558.00  690.00  374.00  624.00  341.00  605.00
Cell [20,116]: 466.00  57.00  0.00  49.00  65.00  74.00  44.00  241.00  1431.00
Cell [20,117]: 86.00  0.00  0.00  0.00  0.00  0.00  0.00  17.00  2392.00
Cell [20,118]: 150.00  20.00  17.00  30.00  0.00  7.00  15.00  16.00  2859.00
Cell [20,119]: 0.00  42.00  14.00  13.00  58.00  80.00  28.00  45.00  109.00
Cell [20,120]: 0.00  45.00  122.00  58.00  66.00  0.00  0.00  0.00  0.00
Cell [20,121]: 0.00  40.00  94.00  43.00  49.00  36.00  41.00  0.00  0.00
Cell [20,122]: 0.00  0.00  0.00  0.00  0.00  0.00  99.00  243.00  0.00
Cell [20,123]: 0.00  7.00  46.00  37.00  12.00  25.00  12.00  0.00  0.00
Cell [20,124]: 0.00  76.00  51.00  54.00  0.00  0.00  0.00  0.00  0.00
Cell [20,125]: 4.00  40.00  53.00  44.00  0.00  0.00  0.00  0.00  0.00
Cell [20,126]: 174.00  133.00  57.00  0.00  0.00  0.00  0.00  0.00  7.00
Cell [20,127]: 41.00  143.00  25.00  13.00  13.00  36.00  15.00  0.00  0.00
Cell [21,0]: 16.00  0.00  0.00  0.00  0.00  0.00  14.00  47.00  90.00
Cell [21,1]: 13.00  5.00  7.00  14.00  7.00  5.00  3.00  4.00  4.00
Cell [21,2]: 11.00  27.00  85.00  34.00  0.00  0.00  0.00  4.00  30.00
Cell [21,3]: 22.00  56.00  78.00  0.00  0.00  0.00  0.00  0.00  9.00
Cell [21,4]: 107.00  32.00  0.00  0.00  0.00  0.00  0.00  1.00  11.00
Cell [21,5]: 24.00  10.00  4.00  0.00  0.00  0.00  5.00  6.00  539.00
Cell [21,6]: 876.00  0.00  0.00  0.00  0.00  0.00  0.00  0.00  971.00
Cell [21,7]: 63.00  6.00  0.00  0.00  3.00  0.00  3.00  39.00  226.00
Cell [21,8]: 0.00  0.00  0.00  0.00  0.00  7.00  84.00  218.00  24.00
Cell [21,9]: 0.00  0.00  0.00  0.00  0.00  0.00  0.00  316.00  70.00
Cell [21,10]: 21.00  28.00  8.00  8.00  1.00  12.00  3.00  14.00  25.00
Cell [21,11]: 2963.00  29.00  0.00  2.00  0.00  3.00  14.00  7.00  4.00
Cell [21,12]: 605.00  41.00  0.00  6.00  2.00  0.00  1.00  2.00  10.00
Cell [21,13]: 173.00  97.00  102.00  72.00  55.00  26.00  1.00  0.00  63.00
Cell [21,14]: 207.00  63.00  8.00  5.00  2.00  12.00  0.00  31.00  83.00
Cell [21,15]: 76.00  23.00  67.00  19.00  34.00  34.00  187.00  374.00  1229.00
Cell [21,16]: 1397.00  3.00  63.00  6.00  0.00  0.00  15.00  48.00  216.00
Cell [21,17]: 0.00  0.00  0.00  0.00  0.00  0.00  30.00  55.00  164.00
Cell [21,18]: 3.00  1.00  0.00  0.00  0.00  0.00  8.00  62.00  82.00
Cell [21,19]: 0.00  0.00  0.00  0.00  0.00  0.00  18.00  491.00  12.00
Cell [21,20]: 2.00  0.00  1.00  0.00  1.00  2.00  11.00  816.00  38.00
Cell [21,21]: 37.00  32.00  56.00  11.00  2.00  6.00  6.00  234.00  107.00
Cell [21,22]: 80.00  84.00  20.00  4.00  0.00  1.00  0.00  2.00  5.00
Cell [21,23]: 22.00  14.00  18.00  2.00  3.00  1.00  2.00  4.00  12.00
Cell [21,24]: 401.00  68.00  9.00  5.00  1.00  0.00  0.00  0.00  6.00
Cell [21,25]: 436.00  3.00  3.00  4.00  0.00  0.00  0.00  78.00  1926.00
Cell [21,26]: 122.00  11.00  0.00  0.00  0.00  1.00  4.00  98.00  762.00
Cell [21,27]: 367.00  60.00  0.00  0.00  12.00  33.00  17.00  120.00  1050.00
Cell [21,28]: 159.00  122.00  106.00  71.00  43.00  126.00  74.00  274.00  1148.00
Cell [21,29]: 0.00  0.00  0.00  0.00  0.00  0.00  4.00  67.00  1790.00
Cell [21,30]: 0.00  21.00  26.00  4.00  4.00  7.00  11.00  40.00  2696.00
Cell [21,31]: 43.00  0.00  0.00  6.00  12.00  16.00  14.00  76.00  181.00
Cell [21,32]: 84.00  44.00  15.00  8.00  0.00  6.00  5.00  17.00  48.00
Cell [21,33]: 118.00  98.00  16.00  5.00  1.00  0.00  0.00  3.00  0.00
Cell [21,34]: 5.00  3.00  5.00  6.00  46.00  6.00  1.00  3.00  7.00
Cell [21,35]: 18.00  2.00  1.00  13.00  14.00  12.00  12.00  5.00  12.00
Cell [21,36]: 127.00  0.00  0.00  0.00  0.00  0.00  67.00  78.00  149.00
Cell [21,37]: 7.00  3.00  3.00  8.00  0.00  0.00  70.00  67.00  29.00
Cell [21,38]: 10.00  16.00  29.00  13.00  9.00  18.00  49.00  18.00  14.00
Cell [21,39]: 347.00  0.00  0.00  0.00  0.00  0.00  0.00  55.00  375.00
Cell [21,40]: 1251.00  2.00  0.00  12.00  3.00  1.00  0.00  0.00  987.00
Cell [21,41]: 3.00  16.00  18.00  22.00  29.00  22.00  37.00  2.00  4.00
Cell [21,42]: 0.00  0.00  0.00  0.00  0.00  11.00  11.00  87.00  166.00
Cell [21,43]: 11.00  15.00  21.00  63.00  18.00  2.00  1.00  2.00  7.00
Cell [21,44]: 18.00  28.00  75.00  37.00  52.00  2.00  0.00  0.00  11.00
Cell [21,45]: 22.00  24.00  64.00  87.00  86.00  17.00  4.00  0.00  14.00
Cell [21,46]: 155.00  41.00  20.00  11.00  11.00  3.00  2.00  1.00  25.00
Cell [21,47]: 40.00  20.00  25.00  4.00  6.00  1.00  13.00  11.00  72.00
Cell [21,48]: 937.00  0.00  0.00  0.00  0.00  0.00  0.00  0.00  1115.00
Cell [21,49]: 421.00  8.00  0.00  0.00  0.00  3.00  0.00  11.00  352.00
Cell [21,50]: 19.00  0.00  0.00  0.00  0.00  0.00  99.00  91.00  132.00
Cell [21,51]: 16.00  0.00  0.00  0.00  0.00  62.00  61.00  96.00  150.00
Cell [21,52]: 122.00  33.00  11.00  3.00  4.00  6.00  16.00  47.00  54.00
Cell [21,53]: 68.00  0.00  0.00  1.00  0.00  1.00  27.00  28.00  117.00
Cell [21,54]: 3401.00  24.00  0.00  0.00  2.00  0.00  0.00  12.00  9.00
Cell [21,55]: 654.00  92.00  6.00  0.00  0.00  1.00  6.00  6.00  63.00
Cell [21,56]: 171.00  187.00  325.00  49.00  79.00  0.00  43.00  3.00  167.00
Cell [21,57]: 103.00  205.00  75.00  12.00  2.00  14.00  19.00  41.00  126.00
Cell [21,58]: 199.00  7.00  17.00  18.00  26.00  21.00  289.00  479.00  1463.00
Cell [21,59]: 2540.00  63.00  47.00  0.00  30.00  47.00  29.00  22.00  65.00
Cell [21,60]: 13.00  0.00  1.00  4.00  4.00  4.00  147.00  101.00  5.00
Cell [21,61]: 1.00  0.00  1.00  0.00  0.00  4.00  142.00  491.00  16.00
Cell [21,62]: 0.00  0.00  0.00  0.00  1.00  0.00  27.00  805.00  2.00
Cell [21,63]: 3.00  7.00  18.00  7.00  2.00  3.00  128.00  1011.00  19.00
Cell [21,64]: 73.00  63.00  53.00  5.00  6.00  9.00  33.00  242.00  188.00
Cell [21,65]: 28.00  119.00  110.00  2.00  0.00  0.00  0.00  0.00  1.00
Cell [21,66]: 61.00  118.00  12.00  4.00  2.00  1.00  1.00  2.00  6.00
Cell [21,67]: 509.00  370.00  5.00  0.00  0.00  0.00  0.00  1.00  0.00
Cell [21,68]: 784.00  21.00  0.00  0.00  0.00  0.00  0.00  95.00  1822.00
Cell [21,69]: 181.00  246.00  24.00  30.00  0.00  30.00  47.00  361.00  417.00
Cell [21,70]: 166.00  19.00  42.00  0.00  8.00  0.00  102.00  727.00  812.00
Cell [21,71]: 260.00  106.00  11.00  190.00  49.00  117.00  163.00  258.00  847.00
Cell [21,72]: 168.00  0.00  0.00  0.00  0.00  0.00  0.00  106.00  2781.00
Cell [21,73]: 43.00  7.00  3.00  0.00  0.00  2.00  8.00  492.00  2185.00
Cell [21,74]: 0.00  0.00  0.00  7.00  4.00  14.00  44.00  119.00  2003.00
Cell [21,75]: 99.00  43.00  6.00  9.00  3.00  2.00  5.00  9.00  259.00
Cell [21,76]: 103.00  61.00  75.00  6.00  0.00  0.00  1.00  6.00  147.00
Cell [21,77]: 13.00  9.00  17.00  32.00  91.00  25.00  12.00  19.00  13.00
Cell [21,78]: 0.00  4.00  16.00  77.00  94.00  99.00  26.00  6.00  0.00
Cell [21,79]: 136.00  43.00  41.00  13.00  9.00  10.00  5.00  31.00  21.00
Cell [21,80]: 137.00  3.00  0.00  0.00  0.00  44.00  41.00  31.00  66.00
Cell [21,81]: 9.00  4.00  8.00  10.00  3.00  10.00  120.00  18.00  10.00
Cell [21,82]: 50.00  3.00  8.00  35.00  19.00  24.00  67.00  27.00  138.00
Cell [21,83]: 213.00  7.00  4.00  0.00  0.00  0.00  0.00  9.00  929.00
Cell [21,84]: 50.00  4.00  0.00  1.00  1.00  1.00  0.00  4.00  623.00
Cell [21,85]: 51.00  39.00  25.00  0.00  0.00  0.00  58.00  130.00  96.00
Cell [21,86]: 137.00  86.00  82.00  69.00  49.00  53.00  0.00  0.00  132.00
Cell [21,87]: 1678.00  70.00  0.00  60.00  0.00  0.00  0.00  0.00  699.00
Cell [21,88]: 153.00  904.00  76.00  0.00  0.00  0.00  0.00  0.00  0.00
Cell [21,89]: 0.00  0.00  16.00  90.00  84.00  99.00  95.00  88.00  0.00
Cell [21,90]: 0.00  0.00  0.00  0.00  0.00  0.00  0.00  413.00  54.00
Cell [21,91]: 44.00  7.00  0.00  0.00  0.00  6.00  21.00  133.00  51.00
Cell [21,92]: 6.00  64.00  67.00  26.00  19.00  34.00  17.00  32.00  4.00
Cell [21,93]: 96.00  338.00  127.00  0.00  0.00  0.00  0.00  0.00  0.00
Cell [21,94]: 0.00  423.00  146.00  0.00  0.00  0.00  0.00  0.00  0.00
Cell [21,95]: 1052.00  68.00  190.00  8.00  0.00  0.00  2.00  5.00  19.00
Cell [21,96]: 2652.00  45.00  23.00  5.00  5.00  1.00  12.00  4.00  10.00
Cell [21,97]: 335.00  258.00  10.00  0.00  1.00  0.00  4.00  3.00  392.00
Cell [21,98]: 40.00  13.00  13.00  8.00  0.00  0.00  17.00  137.00  1306.00
Cell [21,99]: 14.00  36.00  19.00  13.00  35.00  17.00  30.00  25.00  16.00
Cell [21,100]: 15.00  21.00  15.00  4.00  4.00  6.00  8.00  9.00  8.00
Cell [21,101]: 2666.00  25.00  0.00  1.00  2.00  2.00  2.00  0.00  25.00
Cell [21,102]: 515.00  37.00  10.00  21.00  24.00  37.00  3.00  0.00  10.00
Cell [21,103]: 0.00  11.00  20.00  12.00  18.00  20.00  23.00  4.00  0.00
Cell [21,104]: 15.00  1.00  1.00  0.00  0.00  0.00  0.00  38.00  453.00
Cell [21,105]: 45.00  13.00  26.00  31.00  22.00  0.00  0.00  0.00  5208.00
Cell [21,106]: 228.00  0.00  0.00  0.00  7.00  36.00  71.00  65.00  159.00
Cell [21,107]: 137.00  1498.00  218.00  18.00  0.00  0.00  0.00  0.00  0.00
Cell [21,108]: 1461.00  2117.00  8.00  1.00  0.00  0.00  0.00  0.00  39.00
Cell [21,109]: 55.00  9.00  0.00  1.00  0.00  1.00  2.00  30.00  24.00
Cell [21,110]: 24.00  4.00  0.00  0.00  0.00  0.00  0.00  2.00  71.00
Cell [21,111]: 51.00  3.00  1.00  0.00  0.00  0.00  2.00  22.00  1382.00
Cell [21,112]: 379.00  22.00  17.00  5.00  15.00  26.00  13.00  5.00  1845.00
Cell [21,113]: 97.00  13.00  35.00  38.00  44.00  43.00  56.00  55.00  88.00
Cell [21,114]: 53.00  187.00  155.00  165.00  73.00  47.00  74.00  90.00  52.00
Cell [21,115]: 77.00  108.00  22.00  0.00  32.00  50.00  93.00  346.00  1005.00
Cell [21,116]: 99.00  2.00  11.00  0.00  8.00  9.00  32.00  482.00  1383.00
Cell [21,117]: 126.00  0.00  0.00  0.00  0.00  0.00  0.00  0.00  2223.00
Cell [21,118]: 252.00  52.00  8.00  0.00  1.00  17.00  49.00  136.00  1973.00
Cell [21,119]: 18.00  32.00  8.00  24.00  60.00  4.00  0.00  34.00  1022.00
Cell [21,120]: 0.00  0.00  224.00  67.00  26.00  0.00  0.00  0.00  0.00
Cell [21,121]: 0.00  0.00  157.00  81.00  63.00  43.00  58.00  0.00  0.00
Cell [21,122]: 0.00  0.00  0.00  0.00  0.00  16.00  413.00  49.00  0.00
Cell [21,123]: 0.00  0.00  0.00  50.00  162.00  77.00  18.00  0.00  0.00
Cell [21,124]: 0.00  0.00  62.00  158.00  55.00  0.00  0.00  0.00  0.00
Cell [21,125]: 0.00  21.00  118.00  90.00  13.00  0.00  0.00  0.00  0.00
Cell [21,126]: 25.00  243.00  174.00  0.00  0.00  0.00  0.00  0.00  0.00
Cell [21,127]: 22.00  100.00  91.00  28.00  23.00  61.00  13.00  0.00  0.00
Cell [22,0]: 21.00  0.00  0.00  0.00  4.00  15.00  18.00  35.00  58.00
Cell [22,1]: 4.00  5.00  0.00  0.00  5.00  62.00  32.00  10.00  5.00
Cell [22,2]: 15.00  47.00  32.00  0.00  0.00  0.00  17.00  66.00  18.00
Cell [22,3]: 70.00  14.00  9.00  0.00  0.00  0.00  3.00  33.00  46.00
Cell [22,4]: 115.00  23.00  0.00  0.00  0.00  0.00  0.00  0.00  36.00
Cell [22,5]: 13.00  11.00  6.00  0.00  0.00  5.00  0.00  12.00  560.00
Cell [22,6]: 0.00  0.00  0.00  0.00  0.00  0.00  0.00  0.00  1840.00
Cell [22,7]: 2.00  1.00  0.00  0.00  0.00  0.00  0.00  2.00  357.00
Cell [22,8]: 15.00  9.00  0.00  0.00  0.00  0.00  0.00  96.00  64.00
Cell [22,9]: 140.00  0.00  0.00  0.00  0.00  0.00  0.00  55.00  215.00
Cell [22,10]: 22.00  30.00  4.00  0.00  2.00  2.00  7.00  12.00  12.00
Cell [22,11]: 2998.00  10.00  0.00  0.00  1.00  0.00  0.00  0.00  4.00
Cell [22,12]: 713.00  18.00  2.00  0.00  1.00  0.00  2.00  3.00  28.00
Cell [22,13]: 535.00  139.00  81.00  20.00  26.00  0.00  10.00  94.00  316.00
Cell [22,14]: 342.00  98.00  14.00  3.00  0.00  1.00  3.00  5.00  59.00
Cell [22,15]: 148.00  22.00  1.00  14.00  16.00  16.00  35.00  254.00  1407.00
Cell [22,16]: 1797.00  9.00  0.00  0.00  0.00  0.00  0.00  0.00  8.00
Cell [22,17]: 22.00  8.00  0.00  0.00  0.00  0.00  0.00  5.00  116.00
Cell [22,18]: 4.00  0.00  0.00  0.00  1.00  1.00  0.00  57.00  90.00
Cell [22,19]: 2.00  1.00  1.00  0.00  0.00  1.00  19.00  119.00  4.00
Cell [22,20]: 0.00  0.00  0.00  0.00  0.00  0.00  95.00  758.00  0.00
Cell [22,21]: 36.00  12.00  4.00  1.00  0.00  16.00  50.00  316.00  358.00
Cell [22,22]: 69.00  30.00  3.00  0.00  0.00  0.00  0.00  0.00  27.00
Cell [22,23]: 58.00  24.00  10.00  0.00  0.00  0.00  0.00  2.00  20.00
Cell [22,24]: 332.00  73.00  0.00  0.00  0.00  0.00  0.00  0.00  10.00
Cell [22,25]: 2056.00  2.00  0.00  0.00  17.00  13.00  9.00  30.00  397.00
Cell [22,26]: 87.00  66.00  31.00  75.00  50.00  0.00  0.00  18.00  439.00
Cell [22,27]: 57.00  4.00  8.00  0.00  0.00  0.00  8.00  51.00  1461.00
Cell [22,28]: 965.00  142.00  140.00  0.00  176.00  53.00  193.00  135.00  1081.00
Cell [22,29]: 3.00  1.00  0.00  0.00  2.00  8.00  0.00  52.00  1397.00
Cell [22,30]: 0.00  0.00  6.00  2.00  3.00  1.00  0.00  59.00  3028.00
Cell [22,31]: 7.00  3.00  7.00  9.00  4.00  16.00  59.00  271.00  5.00
Cell [22,32]: 0.00  50.00  151.00  41.00  60.00  47.00  80.00  0.00  0.00
Cell [22,33]: 0.00  66.00  189.00  66.00  94.00  58.00  3.00  0.00  0.00
Cell [22,34]: 0.00  0.00  2.00  2.00  40.00  322.00  20.00  0.00  0.00
Cell [22,35]: 0.00  0.00  5.00  217.00  69.00  7.00  0.00  0.00  0.00
Cell [22,36]: 0.00  0.00  0.00  6.00  39.00  107.00  360.00  0.00  0.00
Cell [22,37]: 0.00  0.00  0.00  0.00  0.00  28.00  463.00  6.00  0.00
Cell [22,38]: 0.00  4.00  9.00  19.00  12.00  67.00  150.00  33.00  0.00
Cell [22,39]: 676.00  100.00  0.00  0.00  0.00  0.00  0.00  0.00  0.00
Cell [22,40]: 598.00  26.00  8.00  23.00  2.00  1.00  1.00  0.00  1330.00
Cell [22,41]: 5.00  14.00  12.00  13.00  0.00  12.00  41.00  38.00  84.00
Cell [22,42]: 151.00  0.00  0.00  0.00  0.00  0.00  0.00  11.00  117.00
Cell [22,43]: 8.00  2.00  8.00  24.00  56.00  28.00  23.00  17.00  34.00
Cell [22,44]: 10.00  16.00  37.00  41.00  15.00  22.00  45.00  38.00  19.00
Cell [22,45]: 23.00  15.00  2.00  1.00  4.00  8.00  64.00  101.00  36.00
Cell [22,46]: 60.00  0.00  0.00  0.00  0.00  0.00  1.00  14.00  98.00
Cell [22,47]: 137.00  21.00  10.00  6.00  2.00  3.00  11.00  39.00  49.00
Cell [22,48]: 0.00  0.00  0.00  0.00  0.00  0.00  0.00  0.00  2077.00
Cell [22,49]: 0.00  0.00  0.00  0.00  0.00  0.00  1.00  48.00  937.00
Cell [22,50]: 2.00  1.00  0.00  3.00  5.00  1.00  78.00  23.00  4.00
Cell [22,51]: 22.00  0.00  0.00  0.00  0.00  3.00  107.00  204.00  63.00
Cell [22,52]: 60.00  37.00  12.00  14.00  10.00  12.00  102.00  86.00  40.00
Cell [22,53]: 224.00  30.00  15.00  26.00  25.00  6.00  10.00  19.00  26.00
Cell [22,54]: 3065.00  86.00  5.00  1.00  3.00  0.00  0.00  4.00  20.00
Cell [22,55]: 822.00  65.00  7.00  1.00  0.00  7.00  0.00  6.00  20.00
Cell [22,56]: 649.00  601.00  184.00  1.00  136.00  72.00  163.00  279.00  396.00
Cell [22,57]: 449.00  351.00  28.00  6.00  3.00  0.00  1.00  10.00  85.00
Cell [22,58]: 230.00  52.00  25.00  16.00  11.00  3.00  5.00  399.00  1357.00
Cell [22,59]: 2184.00  110.00  0.00  1.00  0.00  11.00  119.00  4.00  45.00
Cell [22,60]: 8.00  21.00  17.00  19.00  38.00  2.00  0.00  4.00  3.00
Cell [22,61]: 2.00  9.00  9.00  12.00  38.00  53.00  258.00  28.00  8.00
Cell [22,62]: 0.00  0.00  2.00  1.00  2.00  2.00  436.00  165.00  9.00
Cell [22,63]: 0.00  0.00  0.00  0.00  1.00  0.00  105.00  951.00  2.00
Cell [22,64]: 37.00  9.00  9.00  0.00  7.00  27.00  146.00  690.00  421.00
Cell [22,65]: 140.00  64.00  12.00  3.00  0.00  3.00  0.00  0.00  6.00
Cell [22,66]: 48.00  91.00  3.00  1.00  0.00  0.00  0.00  2.00  11.00
Cell [22,67]: 671.00  24.00  0.00  0.00  0.00  0.00  0.00  0.00  32.00
Cell [22,68]: 3462.00  0.00  0.00  0.00  0.00  0.00  0.00  1.00  149.00
Cell [22,69]: 30.00  98.00  15.00  36.00  23.00  66.00  196.00  174.00  201.00
Cell [22,70]: 141.00  47.00  13.00  28.00  28.00  50.00  140.00  347.00  320.00
Cell [22,71]: 204.00  213.00  143.00  43.00  42.00  269.00  270.00  336.00  106.00
Cell [22,72]: 1042.00  0.00  0.00  2.00  0.00  3.00  0.00  17.00  1587.00
Cell [22,73]: 72.00  0.00  0.00  0.00  9.00  15.00  12.00  182.00  2671.00
Cell [22,74]: 57.00  17.00  13.00  1.00  15.00  17.00  11.00  96.00  1776.00
Cell [22,75]: 6.00  0.00  0.00  37.00  15.00  40.00  63.00  311.00  101.00
Cell [22,76]: 38.00  284.00  267.00  47.00  0.00  0.00  0.00  0.00  0.00
Cell [22,77]: 0.00  0.00  0.00  30.00  136.00  118.00  218.00  62.00  0.00
Cell [22,78]: 16.00  7.00  18.00  16.00  85.00  87.00  141.00  50.00  11.00
Cell [22,79]: 9.00  10.00  80.00  64.00  43.00  19.00  35.00  12.00  9.00
Cell [22,80]: 0.00  0.00  0.00  0.00  59.00  495.00  26.00  0.00  0.00
Cell [22,81]: 0.00  0.00  0.00  0.00  0.00  132.00  307.00  51.00  0.00
Cell [22,82]: 103.00  107.00  18.00  18.00  0.00  65.00  100.00  0.00  0.00
Cell [22,83]: 801.00  139.00  33.00  7.00  9.00  22.00  0.00  68.00  128.00
Cell [22,84]: 245.00  0.00  0.00  0.00  0.00  0.00  0.00  21.00  415.00
Cell [22,85]: 40.00  30.00  10.00  21.00  8.00  4.00  41.00  42.00  91.00
Cell [22,86]: 189.00  6.00  5.00  1.00  2.00  7.00  0.00  0.00  679.00
Cell [22,87]: 1699.00  7.00  2.00  6.00  5.00  0.00  0.00  0.00  288.00
Cell [22,88]: 1020.00  101.00  17.00  0.00  0.00  0.00  0.00  0.00  0.00
Cell [22,89]: 0.00  10.00  4.00  20.00  21.00  33.00  33.00  66.00  192.00
Cell [22,90]: 0.00  0.00  0.00  0.00  0.00  38.00  59.00  262.00  156.00
Cell [22,91]: 0.00  0.00  0.00  0.00  11.00  311.00  151.00  0.00  0.00
Cell [22,92]: 0.00  17.00  121.00  78.00  98.00  100.00  7.00  0.00  0.00
Cell [22,93]: 57.00  479.00  0.00  0.00  0.00  0.00  0.00  0.00  16.00
Cell [22,94]: 100.00  164.00  31.00  0.00  0.00  0.00  9.00  50.00  20.00
Cell [22,95]: 2666.00  39.00  21.00  0.00  2.00  1.00  0.00  20.00  33.00
Cell [22,96]: 1505.00  78.00  22.00  5.00  0.00  0.00  0.00  0.00  48.00
Cell [22,97]: 416.00  1.00  0.00  3.00  0.00  1.00  0.00  3.00  35.00
Cell [22,98]: 19.00  6.00  6.00  0.00  0.00  5.00  33.00  683.00  707.00
Cell [22,99]: 13.00  22.00  24.00  12.00  7.00  3.00  6.00  72.00  81.00
Cell [22,100]: 49.00  74.00  19.00  3.00  4.00  2.00  5.00  26.00  40.00
Cell [22,101]: 3316.00  79.00  0.00  0.00  0.00  0.00  0.00  4.00  22.00
Cell [22,102]: 19.00  17.00  4.00  1.00  14.00  39.00  22.00  282.00  126.00
Cell [22,103]: 0.00  0.00  0.00  2.00  9.00  17.00  101.00  21.00  7.00
Cell [22,104]: 29.00  2.00  1.00  0.00  5.00  10.00  3.00  28.00  181.00
Cell [22,105]: 0.00  0.00  0.00  2.00  0.00  0.00  0.00  118.00  5676.00
Cell [22,106]: 832.00  0.00  0.00  0.00  0.00  2.00  4.00  78.00  302.00
Cell [22,107]: 768.00  3282.00  0.00  0.00  0.00  0.00  0.00  0.00  0.00
Cell [22,108]: 396.00  768.00  11.00  1.00  5.00  0.00  3.00  22.00  113.00
Cell [22,109]: 0.00  0.00  0.00  7.00  13.00  28.00  18.00  58.00  12.00
Cell [22,110]: 8.00  8.00  21.00  33.00  15.00  3.00  0.00  2.00  1.00
Cell [22,111]: 433.00  0.00  2.00  0.00  0.00  0.00  0.00  36.00  761.00
Cell [22,112]: 908.00  41.00  0.00  3.00  8.00  9.00  14.00  2.00  1625.00
Cell [22,113]: 92.00  176.00  19.00  34.00  55.00  83.00  30.00  70.00  66.00
Cell [22,114]: 115.00  89.00  96.00  94.00  31.00  14.00  74.00  101.00  107.00
Cell [22,115]: 33.00  40.00  14.00  0.00  23.00  16.00  57.00  164.00  943.00
Cell [22,116]: 157.00  53.00  42.00  0.00  15.00  42.00  0.00  152.00  1377.00
Cell [22,117]: 0.00  1.00  0.00  0.00  0.00  0.00  1.00  0.00  2324.00
Cell [22,118]: 31.00  38.00  49.00  14.00  11.00  1.00  13.00  109.00  1609.00
Cell [22,119]: 0.00  10.00  79.00  97.00  5.00  5.00  20.00  94.00  1823.00
Cell [22,120]: 0.00  0.00  415.00  93.00  0.00  0.00  0.00  0.00  0.00
Cell [22,121]: 0.00  0.00  63.00  135.00  62.00  82.00  28.00  7.00  0.00
Cell [22,122]: 0.00  0.00  0.00  0.00  2.00  77.00  242.00  71.00  41.00
Cell [22,123]: 0.00  0.00  38.00  213.00  249.00  69.00  0.00  0.00  0.00
Cell [22,124]: 0.00  0.00  0.00  67.00  670.00  0.00  0.00  0.00  0.00
Cell [22,125]: 0.00  0.00  0.00  100.00  594.00  0.00  0.00  0.00  0.00
Cell [22,126]: 0.00  81.00  409.00  122.00  20.00  0.00  0.00  0.00  0.00
Cell [22,127]: 4.00  7.00  80.00  71.00  43.00  52.00  44.00  43.00  19.00
Cell [23,0]: 23.00  13.00  4.00  0.00  0.00  2.00  13.00  30.00  31.00
Cell [23,1]: 24.00  256.00  12.00  0.00  0.00  0.00  1.00  2.00  3.00
Cell [23,2]: 0.00  33.00  189.00  52.00  6.00  0.00  0.00  0.00  0.00
Cell [23,3]: 7.00  62.00  55.00  22.00  1.00  0.00  0.00  0.00  0.00
Cell [23,4]: 14.00  175.00  13.00  0.00  0.00  0.00  0.00  0.00  0.00
Cell [23,5]: 128.00  5.00  15.00  10.00  8.00  2.00  0.00  21.00  436.00
Cell [23,6]: 262.00  0.00  0.00  0.00  0.00  0.00  0.00  0.00  1509.00
Cell [23,7]: 67.00  0.00  0.00  0.00  0.00  0.00  1.00  15.00  365.00
Cell [23,8]: 30.00  0.00  0.00  0.00  0.00  0.00  0.00  34.00  62.00
Cell [23,9]: 7.00  0.00  0.00  0.00  0.00  0.00  0.00  39.00  394.00
Cell [23,10]: 0.00  74.00  83.00  26.00  9.00  3.00  8.00  11.00  8.00
Cell [23,11]: 3227.00  19.00  9.00  0.00  0.00  0.00  0.00  6.00  42.00
Cell [23,12]: 676.00  3.00  0.00  0.00  0.00  0.00  0.00  0.00  83.00
Cell [23,13]: 934.00  53.00  4.00  1.00  0.00  0.00  0.00  4.00  22.00
Cell [23,14]: 397.00  140.00  8.00  0.00  4.00  0.00  0.00  2.00  32.00
Cell [23,15]: 143.00  0.00  0.00  0.00  0.00  0.00  0.00  67.00  844.00
Cell [23,16]: 1228.00  3.00  0.00  0.00  0.00  0.00  0.00  1.00  25.00
Cell [23,17]: 24.00  0.00  0.00  0.00  0.00  0.00  4.00  20.00  123.00
Cell [23,18]: 35.00  4.00  0.00  0.00  0.00  0.00  0.00  17.00  75.00
Cell [23,19]: 1.00  1.00  1.00  1.00  5.00  6.00  0.00  4.00  3.00
Cell [23,20]: 0.00  0.00  0.00  0.00  6.00  11.00  74.00  154.00  2.00
Cell [23,21]: 5.00  2.00  0.00  3.00  0.00  9.00  70.00  652.00  41.00
Cell [23,22]: 0.00  37.00  49.00  9.00  6.00  2.00  0.00  1.00  10.00
Cell [23,23]: 203.00  3.00  0.00  0.00  0.00  0.00  4.00  4.00  13.00
Cell [23,24]: 301.00  11.00  2.00  0.00  0.00  0.00  0.00  0.00  0.00
Cell [23,25]: 121.00  32.00  16.00  37.00  19.00  28.00  40.00  26.00  1615.00
Cell [23,26]: 10.00  19.00  30.00  126.00  120.00  60.00  59.00  155.00  35.00
Cell [23,27]: 317.00  30.00  0.00  0.00  6.00  6.00  0.00  59.00  606.00
Cell [23,28]: 174.00  15.00  8.00  4.00  0.00  1.00  8.00  32.00  1356.00
Cell [23,29]: 43.00  1.00  0.00  0.00  0.00  2.00  0.00  8.00  1061.00
Cell [23,30]: 0.00  0.00  0.00  0.00  0.00  0.00  0.00  0.00  3548.00
Cell [23,31]: 6.00  0.00  0.00  1.00  2.00  4.00  23.00  59.00  73.00
Cell [23,32]: 0.00  164.00  78.00  32.00  36.00  29.00  14.00  0.00  0.00
Cell [23,33]: 0.00  167.00  124.00  50.00  53.00  53.00  4.00  0.00  0.00
Cell [23,34]: 0.00  0.00  0.00  0.00  34.00  273.00  85.00  0.00  0.00
Cell [23,35]: 0.00  0.00  0.00  102.00  256.00  0.00  0.00  0.00  0.00
Cell [23,36]: 0.00  0.00  0.00  26.00  41.00  63.00  191.00  39.00  18.00
Cell [23,37]: 30.00  0.00  0.00  0.00  0.00  0.00  139.00  160.00  260.00
Cell [23,38]: 0.00  22.00  8.00  13.00  11.00  3.00  13.00  64.00  115.00
Cell [23,39]: 613.00  108.00  0.00  0.00  0.00  0.00  0.00  0.00  0.00
Cell [23,40]: 1734.00  26.00  14.00  0.00  1.00  2.00  2.00  0.00  0.00
Cell [23,41]: 5.00  2.00  0.00  0.00  1.00  0.00  2.00  37.00  146.00
Cell [23,42]: 2.00  0.00  0.00  0.00  0.00  4.00  7.00  105.00  176.00
Cell [23,43]: 10.00  93.00  37.00  1.00  7.00  1.00  2.00  1.00  3.00
Cell [23,44]: 0.00  106.00  233.00  157.00  0.00  0.00  0.00  0.00  0.00
Cell [23,45]: 0.00  20.00  46.00  63.00  86.00  24.00  2.00  0.00  0.00
Cell [23,46]: 70.00  75.00  54.00  31.00  0.00  0.00  0.00  0.00  0.00
Cell [23,47]: 146.00  112.00  1.00  2.00  0.00  0.00  0.00  3.00  32.00
Cell [23,48]: 989.00  0.00  0.00  0.00  0.00  0.00  0.00  0.00  917.00
Cell [23,49]: 30.00  0.00  0.00  0.00  0.00  0.00  0.00  10.00  1106.00
Cell [23,50]: 25.00  14.00  12.00  5.00  2.00  0.00  5.00  14.00  32.00
Cell [23,51]: 177.00  7.00  6.00  5.00  11.00  2.00  0.00  3.00  128.00
Cell [23,52]: 185.00  23.00  4.00  2.00  0.00  1.00  3.00  0.00  141.00
Cell [23,53]: 1155.00  141.00  87.00  17.00  1.00  5.00  0.00  9.00  101.00
Cell [23,54]: 2069.00  266.00  21.00  11.00  28.00  1.00  9.00  3.00  141.00
Cell [23,55]: 696.00  9.00  7.00  0.00  4.00  5.00  0.00  50.00  228.00
Cell [23,56]: 548.00  11.00  2.00  2.00  4.00  20.00  12.00  31.00  114.00
Cell [23,57]: 235.00  297.00  15.00  1.00  7.00  3.00  8.00  12.00  16.00
Cell [23,58]: 392.00  286.00  79.00  5.00  3.00  18.00  5.00  16.00  285.00
Cell [23,59]: 1375.00  62.00  4.00  0.00  2.00  9.00  46.00  19.00  9.00
Cell [23,60]: 3.00  7.00  15.00  12.00  7.00  4.00  9.00  165.00  28.00
Cell [23,61]: 29.00  26.00  10.00  15.00  17.00  84.00  16.00  32.00  27.00
Cell [23,62]: 5.00  6.00  5.00  5.00  34.00  179.00  15.00  154.00  8.00
Cell [23,63]: 0.00  0.00  0.00  4.00  0.00  5.00  189.00  333.00  14.00
Cell [23,64]: 16.00  4.00  0.00  0.00  6.00  16.00  459.00  580.00  52.00
Cell [23,65]: 100.00  13.00  3.00  1.00  4.00  0.00  6.00  56.00  63.00
Cell [23,66]: 1.00  0.00  0.00  0.00  0.00  5.00  6.00  24.00  135.00
Cell [23,67]: 368.00  0.00  0.00  0.00  0.00  0.00  0.00  10.00  276.00
Cell [23,68]: 179.00  0.00  0.00  0.00  0.00  2.00  0.00  7.00  3606.00
Cell [23,69]: 255.00  265.00  50.00  36.00  21.00  0.00  48.00  130.00  183.00
Cell [23,70]: 285.00  49.00  33.00  42.00  17.00  47.00  29.00  59.00  141.00
Cell [23,71]: 306.00  77.00  69.00  8.00  0.00  0.00  9.00  58.00  515.00
Cell [23,72]: 5.00  3.00  0.00  0.00  2.00  0.00  5.00  150.00  2137.00
Cell [23,73]: 91.00  0.00  0.00  0.00  0.00  0.00  23.00  566.00  2092.00
Cell [23,74]: 172.00  25.00  16.00  10.00  41.00  21.00  50.00  56.00  1897.00
Cell [23,75]: 25.00  8.00  2.00  4.00  18.00  9.00  28.00  93.00  95.00
Cell [23,76]: 496.00  82.00  26.00  0.00  0.00  0.00  0.00  0.00  0.00
Cell [23,77]: 0.00  11.00  4.00  12.00  6.00  38.00  61.00  166.00  0.00
Cell [23,78]: 0.00  0.00  0.00  56.00  339.00  75.00  29.00  8.00  0.00
Cell [23,79]: 0.00  0.00  33.00  156.00  349.00  0.00  0.00  0.00  0.00
Cell [23,80]: 0.00  0.00  0.00  14.00  42.00  301.00  25.00  13.00  8.00
Cell [23,81]: 153.00  0.00  0.00  0.00  0.00  0.00  77.00  188.00  224.00
Cell [23,82]: 96.00  161.00  45.00  19.00  26.00  20.00  15.00  24.00  7.00
Cell [23,83]: 645.00  38.00  0.00  0.00  2.00  4.00  0.00  21.00  325.00
Cell [23,84]: 0.00  0.00  0.00  0.00  0.00  0.00  20.00  559.00  330.00
Cell [23,85]: 0.00  331.00  67.00  9.00  6.00  20.00  22.00  0.00  0.00
Cell [23,86]: 154.00  387.00  224.00  71.00  11.00  0.00  0.00  0.00  77.00
Cell [23,87]: 957.00  37.00  6.00  17.00  10.00  0.00  0.00  21.00  746.00
Cell [23,88]: 1045.00  31.00  0.00  0.00  0.00  0.00  0.00  0.00  0.00
Cell [23,89]: 0.00  0.00  8.00  8.00  0.00  4.00  11.00  52.00  175.00
Cell [23,90]: 0.00  0.00  0.00  0.00  11.00  67.00  51.00  236.00  0.00
Cell [23,91]: 0.00  0.00  0.00  0.00  5.00  146.00  74.00  69.00  25.00
Cell [23,92]: 8.00  23.00  7.00  6.00  13.00  21.00  41.00  49.00  38.00
Cell [23,93]: 39.00  20.00  0.00  0.00  0.00  0.00  0.00  56.00  129.00
Cell [23,94]: 0.00  0.00  0.00  0.00  0.00  5.00  81.00  174.00  65.00
Cell [23,95]: 3339.00  21.00  0.00  0.00  3.00  4.00  4.00  29.00  83.00
Cell [23,96]: 763.00  10.00  4.00  0.00  0.00  3.00  1.00  7.00  108.00
Cell [23,97]: 470.00  17.00  0.00  0.00  2.00  2.00  2.00  3.00  17.00
Cell [23,98]: 299.00  118.00  0.00  2.00  0.00  5.00  11.00  118.00  750.00
Cell [23,99]: 7.00  8.00  11.00  24.00  2.00  5.00  14.00  182.00  355.00
Cell [23,100]: 363.00  67.00  15.00  4.00  3.00  4.00  6.00  5.00  50.00
Cell [23,101]: 2992.00  48.00  7.00  2.00  7.00  8.00  11.00  13.00  67.00
Cell [23,102]: 1.00  0.00  3.00  0.00  4.00  2.00  89.00  677.00  29.00
Cell [23,103]: 6.00  0.00  0.00  2.00  2.00  12.00  46.00  143.00  18.00
Cell [23,104]: 19.00  10.00  6.00  8.00  14.00  38.00  36.00  0.00  24.00
Cell [23,105]: 32.00  0.00  0.00  0.00  0.00  0.00  0.00  50.00  4400.00
Cell [23,106]: 1881.00  11.00  0.00  9.00  0.00  0.00  16.00  126.00  1415.00
Cell [23,107]: 3300.00  756.00  2.00  0.00  0.00  0.00  0.00  0.00  3.00
Cell [23,108]: 84.00  101.00  2.00  1.00  12.00  3.00  1.00  6.00  18.00
Cell [23,109]: 1.00  0.00  14.00  19.00  46.00  26.00  20.00  12.00  5.00
Cell [23,110]: 40.00  17.00  62.00  17.00  8.00  6.00  2.00  12.00  41.00
Cell [23,111]: 317.00  53.00  0.00  0.00  0.00  2.00  0.00  35.00  635.00
Cell [23,112]: 373.00  0.00  12.00  9.00  6.00  0.00  6.00  7.00  2398.00
Cell [23,113]: 293.00  96.00  26.00  36.00  13.00  17.00  15.00  66.00  265.00
Cell [23,114]: 108.00  88.00  48.00  57.00  91.00  168.00  57.00  49.00  77.00
Cell [23,115]: 102.00  42.00  35.00  70.00  53.00  11.00  3.00  112.00  1150.00
Cell [23,116]: 471.00  0.00  0.00  0.00  2.00  0.00  0.00  290.00  1202.00
Cell [23,117]: 262.00  0.00  0.00  0.00  0.00  0.00  0.00  0.00  1580.00
Cell [23,118]: 54.00  18.00  5.00  17.00  4.00  25.00  3.00  49.00  1785.00
Cell [23,119]: 111.00  29.00  1.00  0.00  0.00  0.00  21.00  38.00  2232.00
Cell [23,120]: 48.00  189.00  237.00  18.00  0.00  0.00  0.00  0.00  0.00
Cell [23,121]: 0.00  0.00  13.00  41.00  47.00  34.00  17.00  70.00  127.00
Cell [23,122]: 63.00  19.00  2.00  2.00  3.00  0.00  6.00  5.00  152.00
Cell [23,123]: 150.00  139.00  29.00  6.00  0.00  0.00  0.00  0.00  35.00
Cell [23,124]: 25.00  46.00  45.00  103.00  21.00  0.00  0.00  0.00  0.00
Cell [23,125]: 9.00  20.00  22.00  6.00  83.00  43.00  6.00  8.00  5.00
Cell [23,126]: 18.00  20.00  13.00  39.00  0.00  14.00  25.00  9.00  16.00
Cell [23,127]: 35.00  66.00  19.00  15.00  15.00  7.00  4.00  7.00  11.00
Cell [24,0]: 76.00  148.00  0.00  0.00  0.00  0.00  0.00  0.00  0.00
Cell [24,1]: 113.00  275.00  0.00  0.00  0.00  0.00  0.00  0.00  0.00
Cell [24,2]: 0.00  71.00  7.00  2.00  2.00  3.00  4.00  15.00  1.00
Cell [24,3]: 109.00  44.00  1.00  0.00  0.00  0.00  2.00  0.00  6.00
Cell [24,4]: 12.00  241.00  23.00  0.00  0.00  0.00  0.00  0.00  0.00
Cell [24,5]: 0.00  0.00  16.00  15.00  5.00  6.00  8.00  27.00  647.00
Cell [24,6]: 1125.00  0.00  0.00  0.00  0.00  0.00  0.00  0.00  694.00
Cell [24,7]: 226.00  5.00  0.00  0.00  0.00  0.00  0.00  2.00  224.00
Cell [24,8]: 0.00  1.00  4.00  1.00  1.00  3.00  14.00  42.00  6.00
Cell [24,9]: 0.00  0.00  0.00  0.00  0.00  0.00  0.00  129.00  300.00
Cell [24,10]: 195.00  81.00  20.00  11.00  0.00  10.00  9.00  1.00  5.00
Cell [24,11]: 3227.00  24.00  0.00  3.00  0.00  0.00  0.00  2.00  56.00
Cell [24,12]: 854.00  0.00  1.00  0.00  0.00  0.00  0.00  1.00  12.00
Cell [24,13]: 737.00  74.00  8.00  3.00  4.00  0.00  4.00  2.00  57.00
Cell [24,14]: 269.00  35.00  0.00  0.00  1.00  0.00  0.00  21.00  109.00
Cell [24,15]: 734.00  8.00  7.00  5.00  3.00  7.00  3.00  41.00  30.00
Cell [24,16]: 1091.00  5.00  0.00  0.00  0.00  0.00  0.00  0.00  3.00
Cell [24,17]: 35.00  53.00  0.00  0.00  0.00  0.00  0.00  0.00  39.00
Cell [24,18]: 71.00  22.00  6.00  0.00  0.00  0.00  0.00  0.00  67.00
Cell [24,19]: 4.00  1.00  2.00  4.00  1.00  1.00  7.00  10.00  4.00
Cell [24,20]: 3.00  9.00  8.00  6.00  3.00  5.00  15.00  1.00  2.00
Cell [24,21]: 59.00  48.00  37.00  25.00  30.00  23.00  143.00  23.00  107.00
Cell [24,22]: 124.00  33.00  6.00  4.00  4.00  10.00  15.00  15.00  24.00
Cell [24,23]: 22.00  0.00  0.00  0.00  0.00  0.00  2.00  37.00  236.00
Cell [24,24]: 71.00  1.00  0.00  0.00  0.00  0.00  0.00  0.00  246.00
Cell [24,25]: 83.00  8.00  5.00  0.00  3.00  0.00  1.00  5.00  1650.00
Cell [24,26]: 74.00  138.00  52.00  69.00  38.00  15.00  13.00  4.00  36.00
Cell [24,27]: 86.00  9.00  5.00  2.00  0.00  32.00  69.00  213.00  328.00
Cell [24,28]: 110.00  0.00  0.00  0.00  3.00  0.00  5.00  0.00  1191.00
Cell [24,29]: 146.00  7.00  1.00  0.00  0.00  0.00  1.00  0.00  749.00
Cell [24,30]: 0.00  0.00  0.00  0.00  0.00  0.00  0.00  0.00  3734.00
Cell [24,31]: 34.00  94.00  67.00  3.00  2.00  3.00  3.00  0.00  154.00
Cell [24,32]: 0.00  117.00  326.00  59.00  0.00  0.00  0.00  0.00  0.00
Cell [24,33]: 20.00  101.00  99.00  24.00  20.00  5.00  9.00  15.00  12.00
Cell [24,34]: 12.00  31.00  41.00  42.00  8.00  13.00  22.00  22.00  3.00
Cell [24,35]: 0.00  4.00  11.00  48.00  45.00  8.00  2.00  3.00  3.00
Cell [24,36]: 134.00  27.00  28.00  12.00  4.00  1.00  1.00  2.00  10.00
Cell [24,37]: 123.00  0.00  0.00  0.00  0.00  0.00  8.00  43.00  366.00
Cell [24,38]: 0.00  70.00  44.00  32.00  19.00  35.00  32.00  47.00  57.00
Cell [24,39]: 94.00  638.00  60.00  0.00  0.00  0.00  0.00  0.00  0.00
Cell [24,40]: 1592.00  21.00  42.00  39.00  0.00  3.00  7.00  9.00  0.00
Cell [24,41]: 49.00  0.00  0.00  0.00  0.00  0.00  0.00  62.00  124.00
Cell [24,42]: 127.00  33.00  0.00  0.00  0.00  0.00  0.00  0.00  200.00
Cell [24,43]: 85.00  303.00  4.00  0.00  0.00  0.00  0.00  0.00  0.00
Cell [24,44]: 139.00  115.00  23.00  7.00  3.00  1.00  1.00  1.00  6.00
Cell [24,45]: 21.00  13.00  28.00  13.00  9.00  12.00  5.00  16.00  14.00
Cell [24,46]: 15.00  316.00  15.00  0.00  0.00  0.00  0.00  0.00  0.00
Cell [24,47]: 0.00  92.00  79.00  30.00  21.00  0.00  24.00  41.00  37.00
Cell [24,48]: 1470.00  0.00  0.00  0.00  0.00  0.00  0.00  0.00  609.00
Cell [24,49]: 990.00  0.00  0.00  0.00  0.00  0.00  0.00  4.00  37.00
Cell [24,50]: 32.00  26.00  3.00  2.00  0.00  1.00  2.00  8.00  33.00
Cell [24,51]: 85.00  15.00  3.00  3.00  4.00  1.00  4.00  14.00  165.00
Cell [24,52]: 206.00  28.00  2.00  2.00  6.00  1.00  0.00  26.00  177.00
Cell [24,53]: 2436.00  8.00  0.00  0.00  0.00  0.00  3.00  0.00  111.00
Cell [24,54]: 1580.00  99.00  5.00  30.00  0.00  0.00  1.00  8.00  175.00
Cell [24,55]: 605.00  69.00  9.00  4.00  3.00  5.00  6.00  10.00  442.00
Cell [24,56]: 406.00  95.00  4.00  0.00  0.00  0.00  16.00  5.00  74.00
Cell [24,57]: 43.00  81.00  135.00  60.00  21.00  34.00  10.00  14.00  14.00
Cell [24,58]: 792.00  166.00  33.00  18.00  20.00  0.00  0.00  15.00  95.00
Cell [24,59]: 1293.00  1.00  6.00  8.00  9.00  0.00  11.00  18.00  207.00
Cell [24,60]: 29.00  148.00  30.00  7.00  11.00  24.00  37.00  52.00  25.00
Cell [24,61]: 0.00  90.00  223.00  277.00  736.00  441.00  21.00  54.00  14.00
Cell [24,62]: 3.00  0.00  106.00  364.00  793.00  52.00  60.00  40.00  24.00
Cell [24,63]: 4.00  0.00  92.00  490.00  1699.00  124.00  19.00  44.00  10.00
Cell [24,64]: 5.00  17.00  346.00  832.00  1344.00  151.00  119.00  4.00  1.00
Cell [24,65]: 82.00  35.00  0.00  303.00  3719.00  17.00  0.00  6.00  0.00
Cell [24,66]: 0.00  1.00  1.00  166.00  1739.00  815.00  381.00  320.00  308.00
Cell [24,67]: 146.00  136.00  45.00  0.00  0.00  0.00  0.00  0.00  444.00
Cell [24,68]: 7.00  10.00  11.00  0.00  0.00  0.00  0.00  10.00  2807.00
Cell [24,69]: 22.00  71.00  152.00  53.00  16.00  51.00  12.00  184.00  300.00
Cell [24,70]: 41.00  51.00  174.00  42.00  103.00  155.00  32.00  92.00  126.00
Cell [24,71]: 161.00  5.00  13.00  19.00  71.00  223.00  23.00  138.00  552.00
Cell [24,72]: 709.00  23.00  0.00  0.00  0.00  0.00  11.00  13.00  1439.00
Cell [24,73]: 334.00  0.00  0.00  0.00  0.00  0.00  0.00  88.00  1592.00
Cell [24,74]: 330.00  19.00  64.00  34.00  29.00  14.00  64.00  226.00  2138.00
Cell [24,75]: 13.00  7.00  116.00  130.00  20.00  3.00  3.00  0.00  117.00
Cell [24,76]: 60.00  181.00  404.00  23.00  13.00  13.00  0.00  0.00  0.00
Cell [24,77]: 20.00  15.00  19.00  12.00  41.00  21.00  42.00  28.00  32.00
Cell [24,78]: 1.00  2.00  3.00  56.00  56.00  43.00  21.00  7.00  3.00
Cell [24,79]: 2.00  5.00  9.00  31.00  109.00  19.00  4.00  7.00  0.00
Cell [24,80]: 71.00  43.00  9.00  5.00  9.00  10.00  13.00  13.00  98.00
Cell [24,81]: 154.00  0.00  0.00  0.00  0.00  6.00  17.00  78.00  360.00
Cell [24,82]: 298.00  112.00  26.00  26.00  43.00  7.00  3.00  3.00  5.00
Cell [24,83]: 402.00  274.00  38.00  10.00  29.00  0.00  37.00  74.00  50.00
Cell [24,84]: 95.00  0.00  0.00  6.00  10.00  5.00  29.00  250.00  365.00
Cell [24,85]: 0.00  514.00  311.00  63.00  13.00  17.00  7.00  0.00  0.00
Cell [24,86]: 0.00  577.00  177.00  97.00  96.00  40.00  0.00  0.00  0.00
Cell [24,87]: 863.00  98.00  14.00  0.00  37.00  33.00  1.00  10.00  282.00
Cell [24,88]: 552.00  0.00  0.00  0.00  0.00  0.00  0.00  0.00  517.00
Cell [24,89]: 12.00  1.00  1.00  0.00  1.00  0.00  0.00  124.00  41.00
Cell [24,90]: 0.00  0.00  0.00  0.00  15.00  45.00  63.00  130.00  0.00
Cell [24,91]: 0.00  0.00  0.00  0.00  0.00  6.00  59.00  199.00  60.00
Cell [24,92]: 0.00  0.00  19.00  51.00  25.00  15.00  23.00  68.00  33.00
Cell [24,93]: 2.00  3.00  45.00  17.00  6.00  12.00  8.00  4.00  1.00
Cell [24,94]: 222.00  3.00  0.00  0.00  0.00  1.00  8.00  6.00  68.00
Cell [24,95]: 3267.00  241.00  7.00  0.00  0.00  0.00  0.00  0.00  24.00
Cell [24,96]: 655.00  27.00  9.00  0.00  0.00  3.00  2.00  2.00  5.00
Cell [24,97]: 301.00  4.00  1.00  0.00  0.00  0.00  0.00  4.00  131.00
Cell [24,98]: 365.00  61.00  10.00  0.00  8.00  3.00  13.00  199.00  373.00
Cell [24,99]: 15.00  3.00  8.00  18.00  26.00  5.00  2.00  80.00  840.00
Cell [24,100]: 1206.00  6.00  0.00  1.00  11.00  10.00  4.00  26.00  96.00
Cell [24,101]: 2280.00  122.00  0.00  1.00  2.00  0.00  0.00  3.00  240.00
Cell [24,102]: 60.00  3.00  2.00  2.00  1.00  6.00  11.00  431.00  21.00
Cell [24,103]: 4.00  0.00  0.00  1.00  0.00  3.00  13.00  695.00  19.00
Cell [24,104]: 1.00  1.00  0.00  0.00  0.00  13.00  66.00  35.00  4.00
Cell [24,105]: 6.00  0.00  0.00  0.00  0.00  0.00  1.00  95.00  1601.00
Cell [24,106]: 2208.00  112.00  23.00  0.00  24.00  0.00  85.00  669.00  2690.00
Cell [24,107]: 2968.00  161.00  0.00  3.00  5.00  0.00  0.00  10.00  40.00
Cell [24,108]: 34.00  10.00  22.00  7.00  2.00  1.00  1.00  4.00  10.00
Cell [24,109]: 6.00  0.00  21.00  32.00  20.00  4.00  5.00  5.00  20.00
Cell [24,110]: 37.00  15.00  7.00  2.00  10.00  20.00  7.00  13.00  21.00
Cell [24,111]: 119.00  1.00  2.00  0.00  4.00  1.00  4.00  55.00  424.00
Cell [24,112]: 102.00  17.00  23.00  0.00  0.00  32.00  0.00  0.00  2751.00
Cell [24,113]: 249.00  236.00  21.00  5.00  0.00  0.00  15.00  111.00  173.00
Cell [24,114]: 221.00  112.00  204.00  116.00  95.00  69.00  77.00  505.00  149.00
Cell [24,115]: 140.00  23.00  38.00  48.00  32.00  17.00  140.00  163.00  590.00
Cell [24,116]: 1186.00  52.00  15.00  0.00  0.00  0.00  0.00  77.00  612.00
Cell [24,117]: 659.00  0.00  0.00  0.00  0.00  0.00  1.00  3.00  778.00
Cell [24,118]: 123.00  25.00  2.00  21.00  11.00  5.00  0.00  28.00  1935.00
Cell [24,119]: 70.00  8.00  5.00  0.00  4.00  10.00  41.00  7.00  2486.00
Cell [24,120]: 283.00  83.00  45.00  0.00  0.00  0.00  0.00  0.00  193.00
Cell [24,121]: 0.00  22.00  10.00  18.00  18.00  18.00  27.00  144.00  254.00
Cell [24,122]: 0.00  3.00  36.00  28.00  26.00  18.00  34.00  98.00  116.00
Cell [24,123]: 69.00  177.00  220.00  0.00  0.00  0.00  0.00  0.00  0.00
Cell [24,124]: 8.00  37.00  40.00  53.00  30.00  69.00  29.00  8.00  2.00
Cell [24,125]: 13.00  12.00  39.00  5.00  0.00  26.00  143.00  22.00  8.00
Cell [24,126]: 7.00  42.00  29.00  11.00  18.00  31.00  48.00  3.00  6.00
Cell [24,127]: 4.00  2.00  52.00  44.00  80.00  23.00  5.00  0.00  0.00
Cell [25,0]: 0.00  282.00  43.00  5.00  0.00  0.00  0.00  0.00  0.00
Cell [25,1]: 85.00  261.00  0.00  0.00  0.00  0.00  0.00  0.00  0.00
Cell [25,2]: 3.00  21.00  17.00  11.00  25.00  28.00  19.00  4.00  0.00
Cell [25,3]: 34.00  106.00  54.00  20.00  5.00  7.00  1.00  0.00  0.00
Cell [25,4]: 96.00  46.00  0.00  0.00  0.00  0.00  0.00  0.00  58.00
Cell [25,5]: 516.00  0.00  1.00  0.00  1.00  0.00  0.00  4.00  211.00
Cell [25,6]: 341.00  0.00  0.00  0.00  0.00  0.00  0.00  0.00  1432.00
Cell [25,7]: 0.00  0.00  0.00  0.00  0.00  0.00  0.00  45.00  456.00
Cell [25,8]: 4.00  3.00  2.00  0.00  0.00  1.00  3.00  15.00  72.00
Cell [25,9]: 0.00  0.00  0.00  0.00  0.00  0.00  24.00  187.00  120.00
Cell [25,10]: 862.00  0.00  6.00  21.00  56.00  21.00  4.00  10.00  15.00
Cell [25,11]: 2928.00  6.00  4.00  0.00  2.00  0.00  0.00  4.00  38.00
Cell [25,12]: 791.00  1.00  0.00  1.00  0.00  0.00  0.00  0.00  116.00
Cell [25,13]: 364.00  19.00  39.00  5.00  0.00  14.00  14.00  50.00  106.00
Cell [25,14]: 240.00  20.00  0.00  0.00  0.00  5.00  6.00  9.00  35.00
Cell [25,15]: 947.00  79.00  1.00  1.00  1.00  1.00  0.00  10.00  129.00
Cell [25,16]: 942.00  45.00  15.00  0.00  0.00  0.00  0.00  0.00  63.00
Cell [25,17]: 44.00  66.00  14.00  20.00  0.00  0.00  0.00  0.00  14.00
Cell [25,18]: 17.00  67.00  40.00  1.00  0.00  0.00  0.00  0.00  28.00
Cell [25,19]: 5.00  14.00  18.00  25.00  0.00  0.00  6.00  2.00  1.00
Cell [25,20]: 3.00  9.00  18.00  29.00  7.00  17.00  2.00  2.00  0.00
Cell [25,21]: 115.00  47.00  21.00  10.00  12.00  13.00  3.00  1.00  31.00
Cell [25,22]: 59.00  29.00  13.00  8.00  15.00  24.00  16.00  23.00  39.00
Cell [25,23]: 19.00  0.00  0.00  0.00  0.00  0.00  24.00  259.00  80.00
Cell [25,24]: 66.00  0.00  0.00  0.00  0.00  0.00  0.00  182.00  173.00
Cell [25,25]: 8.00  0.00  0.00  0.00  0.00  0.00  0.00  12.00  1759.00
Cell [25,26]: 190.00  66.00  24.00  8.00  22.00  13.00  6.00  71.00  293.00
Cell [25,27]: 207.00  72.00  27.00  57.00  40.00  8.00  97.00  213.00  269.00
Cell [25,28]: 291.00  30.00  0.00  0.00  0.00  0.00  14.00  38.00  728.00
Cell [25,29]: 136.00  0.00  0.00  0.00  0.00  0.00  1.00  7.00  829.00
Cell [25,30]: 0.00  0.00  0.00  0.00  0.00  0.00  0.00  0.00  3390.00
Cell [25,31]: 86.00  172.00  6.00  0.00  3.00  3.00  5.00  19.00  521.00
Cell [25,32]: 66.00  164.00  57.00  0.00  8.00  30.00  22.00  43.00  44.00
Cell [25,33]: 119.00  153.00  83.00  37.00  22.00  3.00  3.00  4.00  25.00
Cell [25,34]: 19.00  156.00  52.00  63.00  52.00  14.00  0.00  0.00  0.00
Cell [25,35]: 3.00  1.00  0.00  66.00  76.00  26.00  6.00  1.00  2.00
Cell [25,36]: 20.00  14.00  11.00  17.00  21.00  8.00  6.00  7.00  8.00
Cell [25,37]: 0.00  0.00  4.00  41.00  147.00  163.00  105.00  43.00  22.00
Cell [25,38]: 0.00  11.00  80.00  106.00  180.00  373.00  9.00  0.00  0.00
Cell [25,39]: 0.00  696.00  194.00  0.00  0.00  0.00  0.00  0.00  0.00
Cell [25,40]: 875.00  108.00  4.00  106.00  18.00  0.00  0.00  0.00  233.00
Cell [25,41]: 234.00  47.00  11.00  9.00  3.00  2.00  3.00  6.00  16.00
Cell [25,42]: 214.00  259.00  31.00  0.00  0.00  0.00  0.00  0.00  0.00
Cell [25,43]: 222.00  80.00  56.00  0.00  0.00  0.00  0.00  0.00  0.00
Cell [25,44]: 131.00  7.00  0.00  4.00  2.00  5.00  17.00  11.00  7.00
Cell [25,45]: 67.00  85.00  22.00  15.00  21.00  17.00  13.00  10.00  10.00
Cell [25,46]: 183.00  40.00  0.00  0.00  0.00  0.00  0.00  0.00  137.00
Cell [25,47]: 93.00  38.00  4.00  7.00  6.00  23.00  11.00  11.00  74.00
Cell [25,48]: 614.00  0.00  0.00  0.00  0.00  0.00  0.00  0.00  1600.00
Cell [25,49]: 20.00  0.00  0.00  0.00  0.00  0.00  23.00  222.00  633.00
Cell [25,50]: 9.00  3.00  2.00  3.00  4.00  12.00  84.00  35.00  37.00
Cell [25,51]: 14.00  6.00  0.00  0.00  0.00  0.00  0.00  7.00  246.00
Cell [25,52]: 0.00  7.00  37.00  31.00  27.00  3.00  32.00  81.00  189.00
Cell [25,53]: 3360.00  51.00  23.00  0.00  0.00  0.00  0.00  2.00  0.00
Cell [25,54]: 989.00  61.00  16.00  17.00  1.00  2.00  0.00  0.00  372.00
Cell [25,55]: 953.00  78.00  8.00  4.00  0.00  1.00  0.00  0.00  109.00
Cell [25,56]: 388.00  92.00  38.00  16.00  1.00  5.00  6.00  3.00  50.00
Cell [25,57]: 29.00  419.00  59.00  30.00  5.00  7.00  5.00  5.00  41.00
Cell [25,58]: 465.00  488.00  204.00  56.00  0.00  0.00  1.00  0.00  217.00
Cell [25,59]: 927.00  85.00  57.00  35.00  14.00  37.00  61.00  71.00  679.00
Cell [25,60]: 1053.00  26.00  10.00  14.00  41.00  19.00  0.00  90.00  331.00
Cell [25,61]: 1286.00  203.00  296.00  588.00  176.00  281.00  216.00  204.00  305.00
Cell [25,62]: 236.00  117.00  122.00  275.00  334.00  181.00  120.00  124.00  435.00
Cell [25,63]: 205.00  182.00  156.00  212.00  562.00  725.00  166.00  198.00  666.00
Cell [25,64]: 1375.00  194.00  49.00  136.00  360.00  712.00  228.00  400.00  422.00
Cell [25,65]: 532.00  115.00  255.00  379.00  1831.00  408.00  276.00  26.00  478.00
Cell [25,66]: 631.00  101.00  351.00  310.00  1169.00  401.00  81.00  124.00  3503.00
Cell [25,67]: 124.00  33.00  110.00  0.00  0.00  91.00  59.00  204.00  560.00
Cell [25,68]: 1.00  2.00  3.00  0.00  2.00  7.00  2.00  30.00  1406.00
Cell [25,69]: 75.00  41.00  75.00  15.00  77.00  63.00  100.00  151.00  1690.00
Cell [25,70]: 67.00  43.00  62.00  35.00  81.00  237.00  114.00  725.00  118.00
Cell [25,71]: 125.00  41.00  35.00  20.00  44.00  113.00  119.00  123.00  539.00
Cell [25,72]: 0.00  7.00  4.00  0.00  0.00  3.00  0.00  771.00  1438.00
Cell [25,73]: 360.00  0.00  2.00  0.00  0.00  0.00  6.00  11.00  934.00
Cell [25,74]: 344.00  0.00  27.00  49.00  60.00  54.00  127.00  621.00  1589.00
Cell [25,75]: 70.00  143.00  205.00  55.00  0.00  13.00  24.00  139.00  474.00
Cell [25,76]: 16.00  21.00  240.00  68.00  43.00  25.00  18.00  16.00  14.00
Cell [25,77]: 289.00  51.00  25.00  12.00  13.00  0.00  0.00  19.00  258.00
Cell [25,78]: 3.00  2.00  2.00  33.00  80.00  132.00  37.00  14.00  17.00
Cell [25,79]: 11.00  15.00  10.00  36.00  118.00  31.00  20.00  8.00  9.00
Cell [25,80]: 63.00  19.00  19.00  30.00  23.00  29.00  20.00  17.00  31.00
Cell [25,81]: 0.00  0.00  10.00  48.00  243.00  468.00  119.00  40.00  0.00
Cell [25,82]: 0.00  322.00  165.00  156.00  318.00  126.00  0.00  0.00  0.00
Cell [25,83]: 0.00  696.00  89.00  36.00  62.00  61.00  118.00  0.00  0.00
Cell [25,84]: 0.00  0.00  0.00  17.00  5.00  21.00  255.00  937.00  0.00
Cell [25,85]: 170.00  290.00  10.00  4.00  0.00  3.00  0.00  119.00  176.00
Cell [25,86]: 128.00  91.00  15.00  15.00  6.00  15.00  2.00  110.00  286.00
Cell [25,87]: 527.00  28.00  0.00  0.00  0.00  12.00  3.00  31.00  498.00
Cell [25,88]: 0.00  0.00  0.00  0.00  0.00  0.00  0.00  0.00  1140.00
Cell [25,89]: 0.00  0.00  0.00  0.00  0.00  2.00  27.00  24.00  64.00
Cell [25,90]: 0.00  0.00  0.00  0.00  6.00  39.00  86.00  34.00  0.00
Cell [25,91]: 43.00  0.00  0.00  0.00  0.00  19.00  76.00  161.00  64.00
Cell [25,92]: 66.00  29.00  60.00  14.00  19.00  14.00  30.00  31.00  9.00
Cell [25,93]: 3.00  2.00  11.00  48.00  31.00  10.00  2.00  3.00  0.00
Cell [25,94]: 454.00  7.00  0.00  2.00  0.00  0.00  3.00  8.00  46.00
Cell [25,95]: 3496.00  54.00  0.00  0.00  0.00  0.00  0.00  0.00  1.00
Cell [25,96]: 562.00  8.00  0.00  4.00  0.00  0.00  2.00  1.00  22.00
Cell [25,97]: 187.00  0.00  0.00  0.00  0.00  1.00  7.00  28.00  243.00
Cell [25,98]: 302.00  80.00  3.00  2.00  0.00  3.00  1.00  5.00  271.00
Cell [25,99]: 174.00  0.00  3.00  0.00  0.00  5.00  6.00  35.00  1038.00
Cell [25,100]: 1201.00  90.00  19.00  10.00  7.00  0.00  15.00  51.00  64.00
Cell [25,101]: 1863.00  7.00  8.00  0.00  6.00  6.00  0.00  38.00  333.00
Cell [25,102]: 26.00  6.00  1.00  4.00  9.00  32.00  21.00  145.00  58.00
Cell [25,103]: 16.00  2.00  1.00  0.00  0.00  0.00  18.00  611.00  223.00
Cell [25,104]: 10.00  2.00  0.00  0.00  2.00  1.00  20.00  367.00  52.00
Cell [25,105]: 17.00  1.00  2.00  0.00  0.00  1.00  20.00  209.00  32.00
Cell [25,106]: 1981.00  295.00  34.00  30.00  32.00  38.00  153.00  763.00  2324.00
Cell [25,107]: 1482.00  120.00  0.00  5.00  0.00  0.00  1.00  22.00  153.00
Cell [25,108]: 1.00  46.00  15.00  8.00  10.00  11.00  22.00  9.00  0.00
Cell [25,109]: 44.00  21.00  83.00  27.00  7.00  5.00  7.00  6.00  19.00
Cell [25,110]: 63.00  50.00  6.00  0.00  7.00  0.00  7.00  13.00  107.00
Cell [25,111]: 282.00  65.00  11.00  13.00  5.00  0.00  0.00  42.00  190.00
Cell [25,112]: 0.00  31.00  83.00  51.00  28.00  66.00  27.00  118.00  2553.00
Cell [25,113]: 176.00  193.00  371.00  57.00  12.00  14.00  18.00  25.00  202.00
Cell [25,114]: 622.00  12.00  0.00  7.00  0.00  0.00  22.00  443.00  1761.00
Cell [25,115]: 143.00  46.00  33.00  44.00  24.00  57.00  56.00  173.00  347.00
Cell [25,116]: 726.00  28.00  5.00  14.00  2.00  0.00  23.00  71.00  650.00
Cell [25,117]: 264.00  2.00  0.00  0.00  0.00  0.00  0.00  0.00  1312.00
Cell [25,118]: 232.00  20.00  8.00  18.00  0.00  0.00  0.00  425.00  1776.00
Cell [25,119]: 117.00  1.00  7.00  0.00  5.00  12.00  67.00  98.00  2128.00
Cell [25,120]: 49.00  0.00  0.00  0.00  0.00  0.00  0.00  183.00  527.00
Cell [25,121]: 50.00  22.00  6.00  3.00  1.00  11.00  12.00  36.00  209.00
Cell [25,122]: 0.00  0.00  84.00  36.00  23.00  40.00  48.00  119.00  20.00
Cell [25,123]: 18.00  388.00  137.00  0.00  0.00  0.00  0.00  0.00  0.00
Cell [25,124]: 0.00  20.00  61.00  108.00  72.00  109.00  52.00  8.00  0.00
Cell [25,125]: 0.00  0.00  0.00  0.00  0.00  139.00  327.00  30.00  0.00
Cell [25,126]: 0.00  0.00  69.00  72.00  179.00  62.00  0.00  0.00  0.00
Cell [25,127]: 0.00  0.00  99.00  164.00  14.00  0.00  0.00  0.00  0.00
Cell [26,0]: 0.00  35.00  231.00  38.00  0.00  0.00  0.00  0.00  0.00
Cell [26,1]: 121.00  67.00  29.00  0.00  0.00  0.00  0.00  0.00  0.00
Cell [26,2]: 37.00  35.00  15.00  10.00  18.00  13.00  0.00  0.00  0.00
Cell [26,3]: 5.00  28.00  30.00  25.00  9.00  0.00  0.00  0.00  0.00
Cell [26,4]: 25.00  1.00  0.00  0.00  0.00  0.00  0.00  6.00  69.00
Cell [26,5]: 333.00  4.00  0.00  0.00  0.00  2.00  1.00  3.00  341.00
Cell [26,6]: 359.00  0.00  0.00  0.00  0.00  0.00  0.00  0.00  1291.00
Cell [26,7]: 242.00  0.00  0.00  0.00  0.00  0.00  0.00  0.00  327.00
Cell [26,8]: 76.00  10.00  2.00  0.00  0.00  0.00  0.00  0.00  66.00
Cell [26,9]: 5.00  0.00  0.00  0.00  1.00  1.00  1.00  20.00  229.00
Cell [26,10]: 1858.00  7.00  3.00  2.00  1.00  3.00  6.00  4.00  11.00
Cell [26,11]: 2328.00  6.00  4.00  0.00  2.00  0.00  0.00  0.00  68.00
Cell [26,12]: 550.00  0.00  0.00  0.00  0.00  0.00  0.00  3.00  89.00
Cell [26,13]: 576.00  15.00  0.00  0.00  1.00  0.00  4.00  18.00  51.00
Cell [26,14]: 158.00  44.00  10.00  5.00  6.00  0.00  0.00  0.00  0.00
Cell [26,15]: 1605.00  22.00  1.00  1.00  5.00  0.00  0.00  9.00  11.00
Cell [26,16]: 436.00  83.00  2.00  0.00  0.00  0.00  0.00  1.00  1.00
Cell [26,17]: 85.00  46.00  43.00  9.00  0.00  0.00  0.00  0.00  4.00
Cell [26,18]: 1.00  49.00  36.00  12.00  0.00  0.00  1.00  2.00  1.00
Cell [26,19]: 1.00  4.00  17.00  29.00  4.00  0.00  2.00  7.00  4.00
Cell [26,20]: 5.00  16.00  10.00  5.00  0.00  0.00  0.00  3.00  3.00
Cell [26,21]: 49.00  18.00  8.00  2.00  0.00  0.00  0.00  4.00  69.00
Cell [26,22]: 54.00  0.00  0.00  0.00  0.00  0.00  1.00  18.00  58.00
Cell [26,23]: 4.00  0.00  0.00  1.00  0.00  1.00  6.00  120.00  135.00
Cell [26,24]: 0.00  0.00  0.00  0.00  0.00  0.00  0.00  265.00  247.00
Cell [26,25]: 0.00  0.00  1.00  0.00  0.00  0.00  0.00  24.00  1277.00
Cell [26,26]: 87.00  44.00  55.00  30.00  16.00  13.00  6.00  119.00  804.00
Cell [26,27]: 296.00  74.00  124.00  155.00  55.00  25.00  19.00  36.00  49.00
Cell [26,28]: 834.00  0.00  9.00  12.00  0.00  0.00  0.00  5.00  453.00
Cell [26,29]: 552.00  0.00  0.00  0.00  0.00  0.00  0.00  10.00  274.00
Cell [26,30]: 50.00  0.00  0.00  0.00  0.00  0.00  0.00  0.00  2906.00
Cell [26,31]: 89.00  0.00  0.00  0.00  2.00  50.00  69.00  29.00  931.00
Cell [26,32]: 0.00  0.00  0.00  0.00  234.00  122.00  39.00  10.00  0.00
Cell [26,33]: 0.00  69.00  158.00  135.00  51.00  0.00  0.00  0.00  0.00
Cell [26,34]: 17.00  99.00  37.00  16.00  13.00  9.00  10.00  4.00  0.00
Cell [26,35]: 1.00  0.00  0.00  0.00  0.00  3.00  52.00  67.00  16.00
Cell [26,36]: 76.00  0.00  0.00  0.00  0.00  1.00  19.00  21.00  54.00
Cell [26,37]: 199.00  108.00  76.00  81.00  25.00  0.00  0.00  0.00  77.00
Cell [26,38]: 3.00  3.00  1.00  45.00  175.00  319.00  44.00  0.00  0.00
Cell [26,39]: 0.00  227.00  265.00  76.00  2.00  0.00  0.00  0.00  0.00
Cell [26,40]: 867.00  52.00  0.00  46.00  10.00  4.00  4.00  4.00  0.00
Cell [26,41]: 0.00  113.00  207.00  72.00  68.00  42.00  8.00  4.00  0.00
Cell [26,42]: 0.00  134.00  326.00  30.00  10.00  0.00  0.00  0.00  0.00
Cell [26,43]: 83.00  67.00  35.00  23.00  13.00  20.00  0.00  0.00  0.00
Cell [26,44]: 98.00  12.00  9.00  6.00  13.00  8.00  14.00  0.00  4.00
Cell [26,45]: 6.00  17.00  36.00  61.00  29.00  8.00  2.00  0.00  0.00
Cell [26,46]: 47.00  11.00  7.00  0.00  0.00  0.00  0.00  26.00  97.00
Cell [26,47]: 85.00  17.00  0.00  4.00  3.00  11.00  24.00  39.00  10.00
Cell [26,48]: 1686.00  0.00  0.00  0.00  0.00  0.00  0.00  0.00  308.00
Cell [26,49]: 429.00  34.00  0.00  0.00  0.00  0.00  0.00  31.00  343.00
Cell [26,50]: 130.00  0.00  0.00  0.00  0.00  0.00  0.00  18.00  121.00
Cell [26,51]: 35.00  6.00  2.00  3.00  2.00  1.00  7.00  16.00  194.00
Cell [26,52]: 34.00  21.00  10.00  2.00  0.00  5.00  2.00  25.00  206.00
Cell [26,53]: 3632.00  24.00  3.00  0.00  1.00  0.00  0.00  0.00  31.00
Cell [26,54]: 1263.00  73.00  12.00  29.00  11.00  12.00  4.00  64.00  475.00
Cell [26,55]: 421.00  35.00  16.00  15.00  15.00  7.00  17.00  19.00  466.00
Cell [26,56]: 521.00  28.00  23.00  24.00  3.00  4.00  8.00  13.00  209.00
Cell [26,57]: 68.00  402.00  48.00  4.00  5.00  0.00  27.00  32.00  21.00
Cell [26,58]: 1165.00  834.00  20.00  3.00  6.00  4.00  2.00  11.00  22.00
Cell [26,59]: 587.00  115.00  47.00  9.00  5.00  1.00  12.00  48.00  52.00
Cell [26,60]: 8.00  25.00  26.00  96.00  117.00  0.00  45.00  65.00  49.00
Cell [26,61]: 22.00  25.00  15.00  121.00  351.00  124.00  70.00  43.00  13.00
Cell [26,62]: 1.00  1.00  9.00  37.00  216.00  70.00  26.00  6.00  5.00
Cell [26,63]: 400.00  1011.00  466.00  42.00  265.00  210.00  11.00  21.00  525.00
Cell [26,64]: 508.00  25.00  19.00  441.00  485.00  438.00  207.00  826.00  672.00
Cell [26,65]: 3.00  1.00  2.00  1.00  1374.00  55.00  33.00  1.00  9.00
Cell [26,66]: 0.00  3.00  82.00  154.00  1298.00  62.00  7.00  3.00  2.00
Cell [26,67]: 92.00  42.00  18.00  0.00  0.00  57.00  215.00  395.00  162.00
Cell [26,68]: 0.00  1.00  0.00  1.00  1.00  0.00  32.00  268.00  132.00
Cell [26,69]: 19.00  14.00  0.00  40.00  61.00  33.00  63.00  267.00  2882.00
Cell [26,70]: 95.00  83.00  22.00  0.00  20.00  126.00  83.00  90.00  93.00
Cell [26,71]: 38.00  69.00  65.00  25.00  54.00  42.00  97.00  107.00  69.00
Cell [26,72]: 1544.00  129.00  0.00  0.00  0.00  0.00  0.00  24.00  648.00
Cell [26,73]: 277.00  0.00  1.00  9.00  2.00  0.00  1.00  90.00  551.00
Cell [26,74]: 414.00  13.00  14.00  34.00  0.00  0.00  48.00  146.00  1949.00
Cell [26,75]: 16.00  0.00  0.00  11.00  43.00  45.00  32.00  68.00  1391.00
Cell [26,76]: 0.00  0.00  0.00  257.00  217.00  12.00  3.00  0.00  0.00
Cell [26,77]: 107.00  50.00  50.00  48.00  5.00  4.00  0.00  33.00  91.00
Cell [26,78]: 43.00  97.00  39.00  4.00  4.00  7.00  14.00  13.00  35.00
Cell [26,79]: 5.00  6.00  42.00  68.00  64.00  13.00  7.00  11.00  9.00
Cell [26,80]: 123.00  233.00  33.00  3.00  0.00  0.00  0.00  0.00  3.00
Cell [26,81]: 253.00  136.00  96.00  75.00  133.00  84.00  5.00  3.00  64.00
Cell [26,82]: 14.00  107.00  102.00  49.00  46.00  258.00  131.00  50.00  40.00
Cell [26,83]: 10.00  530.00  14.00  14.00  5.00  0.00  3.00  1.00  5.00
Cell [26,84]: 245.00  16.00  0.00  0.00  0.00  0.00  20.00  87.00  933.00
Cell [26,85]: 76.00  16.00  10.00  5.00  0.00  0.00  10.00  79.00  242.00
Cell [26,86]: 0.00  0.00  0.00  1.00  55.00  45.00  60.00  264.00  416.00
Cell [26,87]: 9.00  3.00  3.00  45.00  11.00  0.00  51.00  25.00  1153.00
Cell [26,88]: 0.00  0.00  0.00  0.00  0.00  0.00  0.00  0.00  1181.00
Cell [26,89]: 8.00  2.00  0.00  0.00  0.00  0.00  0.00  52.00  162.00
Cell [26,90]: 24.00  0.00  0.00  0.00  0.00  0.00  1.00  16.00  45.00
Cell [26,91]: 47.00  0.00  0.00  0.00  0.00  0.00  0.00  10.00  273.00
Cell [26,92]: 116.00  13.00  1.00  1.00  0.00  0.00  0.00  2.00  204.00
Cell [26,93]: 3.00  50.00  126.00  1.00  0.00  0.00  0.00  0.00  1.00
Cell [26,94]: 1434.00  130.00  34.00  0.00  0.00  0.00  0.00  0.00  3.00
Cell [26,95]: 2419.00  66.00  0.00  2.00  0.00  1.00  0.00  1.00  15.00
Cell [26,96]: 497.00  19.00  4.00  3.00  2.00  0.00  0.00  10.00  47.00
Cell [26,97]: 585.00  44.00  0.00  0.00  0.00  0.00  0.00  0.00  92.00
Cell [26,98]: 297.00  42.00  18.00  3.00  0.00  2.00  0.00  0.00  123.00
Cell [26,99]: 315.00  20.00  6.00  24.00  0.00  6.00  8.00  67.00  1122.00
Cell [26,100]: 1244.00  985.00  146.00  0.00  34.00  0.00  0.00  41.00  102.00
Cell [26,101]: 1563.00  4.00  1.00  0.00  0.00  0.00  0.00  37.00  191.00
Cell [26,102]: 0.00  0.00  2.00  1.00  2.00  3.00  17.00  284.00  64.00
Cell [26,103]: 11.00  4.00  5.00  0.00  0.00  0.00  5.00  71.00  348.00
Cell [26,104]: 0.00  0.00  1.00  0.00  0.00  3.00  24.00  901.00  14.00
Cell [26,105]: 10.00  0.00  1.00  0.00  1.00  0.00  7.00  104.00  37.00
Cell [26,106]: 613.00  488.00  299.00  19.00  30.00  40.00  171.00  436.00  449.00
Cell [26,107]: 495.00  25.00  3.00  0.00  0.00  0.00  1.00  0.00  6.00
Cell [26,108]: 5.00  199.00  22.00  1.00  2.00  0.00  0.00  0.00  1.00
Cell [26,109]: 123.00  81.00  13.00  2.00  2.00  0.00  0.00  1.00  35.00
Cell [26,110]: 28.00  24.00  47.00  12.00  7.00  1.00  7.00  8.00  22.00
Cell [26,111]: 450.00  87.00  11.00  2.00  2.00  3.00  8.00  14.00  55.00
Cell [26,112]: 36.00  0.00  0.00  0.00  17.00  111.00  141.00  476.00  1359.00
Cell [26,113]: 247.00  205.00  27.00  17.00  28.00  41.00  27.00  99.00  147.00
Cell [26,114]: 8.00  0.00  0.00  0.00  0.00  0.00  0.00  17.00  2613.00
Cell [26,115]: 218.00  64.00  44.00  26.00  37.00  6.00  56.00  280.00  433.00
Cell [26,116]: 206.00  86.00  24.00  9.00  8.00  65.00  139.00  334.00  505.00
Cell [26,117]: 85.00  0.00  0.00  0.00  0.00  0.00  0.00  0.00  1612.00
Cell [26,118]: 0.00  0.00  0.00  0.00  0.00  0.00  0.00  88.00  1877.00
Cell [26,119]: 19.00  31.00  0.00  0.00  4.00  7.00  15.00  58.00  2498.00
Cell [26,120]: 7.00  2.00  0.00  0.00  0.00  0.00  0.00  148.00  641.00
Cell [26,121]: 3.00  10.00  17.00  47.00  15.00  25.00  42.00  40.00  0.00
Cell [26,122]: 11.00  26.00  10.00  7.00  3.00  17.00  14.00  16.00  8.00
Cell [26,123]: 300.00  13.00  0.00  0.00  0.00  0.00  0.00  0.00  135.00
Cell [26,124]: 63.00  14.00  2.00  0.00  0.00  1.00  5.00  30.00  11.00
Cell [26,125]: 0.00  0.00  0.00  0.00  31.00  69.00  40.00  85.00  7.00
Cell [26,126]: 0.00  0.00  0.00  0.00  291.00  0.00  0.00  0.00  0.00
Cell [26,127]: 0.00  0.00  105.00  71.00  88.00  0.00  0.00  0.00  0.00
Cell [27,0]: 101.00  16.00  5.00  0.00  0.00  0.00  2.00  10.00  39.00
Cell [27,1]: 68.00  45.00  23.00  6.00  0.00  0.00  0.00  0.00  0.00
Cell [27,2]: 89.00  18.00  14.00  7.00  0.00  0.00  0.00  0.00  5.00
Cell [27,3]: 1.00  2.00  9.00  8.00  6.00  1.00  9.00  3.00  4.00
Cell [27,4]: 34.00  7.00  1.00  0.00  0.00  0.00  7.00  10.00  20.00
Cell [27,5]: 706.00  5.00  4.00  0.00  0.00  3.00  2.00  2.00  9.00
Cell [27,6]: 1648.00  0.00  0.00  0.00  0.00  0.00  0.00  0.00  0.00
Cell [27,7]: 277.00  0.00  0.00  0.00  0.00  0.00  0.00  45.00  181.00
Cell [27,8]: 1.00  0.00  0.00  0.00  0.00  0.00  4.00  85.00  106.00
Cell [27,9]: 50.00  20.00  3.00  2.00  0.00  5.00  0.00  11.00  103.00
Cell [27,10]: 2581.00  2.00  0.00  1.00  2.00  4.00  10.00  3.00  5.00
Cell [27,11]: 1364.00  6.00  3.00  0.00  0.00  0.00  54.00  23.00  226.00
Cell [27,12]: 261.00  111.00  0.00  2.00  2.00  0.00  2.00  42.00  246.00
Cell [27,13]: 432.00  146.00  2.00  0.00  0.00  0.00  0.00  2.00  9.00
Cell [27,14]: 70.00  25.00  5.00  1.00  0.00  0.00  0.00  1.00  9.00
Cell [27,15]: 1313.00  346.00  15.00  9.00  7.00  0.00  8.00  0.00  81.00
Cell [27,16]: 98.00  32.00  0.00  1.00  0.00  0.00  0.00  2.00  19.00
Cell [27,17]: 76.00  37.00  0.00  0.00  0.00  0.00  0.00  26.00  64.00
Cell [27,18]: 20.00  11.00  1.00  2.00  0.00  1.00  8.00  22.00  17.00
Cell [27,19]: 4.00  3.00  1.00  0.00  1.00  1.00  6.00  8.00  22.00
Cell [27,20]: 6.00  3.00  6.00  0.00  2.00  0.00  2.00  8.00  15.00
Cell [27,21]: 85.00  22.00  4.00  0.00  0.00  0.00  0.00  0.00  55.00
Cell [27,22]: 46.00  10.00  1.00  0.00  0.00  0.00  0.00  8.00  63.00
Cell [27,23]: 68.00  22.00  14.00  19.00  8.00  15.00  40.00  58.00  69.00
Cell [27,24]: 3.00  0.00  0.00  0.00  0.00  0.00  97.00  215.00  264.00
Cell [27,25]: 15.00  1.00  0.00  0.00  0.00  0.00  2.00  66.00  529.00
Cell [27,26]: 52.00  30.00  30.00  13.00  9.00  39.00  35.00  139.00  1334.00
Cell [27,27]: 218.00  79.00  90.00  29.00  10.00  13.00  38.00  56.00  125.00
Cell [27,28]: 407.00  245.00  81.00  9.00  16.00  32.00  83.00  216.00  171.00
Cell [27,29]: 228.00  110.00  15.00  13.00  0.00  0.00  0.00  93.00  435.00
Cell [27,30]: 192.00  4.00  12.00  11.00  11.00  0.00  0.00  26.00  2370.00
Cell [27,31]: 7.00  15.00  6.00  1.00  0.00  10.00  16.00  4.00  1498.00
Cell [27,32]: 5.00  5.00  7.00  22.00  25.00  6.00  2.00  2.00  5.00
Cell [27,33]: 4.00  22.00  17.00  4.00  17.00  31.00  7.00  7.00  5.00
Cell [27,34]: 5.00  0.00  2.00  3.00  10.00  10.00  50.00  61.00  19.00
Cell [27,35]: 13.00  19.00  52.00  35.00  0.00  0.00  17.00  25.00  21.00
Cell [27,36]: 51.00  105.00  54.00  0.00  0.00  0.00  3.00  22.00  54.00
Cell [27,37]: 369.00  134.00  0.00  0.00  0.00  0.00  0.00  0.00  74.00
Cell [27,38]: 43.00  18.00  13.00  11.00  7.00  10.00  7.00  2.00  6.00
Cell [27,39]: 27.00  46.00  45.00  5.00  34.00  16.00  18.00  17.00  19.00
Cell [27,40]: 760.00  4.00  1.00  3.00  14.00  3.00  11.00  4.00  342.00
Cell [27,41]: 67.00  54.00  21.00  4.00  6.00  2.00  10.00  99.00  53.00
Cell [27,42]: 26.00  27.00  5.00  3.00  0.00  0.00  43.00  93.00  65.00
Cell [27,43]: 37.00  21.00  6.00  6.00  6.00  10.00  1.00  0.00  7.00
Cell [27,44]: 179.00  31.00  21.00  14.00  0.00  0.00  0.00  0.00  30.00
Cell [27,45]: 7.00  10.00  2.00  20.00  30.00  14.00  6.00  6.00  4.00
Cell [27,46]: 10.00  0.00  2.00  4.00  1.00  1.00  2.00  7.00  48.00
Cell [27,47]: 118.00  1.00  2.00  2.00  0.00  1.00  4.00  12.00  34.00
Cell [27,48]: 1782.00  0.00  0.00  0.00  0.00  0.00  0.00  0.00  260.00
Cell [27,49]: 694.00  78.00  0.00  0.00  0.00  0.00  0.00  0.00  6.00
Cell [27,50]: 125.00  36.00  3.00  0.00  0.00  0.00  0.00  0.00  27.00
Cell [27,51]: 179.00  4.00  0.00  0.00  0.00  0.00  0.00  1.00  106.00
Cell [27,52]: 119.00  19.00  8.00  8.00  0.00  6.00  5.00  24.00  106.00
Cell [27,53]: 3647.00  36.00  2.00  0.00  1.00  0.00  0.00  4.00  27.00
Cell [27,54]: 1770.00  250.00  0.00  0.00  0.00  0.00  0.00  4.00  78.00
Cell [27,55]: 405.00  158.00  3.00  5.00  0.00  5.00  0.00  5.00  420.00
Cell [27,56]: 160.00  104.00  105.00  69.00  204.00  115.00  39.00  17.00  73.00
Cell [27,57]: 258.00  21.00  26.00  6.00  80.00  126.00  35.00  17.00  38.00
Cell [27,58]: 677.00  1193.00  53.00  3.00  0.00  0.00  32.00  10.00  28.00
Cell [27,59]: 22.00  53.00  87.00  14.00  0.00  73.00  44.00  14.00  18.00
Cell [27,60]: 79.00  116.00  51.00  16.00  0.00  0.00  12.00  25.00  12.00
Cell [27,61]: 61.00  59.00  17.00  11.00  24.00  24.00  17.00  10.00  17.00
Cell [27,62]: 3.00  50.00  3.00  24.00  27.00  25.00  37.00  5.00  0.00
Cell [27,63]: 0.00  1284.00  314.00  269.00  166.00  485.00  1844.00  952.00  2.00
Cell [27,64]: 402.00  794.00  1080.00  337.00  834.00  712.00  535.00  618.00  105.00
Cell [27,65]: 17.00  2.00  11.00  8.00  11.00  12.00  1.00  220.00  20.00
Cell [27,66]: 67.00  48.00  15.00  17.00  2.00  1.00  2.00  1.00  15.00
Cell [27,67]: 42.00  18.00  9.00  5.00  9.00  13.00  71.00  247.00  58.00
Cell [27,68]: 0.00  0.00  0.00  0.00  0.00  11.00  99.00  578.00  108.00
Cell [27,69]: 30.00  3.00  0.00  4.00  3.00  2.00  49.00  939.00  2047.00
Cell [27,70]: 36.00  75.00  86.00  56.00  42.00  64.00  93.00  58.00  11.00
Cell [27,71]: 570.00  105.00  20.00  19.00  105.00  75.00  47.00  23.00  118.00
Cell [27,72]: 309.00  43.00  21.00  0.00  0.00  4.00  7.00  300.00  1452.00
Cell [27,73]: 252.00  148.00  28.00  10.00  21.00  0.00  2.00  0.00  164.00
Cell [27,74]: 151.00  33.00  25.00  11.00  9.00  32.00  45.00  184.00  2113.00
Cell [27,75]: 73.00  6.00  0.00  8.00  3.00  4.00  12.00  89.00  1724.00
Cell [27,76]: 19.00  102.00  41.00  18.00  8.00  9.00  9.00  47.00  19.00
Cell [27,77]: 3.00  32.00  52.00  31.00  28.00  43.00  110.00  40.00  0.00
Cell [27,78]: 12.00  12.00  37.00  18.00  26.00  33.00  76.00  34.00  33.00
Cell [27,79]: 22.00  40.00  125.00  33.00  1.00  0.00  0.00  22.00  24.00
Cell [27,80]: 98.00  184.00  121.00  12.00  0.00  0.00  0.00  0.00  0.00
Cell [27,81]: 101.00  152.00  38.00  5.00  7.00  0.00  3.00  18.00  209.00
Cell [27,82]: 49.00  104.00  30.00  11.00  10.00  26.00  17.00  19.00  39.00
Cell [27,83]: 30.00  124.00  24.00  38.00  56.00  16.00  9.00  2.00  6.00
Cell [27,84]: 334.00  28.00  0.00  2.00  3.00  0.00  0.00  24.00  551.00
Cell [27,85]: 1.00  13.00  20.00  93.00  48.00  26.00  18.00  33.00  8.00
Cell [27,86]: 40.00  50.00  67.00  37.00  14.00  17.00  29.00  87.00  67.00
Cell [27,87]: 333.00  0.00  1.00  0.00  26.00  0.00  0.00  57.00  1268.00
Cell [27,88]: 909.00  0.00  0.00  0.00  0.00  0.00  0.00  0.00  226.00
Cell [27,89]: 24.00  0.00  0.00  0.00  0.00  0.00  10.00  49.00  150.00
Cell [27,90]: 10.00  20.00  19.00  5.00  4.00  3.00  3.00  2.00  1.00
Cell [27,91]: 63.00  0.00  0.00  0.00  0.00  0.00  0.00  1.00  208.00
Cell [27,92]: 40.00  3.00  6.00  5.00  0.00  5.00  7.00  30.00  257.00
Cell [27,93]: 67.00  219.00  4.00  0.00  0.00  0.00  0.00  0.00  0.00
Cell [27,94]: 2679.00  96.00  11.00  0.00  0.00  0.00  0.00  0.00  0.00
Cell [27,95]: 1221.00  20.00  1.00  1.00  1.00  0.00  2.00  0.00  15.00
Cell [27,96]: 516.00  12.00  4.00  0.00  0.00  0.00  0.00  0.00  13.00
Cell [27,97]: 369.00  174.00  162.00  81.00  32.00  5.00  10.00  25.00  127.00
Cell [27,98]: 266.00  243.00  10.00  9.00  0.00  5.00  0.00  1.00  40.00
Cell [27,99]: 90.00  70.00  23.00  23.00  27.00  123.00  105.00  303.00  1147.00
Cell [27,100]: 2737.00  417.00  89.00  40.00  24.00  0.00  23.00  21.00  100.00
Cell [27,101]: 583.00  2.00  1.00  0.00  0.00  0.00  2.00  42.00  92.00
Cell [27,102]: 0.00  0.00  0.00  0.00  0.00  0.00  6.00  367.00  78.00
Cell [27,103]: 0.00  0.00  0.00  0.00  0.00  0.00  3.00  146.00  47.00
Cell [27,104]: 0.00  0.00  0.00  0.00  0.00  0.00  0.00  633.00  47.00
Cell [27,105]: 3.00  3.00  1.00  3.00  6.00  25.00  3.00  721.00  7.00
Cell [27,106]: 39.00  22.00  3.00  5.00  4.00  11.00  7.00  296.00  198.00
Cell [27,107]: 85.00  14.00  25.00  10.00  7.00  6.00  10.00  74.00  191.00
Cell [27,108]: 16.00  167.00  84.00  4.00  2.00  0.00  0.00  0.00  0.00
Cell [27,109]: 112.00  78.00  0.00  0.00  0.00  0.00  0.00  0.00  0.00
Cell [27,110]: 5.00  9.00  1.00  1.00  3.00  1.00  16.00  11.00  12.00
Cell [27,111]: 571.00  23.00  7.00  2.00  1.00  2.00  0.00  0.00  0.00
Cell [27,112]: 1204.00  0.00  0.00  0.00  0.00  0.00  0.00  58.00  989.00
Cell [27,113]: 722.00  98.00  40.00  5.00  1.00  5.00  13.00  52.00  108.00
Cell [27,114]: 188.00  21.00  18.00  14.00  5.00  10.00  27.00  483.00  1237.00
Cell [27,115]: 570.00  69.00  20.00  16.00  30.00  26.00  39.00  220.00  625.00
Cell [27,116]: 117.00  52.00  7.00  76.00  0.00  241.00  401.00  589.00  320.00
Cell [27,117]: 123.00  0.00  0.00  0.00  0.00  0.00  0.00  145.00  2024.00
Cell [27,118]: 0.00  0.00  0.00  0.00  0.00  0.00  64.00  261.00  898.00
Cell [27,119]: 85.00  20.00  17.00  1.00  6.00  10.00  14.00  0.00  2548.00
Cell [27,120]: 141.00  5.00  0.00  0.00  1.00  0.00  0.00  34.00  1123.00
Cell [27,121]: 44.00  16.00  3.00  1.00  1.00  0.00  3.00  14.00  71.00
Cell [27,122]: 2.00  48.00  161.00  0.00  0.00  0.00  0.00  0.00  3.00
Cell [27,123]: 109.00  194.00  141.00  0.00  0.00  0.00  0.00  0.00  8.00
Cell [27,124]: 27.00  43.00  34.00  7.00  0.00  1.00  0.00  1.00  14.00
Cell [27,125]: 1.00  4.00  14.00  16.00  21.00  49.00  3.00  1.00  3.00
Cell [27,126]: 0.00  0.00  1.00  41.00  54.00  22.00  1.00  0.00  0.00
Cell [27,127]: 0.00  0.00  2.00  52.00  66.00  51.00  4.00  1.00  1.00
Cell [28,0]: 203.00  16.00  0.00  0.00  0.00  0.00  0.00  1.00  38.00
Cell [28,1]: 43.00  32.00  0.00  0.00  0.00  0.00  0.00  9.00  21.00
Cell [28,2]: 17.00  5.00  59.00  6.00  5.00  5.00  6.00  11.00  17.00
Cell [28,3]: 0.00  0.00  26.00  43.00  34.00  18.00  24.00  25.00  0.00
Cell [28,4]: 4.00  0.00  0.00  0.00  0.00  0.00  1.00  73.00  59.00
Cell [28,5]: 734.00  0.00  0.00  0.00  0.00  0.00  0.00  0.00  29.00
Cell [28,6]: 1400.00  0.00  0.00  0.00  0.00  0.00  0.00  0.00  169.00
Cell [28,7]: 30.00  0.00  0.00  1.00  5.00  48.00  63.00  57.00  144.00
Cell [28,8]: 0.00  0.00  0.00  0.00  0.00  60.00  326.00  22.00  0.00
Cell [28,9]: 0.00  40.00  107.00  60.00  23.00  46.00  0.00  0.00  0.00
Cell [28,10]: 3072.00  20.00  48.00  29.00  0.00  0.00  0.00  0.00  0.00
Cell [28,11]: 997.00  179.00  96.00  106.00  176.00  47.00  216.00  96.00  647.00
Cell [28,12]: 1401.00  3.00  0.00  0.00  0.00  0.00  0.00  211.00  355.00
Cell [28,13]: 166.00  32.00  2.00  5.00  1.00  2.00  1.00  0.00  116.00
Cell [28,14]: 247.00  8.00  4.00  1.00  5.00  4.00  2.00  0.00  110.00
Cell [28,15]: 937.00  38.00  5.00  0.00  0.00  3.00  7.00  5.00  20.00
Cell [28,16]: 7.00  48.00  11.00  0.00  64.00  36.00  9.00  2.00  3.00
Cell [28,17]: 37.00  41.00  2.00  0.00  34.00  33.00  44.00  34.00  27.00
Cell [28,18]: 7.00  9.00  7.00  5.00  4.00  3.00  2.00  5.00  7.00
Cell [28,19]: 15.00  5.00  1.00  0.00  0.00  0.00  0.00  6.00  40.00
Cell [28,20]: 48.00  5.00  18.00  5.00  1.00  8.00  6.00  4.00  27.00
Cell [28,21]: 103.00  26.00  0.00  1.00  2.00  1.00  0.00  0.00  49.00
Cell [28,22]: 27.00  8.00  3.00  2.00  1.00  2.00  6.00  14.00  25.00
Cell [28,23]: 172.00  14.00  9.00  10.00  18.00  57.00  94.00  145.00  150.00
Cell [28,24]: 16.00  36.00  28.00  48.00  130.00  11.00  0.00  166.00  61.00
Cell [28,25]: 138.00  0.00  0.00  1.00  0.00  0.00  0.00  76.00  265.00
Cell [28,26]: 9.00  8.00  12.00  6.00  12.00  0.00  8.00  60.00  1686.00
Cell [28,27]: 565.00  77.00  25.00  20.00  0.00  17.00  2.00  100.00  39.00
Cell [28,28]: 294.00  62.00  41.00  0.00  46.00  7.00  57.00  310.00  273.00
Cell [28,29]: 219.00  145.00  71.00  59.00  0.00  0.00  0.00  63.00  1402.00
Cell [28,30]: 399.00  7.00  10.00  0.00  138.00  93.00  83.00  99.00  1615.00
Cell [28,31]: 6.00  7.00  2.00  1.00  1.00  0.00  5.00  4.00  2038.00
Cell [28,32]: 39.00  4.00  4.00  0.00  0.00  1.00  0.00  2.00  8.00
Cell [28,33]: 38.00  41.00  10.00  6.00  7.00  10.00  5.00  1.00  9.00
Cell [28,34]: 23.00  16.00  6.00  8.00  2.00  4.00  7.00  40.00  27.00
Cell [28,35]: 31.00  45.00  69.00  21.00  0.00  0.00  0.00  0.00  17.00
Cell [28,36]: 142.00  212.00  38.00  0.00  0.00  0.00  0.00  0.00  8.00
Cell [28,37]: 68.00  301.00  15.00  4.00  2.00  0.00  4.00  4.00  45.00
Cell [28,38]: 12.00  79.00  88.00  52.00  11.00  2.00  0.00  0.00  1.00
Cell [28,39]: 0.00  0.00  0.00  90.00  327.00  12.00  0.00  0.00  0.00
Cell [28,40]: 22.00  4.00  6.00  2.00  62.00  10.00  61.00  48.00  1291.00
Cell [28,41]: 39.00  69.00  29.00  5.00  1.00  1.00  4.00  26.00  28.00
Cell [28,42]: 326.00  37.00  0.00  0.00  0.00  0.00  0.00  5.00  36.00
Cell [28,43]: 6.00  30.00  27.00  15.00  17.00  6.00  0.00  0.00  0.00
Cell [28,44]: 172.00  7.00  2.00  1.00  1.00  0.00  2.00  2.00  45.00
Cell [28,45]: 5.00  40.00  169.00  25.00  6.00  0.00  0.00  0.00  0.00
Cell [28,46]: 97.00  0.00  0.00  0.00  8.00  14.00  32.00  30.00  48.00
Cell [28,47]: 47.00  16.00  11.00  13.00  4.00  7.00  7.00  13.00  123.00
Cell [28,48]: 210.00  0.00  0.00  0.00  0.00  0.00  0.00  0.00  1897.00
Cell [28,49]: 226.00  3.00  7.00  10.00  22.00  6.00  14.00  13.00  393.00
Cell [28,50]: 5.00  0.00  0.00  9.00  26.00  127.00  133.00  53.00  23.00
Cell [28,51]: 64.00  47.00  41.00  40.00  32.00  109.00  45.00  15.00  13.00
Cell [28,52]: 137.00  62.00  29.00  16.00  5.00  14.00  4.00  3.00  24.00
Cell [28,53]: 3490.00  25.00  0.00  0.00  0.00  0.00  0.00  0.00  395.00
Cell [28,54]: 928.00  326.00  17.00  231.00  48.00  266.00  195.00  124.00  836.00
Cell [28,55]: 969.00  9.00  10.00  0.00  0.00  0.00  0.00  130.00  572.00
Cell [28,56]: 153.00  98.00  10.00  42.00  25.00  40.00  37.00  38.00  60.00
Cell [28,57]: 147.00  99.00  22.00  19.00  20.00  35.00  22.00  44.00  128.00
Cell [28,58]: 1146.00  49.00  91.00  18.00  0.00  0.00  6.00  8.00  78.00
Cell [28,59]: 0.00  25.00  18.00  60.00  107.00  89.00  17.00  2.00  0.00
Cell [28,60]: 33.00  74.00  105.00  53.00  28.00  58.00  53.00  73.00  9.00
Cell [28,61]: 16.00  5.00  3.00  10.00  13.00  8.00  10.00  6.00  2.00
Cell [28,62]: 993.00  1067.00  115.00  7.00  3.00  9.00  20.00  21.00  22.00
Cell [28,63]: 611.00  1542.00  55.00  96.00  114.00  409.00  925.00  359.00  523.00
Cell [28,64]: 299.00  437.00  432.00  581.00  373.00  85.00  86.00  1523.00  224.00
Cell [28,65]: 848.00  7.00  0.00  8.00  1.00  15.00  83.00  1327.00  492.00
Cell [28,66]: 3.00  3.00  14.00  22.00  41.00  29.00  25.00  7.00  6.00
Cell [28,67]: 5.00  10.00  31.00  23.00  57.00  61.00  112.00  154.00  54.00
Cell [28,68]: 45.00  27.00  8.00  0.00  10.00  18.00  42.00  268.00  290.00
Cell [28,69]: 6.00  0.00  2.00  0.00  0.00  0.00  5.00  901.00  1119.00
Cell [28,70]: 91.00  74.00  88.00  28.00  12.00  18.00  15.00  121.00  1040.00
Cell [28,71]: 875.00  184.00  136.00  95.00  9.00  24.00  10.00  57.00  475.00
Cell [28,72]: 93.00  114.00  33.00  24.00  0.00  0.00  57.00  157.00  1868.00
Cell [28,73]: 933.00  223.00  143.00  168.00  209.00  56.00  43.00  5.00  565.00
Cell [28,74]: 1496.00  31.00  94.00  41.00  10.00  100.00  145.00  223.00  918.00
Cell [28,75]: 52.00  41.00  2.00  1.00  4.00  0.00  5.00  94.00  1869.00
Cell [28,76]: 47.00  50.00  7.00  3.00  1.00  0.00  2.00  3.00  138.00
Cell [28,77]: 28.00  51.00  41.00  7.00  9.00  7.00  25.00  35.00  30.00
Cell [28,78]: 0.00  21.00  50.00  55.00  35.00  25.00  37.00  52.00  12.00
Cell [28,79]: 10.00  23.00  75.00  52.00  11.00  6.00  21.00  24.00  9.00
Cell [28,80]: 184.00  208.00  180.00  0.00  0.00  0.00  0.00  11.00  105.00
Cell [28,81]: 21.00  23.00  205.00  34.00  9.00  3.00  4.00  0.00  8.00
Cell [28,82]: 6.00  103.00  104.00  56.00  27.00  26.00  8.00  4.00  2.00
Cell [28,83]: 0.00  0.00  72.00  197.00  319.00  14.00  0.00  0.00  0.00
Cell [28,84]: 151.00  367.00  230.00  86.00  84.00  0.00  0.00  0.00  0.00
Cell [28,85]: 7.00  27.00  28.00  13.00  38.00  18.00  105.00  162.00  13.00
Cell [28,86]: 35.00  50.00  17.00  1.00  7.00  3.00  15.00  179.00  100.00
Cell [28,87]: 1082.00  75.00  0.00  0.00  0.00  6.00  20.00  23.00  340.00
Cell [28,88]: 292.00  0.00  0.00  0.00  0.00  0.00  0.00  9.00  748.00
Cell [28,89]: 0.00  0.00  0.00  0.00  0.00  22.00  73.00  60.00  72.00
Cell [28,90]: 7.00  7.00  5.00  3.00  17.00  12.00  7.00  9.00  11.00
Cell [28,91]: 197.00  0.00  0.00  0.00  1.00  0.00  1.00  3.00  65.00
Cell [28,92]: 204.00  14.00  10.00  3.00  6.00  1.00  6.00  7.00  82.00
Cell [28,93]: 143.00  156.00  9.00  0.00  0.00  0.00  0.00  0.00  0.00
Cell [28,94]: 3572.00  10.00  9.00  0.00  0.00  0.00  0.00  0.00  0.00
Cell [28,95]: 306.00  5.00  1.00  5.00  11.00  4.00  4.00  10.00  25.00
Cell [28,96]: 392.00  8.00  3.00  1.00  0.00  0.00  0.00  2.00  65.00
Cell [28,97]: 1014.00  271.00  147.00  58.00  0.00  0.00  106.00  42.00  462.00
Cell [28,98]: 591.00  281.00  8.00  4.00  0.00  5.00  2.00  3.00  19.00
Cell [28,99]: 357.00  50.00  30.00  13.00  38.00  0.00  71.00  79.00  2090.00
Cell [28,100]: 1868.00  561.00  36.00  6.00  0.00  22.00  21.00  23.00  28.00
Cell [28,101]: 82.00  7.00  0.00  1.00  0.00  0.00  0.00  15.00  57.00
Cell [28,102]: 1.00  0.00  0.00  0.00  1.00  5.00  16.00  234.00  8.00
Cell [28,103]: 0.00  0.00  0.00  0.00  0.00  1.00  7.00  313.00  8.00
Cell [28,104]: 0.00  0.00  0.00  0.00  0.00  2.00  65.00  353.00  0.00
Cell [28,105]: 0.00  0.00  0.00  0.00  0.00  0.00  21.00  893.00  2.00
Cell [28,106]: 23.00  14.00  4.00  1.00  0.00  0.00  0.00  408.00  126.00
Cell [28,107]: 64.00  45.00  18.00  0.00  2.00  0.00  7.00  57.00  425.00
Cell [28,108]: 40.00  64.00  28.00  3.00  0.00  0.00  0.00  0.00  0.00
Cell [28,109]: 37.00  21.00  23.00  9.00  3.00  1.00  0.00  2.00  19.00
Cell [28,110]: 54.00  72.00  16.00  0.00  0.00  1.00  1.00  1.00  7.00
Cell [28,111]: 490.00  66.00  0.00  0.00  2.00  0.00  0.00  0.00  0.00
Cell [28,112]: 2433.00  87.00  44.00  0.00  0.00  0.00  0.00  0.00  325.00
Cell [28,113]: 54.00  86.00  29.00  8.00  20.00  73.00  54.00  34.00  104.00
Cell [28,114]: 105.00  46.00  6.00  17.00  27.00  16.00  148.00  346.00  825.00
Cell [28,115]: 119.00  47.00  34.00  2.00  31.00  42.00  115.00  98.00  85.00
Cell [28,116]: 131.00  66.00  40.00  56.00  35.00  94.00  298.00  279.00  128.00
Cell [28,117]: 492.00  76.00  47.00  15.00  31.00  51.00  0.00  12.00  1478.00
Cell [28,118]: 0.00  0.00  0.00  0.00  0.00  0.00  22.00  110.00  661.00
Cell [28,119]: 53.00  0.00  0.00  6.00  0.00  3.00  59.00  158.00  1969.00
Cell [28,120]: 130.00  2.00  0.00  3.00  0.00  0.00  6.00  15.00  1831.00
Cell [28,121]: 165.00  18.00  0.00  0.00  0.00  0.00  0.00  8.00  80.00
Cell [28,122]: 79.00  216.00  171.00  0.00  0.00  0.00  0.00  0.00  0.00
Cell [28,123]: 7.00  38.00  259.00  15.00  6.00  2.00  3.00  2.00  4.00
Cell [28,124]: 237.00  81.00  18.00  10.00  1.00  0.00  4.00  4.00  20.00
Cell [28,125]: 0.00  6.00  29.00  127.00  148.00  24.00  0.00  0.00  0.00
Cell [28,126]: 0.00  0.00  0.00  118.00  162.00  43.00  4.00  0.00  0.00
Cell [28,127]: 0.00  0.00  0.00  21.00  135.00  110.00  7.00  0.00  0.00
Cell [29,0]: 70.00  29.00  9.00  0.00  0.00  0.00  2.00  30.00  40.00
Cell [29,1]: 0.00  0.00  0.00  0.00  0.00  0.00  16.00  49.00  16.00
Cell [29,2]: 30.00  50.00  6.00  1.00  4.00  7.00  4.00  8.00  9.00
Cell [29,3]: 32.00  41.00  17.00  8.00  6.00  6.00  12.00  40.00  61.00
Cell [29,4]: 0.00  0.00  0.00  0.00  0.00  0.00  26.00  112.00  88.00
Cell [29,5]: 816.00  12.00  6.00  0.00  8.00  3.00  7.00  0.00  0.00
Cell [29,6]: 1547.00  0.00  0.00  0.00  0.00  0.00  0.00  0.00  12.00
Cell [29,7]: 64.00  23.00  8.00  5.00  12.00  33.00  21.00  10.00  6.00
Cell [29,8]: 12.00  23.00  78.00  14.00  14.00  13.00  54.00  42.00  19.00
Cell [29,9]: 28.00  27.00  35.00  12.00  12.00  18.00  15.00  32.00  44.00
Cell [29,10]: 3042.00  26.00  7.00  11.00  0.00  0.00  0.00  0.00  16.00
Cell [29,11]: 2162.00  22.00  4.00  0.00  2.00  0.00  0.00  26.00  185.00
Cell [29,12]: 1215.00  18.00  18.00  4.00  15.00  29.00  43.00  32.00  155.00
Cell [29,13]: 102.00  68.00  31.00  33.00  61.00  67.00  16.00  2.00  16.00
Cell [29,14]: 145.00  123.00  13.00  16.00  1.00  10.00  14.00  17.00  137.00
Cell [29,15]: 571.00  58.00  7.00  24.00  5.00  6.00  8.00  0.00  58.00
Cell [29,16]: 5.00  5.00  8.00  61.00  105.00  0.00  0.00  0.00  3.00
Cell [29,17]: 22.00  80.00  88.00  36.00  0.00  0.00  0.00  0.00  0.00
Cell [29,18]: 1.00  0.00  4.00  1.00  4.00  5.00  2.00  0.00  2.00
Cell [29,19]: 7.00  1.00  0.00  3.00  4.00  3.00  3.00  8.00  24.00
Cell [29,20]: 158.00  10.00  10.00  0.00  0.00  0.00  2.00  0.00  28.00
Cell [29,21]: 72.00  6.00  3.00  1.00  0.00  0.00  2.00  4.00  54.00
Cell [29,22]: 5.00  2.00  1.00  1.00  1.00  1.00  4.00  33.00  8.00
Cell [29,23]: 2.00  4.00  7.00  5.00  125.00  50.00  30.00  8.00  2.00
Cell [29,24]: 3.00  0.00  0.00  0.00  124.00  62.00  68.00  34.00  17.00
Cell [29,25]: 0.00  0.00  0.00  0.00  0.00  0.00  14.00  290.00  364.00
Cell [29,26]: 326.00  45.00  0.00  0.00  0.00  0.00  25.00  15.00  1449.00
Cell [29,27]: 64.00  76.00  122.00  250.00  170.00  45.00  47.00  51.00  412.00
Cell [29,28]: 518.00  126.00  113.00  6.00  76.00  69.00  34.00  423.00  817.00
Cell [29,29]: 270.00  3.00  0.00  0.00  33.00  0.00  85.00  264.00  1495.00
Cell [29,30]: 647.00  0.00  0.00  0.00  0.00  0.00  10.00  9.00  931.00
Cell [29,31]: 205.00  1.00  2.00  3.00  1.00  3.00  1.00  1.00  2239.00
Cell [29,32]: 36.00  31.00  0.00  0.00  1.00  2.00  4.00  2.00  2.00
Cell [29,33]: 53.00  30.00  3.00  0.00  3.00  0.00  7.00  9.00  20.00
Cell [29,34]: 56.00  13.00  15.00  9.00  12.00  15.00  30.00  16.00  29.00
Cell [29,35]: 66.00  93.00  60.00  0.00  0.00  0.00  0.00  0.00  7.00
Cell [29,36]: 71.00  42.00  52.00  0.00  0.00  0.00  3.00  18.00  121.00
Cell [29,37]: 0.00  0.00  0.00  20.00  86.00  105.00  90.00  71.00  35.00
Cell [29,38]: 0.00  128.00  251.00  25.00  14.00  0.00  0.00  0.00  0.00
Cell [29,39]: 0.00  0.00  20.00  118.00  29.00  1.00  0.00  0.00  0.00
Cell [29,40]: 1219.00  38.00  0.00  1.00  13.00  3.00  8.00  14.00  598.00
Cell [29,41]: 20.00  42.00  128.00  167.00  0.00  0.00  0.00  0.00  0.00
Cell [29,42]: 98.00  157.00  46.00  46.00  0.00  0.00  0.00  4.00  8.00
Cell [29,43]: 5.00  13.00  23.00  18.00  16.00  0.00  1.00  18.00  3.00
Cell [29,44]: 64.00  52.00  10.00  1.00  0.00  4.00  6.00  3.00  5.00
Cell [29,45]: 175.00  65.00  14.00  14.00  0.00  3.00  5.00  8.00  2.00
Cell [29,46]: 41.00  0.00  0.00  0.00  0.00  0.00  0.00  39.00  310.00
Cell [29,47]: 67.00  12.00  0.00  0.00  5.00  0.00  34.00  26.00  121.00
Cell [29,48]: 1776.00  0.00  0.00  0.00  0.00  0.00  0.00  0.00  423.00
Cell [29,49]: 548.00  41.00  2.00  0.00  6.00  3.00  54.00  26.00  10.00
Cell [29,50]: 13.00  24.00  28.00  20.00  36.00  69.00  89.00  77.00  22.00
Cell [29,51]: 27.00  53.00  33.00  37.00  25.00  43.00  94.00  50.00  22.00
Cell [29,52]: 456.00  15.00  24.00  38.00  39.00  15.00  17.00  49.00  6.00
Cell [29,53]: 3368.00  9.00  0.00  0.00  0.00  0.00  14.00  4.00  177.00
Cell [29,54]: 3202.00  32.00  22.00  0.00  0.00  9.00  0.00  22.00  555.00
Cell [29,55]: 1635.00  295.00  19.00  0.00  12.00  0.00  0.00  6.00  5.00
Cell [29,56]: 68.00  28.00  65.00  58.00  99.00  8.00  18.00  91.00  87.00
Cell [29,57]: 568.00  335.00  40.00  0.00  2.00  5.00  0.00  20.00  205.00
Cell [29,58]: 756.00  122.00  38.00  35.00  0.00  0.00  4.00  3.00  12.00
Cell [29,59]: 0.00  54.00  53.00  21.00  33.00  59.00  19.00  3.00  0.00
Cell [29,60]: 54.00  16.00  7.00  15.00  8.00  3.00  6.00  3.00  8.00
Cell [29,61]: 9.00  11.00  16.00  33.00  16.00  4.00  12.00  4.00  4.00
Cell [29,62]: 1508.00  3042.00  323.00  70.00  41.00  67.00  86.00  6.00  2.00
Cell [29,63]: 0.00  5.00  48.00  0.00  75.00  136.00  1331.00  1407.00  56.00
Cell [29,64]: 194.00  1621.00  931.00  308.00  233.00  285.00  53.00  62.00  21.00
Cell [29,65]: 7.00  15.00  40.00  115.00  238.00  205.00  648.00  3327.00  427.00
Cell [29,66]: 3.00  1.00  1.00  7.00  16.00  35.00  14.00  21.00  36.00
Cell [29,67]: 7.00  2.00  0.00  1.00  6.00  11.00  9.00  24.00  57.00
Cell [29,68]: 0.00  0.00  5.00  5.00  9.00  5.00  27.00  246.00  17.00
Cell [29,69]: 0.00  1.00  0.00  0.00  0.00  11.00  41.00  697.00  227.00
Cell [29,70]: 77.00  231.00  177.00  422.00  207.00  362.00  200.00  1277.00  904.00
Cell [29,71]: 336.00  327.00  207.00  289.00  469.00  309.00  191.00  213.00  119.00
Cell [29,72]: 209.00  65.00  36.00  28.00  127.00  130.00  194.00  582.00  1334.00
Cell [29,73]: 515.00  126.00  31.00  0.00  11.00  37.00  50.00  548.00  993.00
Cell [29,74]: 951.00  25.00  25.00  0.00  0.00  28.00  20.00  85.00  1303.00
Cell [29,75]: 163.00  60.00  0.00  0.00  1.00  4.00  2.00  53.00  1785.00
Cell [29,76]: 221.00  72.00  0.00  0.00  0.00  1.00  1.00  6.00  22.00
Cell [29,77]: 89.00  94.00  3.00  0.00  0.00  0.00  0.00  31.00  93.00
Cell [29,78]: 31.00  86.00  40.00  11.00  24.00  18.00  22.00  77.00  51.00
Cell [29,79]: 20.00  38.00  48.00  72.00  8.00  3.00  8.00  16.00  30.00
Cell [29,80]: 78.00  38.00  27.00  7.00  6.00  20.00  46.00  98.00  321.00
Cell [29,81]: 0.00  42.00  39.00  93.00  271.00  29.00  17.00  5.00  0.00
Cell [29,82]: 5.00  266.00  182.00  45.00  8.00  8.00  0.00  6.00  8.00
Cell [29,83]: 23.00  31.00  21.00  21.00  9.00  4.00  14.00  62.00  23.00
Cell [29,84]: 98.00  84.00  19.00  5.00  0.00  3.00  27.00  191.00  121.00
Cell [29,85]: 75.00  34.00  15.00  4.00  5.00  0.00  22.00  11.00  212.00
Cell [29,86]: 31.00  0.00  0.00  0.00  0.00  0.00  0.00  91.00  365.00
Cell [29,87]: 745.00  16.00  0.00  0.00  0.00  0.00  0.00  19.00  704.00
Cell [29,88]: 0.00  0.00  0.00  0.00  0.00  0.00  0.00  120.00  875.00
Cell [29,89]: 0.00  0.00  0.00  0.00  0.00  0.00  48.00  194.00  58.00
Cell [29,90]: 50.00  6.00  0.00  0.00  0.00  0.00  0.00  10.00  59.00
Cell [29,91]: 6.00  1.00  0.00  1.00  0.00  1.00  1.00  7.00  235.00
Cell [29,92]: 0.00  8.00  32.00  43.00  9.00  16.00  15.00  61.00  106.00
Cell [29,93]: 4.00  274.00  41.00  0.00  0.00  0.00  0.00  0.00  0.00
Cell [29,94]: 3810.00  9.00  10.00  0.00  0.00  1.00  0.00  0.00  4.00
Cell [29,95]: 227.00  13.00  5.00  9.00  0.00  0.00  6.00  19.00  59.00
Cell [29,96]: 346.00  3.00  0.00  0.00  0.00  0.00  2.00  1.00  85.00
Cell [29,97]: 485.00  56.00  6.00  0.00  4.00  8.00  24.00  50.00  222.00
Cell [29,98]: 810.00  305.00  6.00  6.00  0.00  3.00  0.00  5.00  38.00
Cell [29,99]: 401.00  73.00  127.00  2.00  0.00  16.00  21.00  27.00  1099.00
Cell [29,100]: 1721.00  248.00  0.00  0.00  1.00  0.00  0.00  0.00  109.00
Cell [29,101]: 15.00  2.00  4.00  10.00  19.00  3.00  0.00  3.00  9.00
Cell [29,102]: 13.00  3.00  2.00  3.00  7.00  7.00  0.00  23.00  21.00
Cell [29,103]: 0.00  0.00  0.00  0.00  1.00  2.00  83.00  332.00  2.00
Cell [29,104]: 4.00  1.00  2.00  0.00  3.00  3.00  45.00  201.00  9.00
Cell [29,105]: 0.00  0.00  0.00  0.00  0.00  0.00  9.00  547.00  1.00
Cell [29,106]: 0.00  0.00  1.00  0.00  0.00  1.00  4.00  1218.00  20.00
Cell [29,107]: 5.00  8.00  0.00  1.00  0.00  1.00  1.00  106.00  646.00
Cell [29,108]: 80.00  79.00  6.00  2.00  0.00  0.00  0.00  0.00  3.00
Cell [29,109]: 17.00  9.00  1.00  2.00  1.00  5.00  0.00  0.00  1.00
Cell [29,110]: 250.00  5.00  0.00  0.00  0.00  0.00  0.00  1.00  17.00
Cell [29,111]: 373.00  0.00  0.00  0.00  0.00  0.00  0.00  0.00  32.00
Cell [29,112]: 421.00  17.00  0.00  0.00  0.00  0.00  4.00  1.00  2662.00
Cell [29,113]: 126.00  18.00  5.00  0.00  24.00  24.00  59.00  144.00  123.00
Cell [29,114]: 93.00  61.00  93.00  96.00  48.00  52.00  41.00  48.00  199.00
Cell [29,115]: 22.00  23.00  81.00  52.00  62.00  118.00  83.00  507.00  352.00
Cell [29,116]: 206.00  94.00  39.00  23.00  54.00  15.00  41.00  111.00  413.00
Cell [29,117]: 45.00  3.00  0.00  2.00  2.00  1.00  0.00  17.00  1526.00
Cell [29,118]: 79.00  0.00  0.00  0.00  0.00  0.00  0.00  11.00  477.00
Cell [29,119]: 74.00  6.00  7.00  7.00  7.00  7.00  0.00  56.00  1799.00
Cell [29,120]: 140.00  0.00  2.00  0.00  7.00  9.00  0.00  60.00  2090.00
Cell [29,121]: 190.00  43.00  0.00  0.00  0.00  0.00  5.00  55.00  60.00
Cell [29,122]: 83.00  0.00  0.00  0.00  16.00  50.00  71.00  85.00  117.00
Cell [29,123]: 4.00  4.00  16.00  77.00  261.00  41.00  15.00  17.00  11.00
Cell [29,124]: 103.00  276.00  101.00  49.00  0.00  0.00  0.00  0.00  0.00
Cell [29,125]: 0.00  107.00  41.00  26.00  39.00  11.00  20.00  11.00  0.00
Cell [29,126]: 0.00  0.00  1.00  9.00  3.00  12.00  85.00  57.00  0.00
Cell [29,127]: 1.00  1.00  3.00  6.00  27.00  5.00  12.00  6.00  2.00
Cell [30,0]: 0.00  0.00  0.00  0.00  7.00  34.00  44.00  123.00  25.00
Cell [30,1]: 1.00  0.00  0.00  0.00  0.00  1.00  26.00  45.00  20.00
Cell [30,2]: 65.00  23.00  8.00  4.00  4.00  4.00  5.00  5.00  2.00
Cell [30,3]: 62.00  9.00  0.00  0.00  0.00  0.00  0.00  45.00  43.00
Cell [30,4]: 0.00  0.00  0.00  0.00  0.00  0.00  67.00  112.00  17.00
Cell [30,5]: 598.00  0.00  13.00  2.00  6.00  12.00  9.00  7.00  144.00
Cell [30,6]: 93.00  0.00  0.00  0.00  0.00  0.00  0.00  0.00  1423.00
Cell [30,7]: 18.00  8.00  3.00  1.00  9.00  19.00  0.00  46.00  128.00
Cell [30,8]: 12.00  31.00  80.00  27.00  8.00  9.00  7.00  14.00  8.00
Cell [30,9]: 48.00  76.00  23.00  10.00  15.00  2.00  3.00  6.00  76.00
Cell [30,10]: 3021.00  13.00  0.00  0.00  0.00  0.00  0.00  0.00  17.00
Cell [30,11]: 1962.00  134.00  22.00  28.00  0.00  6.00  0.00  0.00  284.00
Cell [30,12]: 434.00  18.00  12.00  3.00  1.00  14.00  1.00  2.00  116.00
Cell [30,13]: 0.00  54.00  33.00  38.00  113.00  108.00  48.00  4.00  3.00
Cell [30,14]: 74.00  29.00  35.00  116.00  123.00  59.00  50.00  44.00  42.00
Cell [30,15]: 118.00  170.00  44.00  8.00  0.00  0.00  0.00  1.00  4.00
Cell [30,16]: 25.00  20.00  5.00  0.00  0.00  0.00  0.00  0.00  13.00
Cell [30,17]: 29.00  14.00  10.00  0.00  0.00  0.00  0.00  0.00  22.00
Cell [30,18]: 0.00  0.00  0.00  0.00  2.00  0.00  0.00  0.00  0.00
Cell [30,19]: 3.00  2.00  2.00  5.00  5.00  5.00  8.00  4.00  5.00
Cell [30,20]: 81.00  4.00  8.00  4.00  2.00  1.00  2.00  11.00  125.00
Cell [30,21]: 67.00  0.00  0.00  0.00  0.00  0.00  0.00  4.00  40.00
Cell [30,22]: 8.00  6.00  2.00  2.00  0.00  0.00  18.00  19.00  18.00
Cell [30,23]: 6.00  6.00  4.00  1.00  0.00  3.00  6.00  8.00  9.00
Cell [30,24]: 17.00  0.00  0.00  0.00  1.00  12.00  23.00  20.00  13.00
Cell [30,25]: 0.00  0.00  0.00  0.00  43.00  100.00  119.00  330.00  29.00
Cell [30,26]: 851.00  1157.00  298.00  74.00  464.00  46.00  14.00  985.00  464.00
Cell [30,27]: 34.00  343.00  58.00  626.00  715.00  59.00  11.00  78.00  485.00
Cell [30,28]: 298.00  377.00  13.00  81.00  73.00  137.00  140.00  114.00  595.00
Cell [30,29]: 883.00  33.00  35.00  0.00  0.00  0.00  0.00  110.00  1855.00
Cell [30,30]: 695.00  7.00  0.00  0.00  4.00  0.00  2.00  0.00  660.00
Cell [30,31]: 344.00  0.00  0.00  0.00  0.00  0.00  15.00  28.00  2451.00
Cell [30,32]: 96.00  16.00  0.00  0.00  0.00  0.00  0.00  35.00  58.00
Cell [30,33]: 24.00  24.00  9.00  11.00  9.00  21.00  12.00  8.00  11.00
Cell [30,34]: 11.00  11.00  24.00  22.00  14.00  22.00  49.00  10.00  6.00
Cell [30,35]: 17.00  33.00  36.00  0.00  0.00  29.00  27.00  27.00  10.00
Cell [30,36]: 6.00  7.00  2.00  86.00  42.00  14.00  7.00  3.00  3.00
Cell [30,37]: 0.00  0.00  0.00  32.00  97.00  124.00  3.00  0.00  0.00
Cell [30,38]: 10.00  3.00  52.00  21.00  30.00  10.00  5.00  3.00  4.00
Cell [30,39]: 30.00  39.00  18.00  9.00  4.00  0.00  0.00  0.00  0.00
Cell [30,40]: 1803.00  0.00  0.00  0.00  0.00  7.00  0.00  0.00  91.00
Cell [30,41]: 19.00  3.00  0.00  1.00  17.00  73.00  60.00  95.00  42.00
Cell [30,42]: 1.00  0.00  8.00  0.00  0.00  161.00  96.00  13.00  12.00
Cell [30,43]: 0.00  0.00  0.00  0.00  10.00  32.00  78.00  17.00  1.00
Cell [30,44]: 10.00  14.00  6.00  4.00  7.00  35.00  20.00  4.00  7.00
Cell [30,45]: 155.00  2.00  4.00  0.00  4.00  0.00  5.00  9.00  72.00
Cell [30,46]: 29.00  0.00  0.00  0.00  0.00  2.00  44.00  60.00  164.00
Cell [30,47]: 83.00  6.00  16.00  10.00  15.00  86.00  90.00  13.00  0.00
Cell [30,48]: 949.00  0.00  0.00  0.00  0.00  0.00  0.00  0.00  1128.00
Cell [30,49]: 29.00  1.00  0.00  0.00  0.00  7.00  45.00  62.00  504.00
Cell [30,50]: 0.00  4.00  55.00  51.00  44.00  59.00  63.00  49.00  5.00
Cell [30,51]: 12.00  94.00  189.00  21.00  17.00  11.00  13.00  8.00  11.00
Cell [30,52]: 1299.00  86.00  0.00  0.00  0.00  0.00  7.00  79.00  49.00
Cell [30,53]: 2846.00  29.00  0.00  0.00  0.00  1.00  0.00  6.00  22.00
Cell [30,54]: 2612.00  146.00  18.00  0.00  0.00  0.00  0.00  7.00  1213.00
Cell [30,55]: 1390.00  117.00  28.00  50.00  14.00  11.00  116.00  128.00  331.00
Cell [30,56]: 223.00  139.00  46.00  24.00  50.00  371.00  4.00  34.00  11.00
Cell [30,57]: 175.00  301.00  212.00  248.00  212.00  124.00  39.00  58.00  19.00
Cell [30,58]: 47.00  593.00  248.00  319.00  368.00  1083.00  8.00  15.00  11.00
Cell [30,59]: 21.00  25.00  3.00  1.00  16.00  432.00  215.00  12.00  11.00
Cell [30,60]: 3.00  5.00  6.00  4.00  13.00  69.00  29.00  20.00  7.00
Cell [30,61]: 87.00  37.00  89.00  137.00  39.00  22.00  25.00  10.00  50.00
Cell [30,62]: 1924.00  147.00  0.00  39.00  77.00  18.00  819.00  1876.00  557.00
Cell [30,63]: 17.00  29.00  7.00  0.00  36.00  112.00  831.00  1407.00  7.00
Cell [30,64]: 424.00  1008.00  322.00  317.00  120.00  292.00  16.00  34.00  65.00
Cell [30,65]: 1108.00  1942.00  301.00  32.00  0.00  0.00  0.00  133.00  2139.00
Cell [30,66]: 84.00  129.00  36.00  1.00  25.00  20.00  15.00  138.00  158.00
Cell [30,67]: 0.00  0.00  1.00  5.00  9.00  16.00  21.00  32.00  1.00
Cell [30,68]: 5.00  7.00  8.00  387.00  9.00  33.00  7.00  38.00  6.00
Cell [30,69]: 0.00  9.00  0.00  1924.00  952.00  703.00  332.00  83.00  9.00
Cell [30,70]: 0.00  150.00  39.00  0.00  268.00  96.00  781.00  677.00  51.00
Cell [30,71]: 318.00  421.00  116.00  0.00  27.00  19.00  64.00  13.00  61.00
Cell [30,72]: 766.00  48.00  0.00  0.00  0.00  2.00  29.00  187.00  2224.00
Cell [30,73]: 1287.00  0.00  3.00  12.00  7.00  0.00  0.00  35.00  1492.00
Cell [30,74]: 580.00  9.00  8.00  4.00  8.00  15.00  20.00  28.00  1628.00
Cell [30,75]: 182.00  50.00  3.00  14.00  0.00  15.00  19.00  110.00  1970.00
Cell [30,76]: 117.00  119.00  0.00  0.00  0.00  0.00  0.00  3.00  91.00
Cell [30,77]: 10.00  13.00  5.00  4.00  2.00  23.00  81.00  54.00  10.00
Cell [30,78]: 4.00  43.00  65.00  65.00  77.00  48.00  9.00  0.00  6.00
Cell [30,79]: 29.00  70.00  71.00  40.00  6.00  6.00  39.00  38.00  35.00
Cell [30,80]: 4.00  4.00  37.00  114.00  103.00  32.00  2.00  0.00  0.00
Cell [30,81]: 1.00  0.00  21.00  70.00  99.00  37.00  9.00  3.00  2.00
Cell [30,82]: 74.00  52.00  34.00  1.00  4.00  1.00  7.00  11.00  32.00
Cell [30,83]: 39.00  26.00  0.00  2.00  5.00  0.00  1.00  10.00  32.00
Cell [30,84]: 9.00  0.00  1.00  3.00  3.00  6.00  6.00  105.00  345.00
Cell [30,85]: 70.00  210.00  13.00  0.00  9.00  5.00  12.00  29.00  10.00
Cell [30,86]: 68.00  248.00  60.00  5.00  4.00  2.00  0.00  0.00  5.00
Cell [30,87]: 648.00  0.00  1.00  0.00  0.00  0.00  0.00  22.00  839.00
Cell [30,88]: 751.00  39.00  0.00  0.00  0.00  0.00  0.00  0.00  81.00
Cell [30,89]: 206.00  37.00  0.00  0.00  0.00  0.00  0.00  0.00  94.00
Cell [30,90]: 6.00  0.00  0.00  0.00  0.00  0.00  0.00  21.00  140.00
Cell [30,91]: 15.00  2.00  1.00  1.00  0.00  2.00  4.00  9.00  156.00
Cell [30,92]: 20.00  15.00  14.00  2.00  0.00  3.00  1.00  19.00  101.00
Cell [30,93]: 82.00  130.00  7.00  0.00  0.00  0.00  0.00  0.00  43.00
Cell [30,94]: 3901.00  26.00  7.00  1.00  0.00  0.00  1.00  0.00  22.00
Cell [30,95]: 518.00  14.00  2.00  0.00  0.00  1.00  1.00  0.00  57.00
Cell [30,96]: 456.00  0.00  0.00  0.00  0.00  0.00  0.00  0.00  58.00
Cell [30,97]: 318.00  106.00  99.00  10.00  5.00  0.00  1.00  5.00  74.00
Cell [30,98]: 519.00  318.00  27.00  0.00  3.00  6.00  0.00  7.00  37.00
Cell [30,99]: 214.00  244.00  169.00  13.00  0.00  8.00  2.00  83.00  517.00
Cell [30,100]: 1734.00  0.00  0.00  0.00  0.00  0.00  0.00  0.00  0.00
Cell [30,101]: 17.00  9.00  6.00  7.00  8.00  5.00  0.00  87.00  42.00
Cell [30,102]: 18.00  28.00  11.00  6.00  12.00  18.00  21.00  4.00  0.00
Cell [30,103]: 3.00  2.00  4.00  6.00  11.00  57.00  26.00  24.00  4.00
Cell [30,104]: 0.00  0.00  0.00  0.00  0.00  6.00  127.00  315.00  0.00
Cell [30,105]: 1.00  2.00  0.00  3.00  2.00  6.00  45.00  264.00  11.00
Cell [30,106]: 0.00  0.00  0.00  0.00  0.00  0.00  97.00  619.00  2.00
Cell [30,107]: 21.00  0.00  11.00  5.00  0.00  5.00  29.00  865.00  398.00
Cell [30,108]: 54.00  30.00  10.00  2.00  0.00  0.00  0.00  2.00  56.00
Cell [30,109]: 16.00  13.00  1.00  2.00  0.00  0.00  1.00  1.00  11.00
Cell [30,110]: 143.00  11.00  0.00  0.00  0.00  0.00  0.00  0.00  133.00
Cell [30,111]: 239.00  0.00  0.00  0.00  0.00  0.00  0.00  0.00  130.00
Cell [30,112]: 0.00  0.00  0.00  0.00  0.00  0.00  0.00  0.00  2918.00
Cell [30,113]: 55.00  45.00  50.00  25.00  15.00  31.00  25.00  126.00  157.00
Cell [30,114]: 72.00  21.00  5.00  12.00  0.00  14.00  136.00  495.00  141.00
Cell [30,115]: 163.00  23.00  17.00  26.00  8.00  72.00  229.00  156.00  523.00
Cell [30,116]: 51.00  61.00  36.00  41.00  14.00  51.00  82.00  232.00  295.00
Cell [30,117]: 24.00  0.00  0.00  0.00  0.00  15.00  9.00  76.00  1601.00
Cell [30,118]: 31.00  5.00  2.00  0.00  1.00  0.00  4.00  40.00  423.00
Cell [30,119]: 84.00  0.00  7.00  6.00  0.00  0.00  1.00  38.00  1828.00
Cell [30,120]: 57.00  12.00  2.00  0.00  6.00  0.00  27.00  23.00  2099.00
Cell [30,121]: 0.00  0.00  0.00  0.00  0.00  0.00  13.00  291.00  0.00
Cell [30,122]: 0.00  0.00  9.00  13.00  44.00  56.00  96.00  39.00  0.00
Cell [30,123]: 0.00  0.00  12.00  64.00  223.00  27.00  11.00  0.00  0.00
Cell [30,124]: 36.00  76.00  47.00  59.00  9.00  6.00  8.00  0.00  9.00
Cell [30,125]: 51.00  80.00  10.00  8.00  7.00  16.00  13.00  0.00  16.00
Cell [30,126]: 0.00  0.00  0.00  0.00  0.00  3.00  148.00  102.00  0.00
Cell [30,127]: 0.00  0.00  1.00  11.00  5.00  4.00  68.00  18.00  4.00
Cell [31,0]: 93.00  0.00  0.00  0.00  0.00  4.00  10.00  38.00  147.00
Cell [31,1]: 0.00  0.00  0.00  40.00  82.00  37.00  17.00  17.00  0.00
Cell [31,2]: 0.00  18.00  28.00  35.00  118.00  37.00  0.00  0.00  0.00
Cell [31,3]: 0.00  22.00  33.00  13.00  7.00  14.00  34.00  16.00  0.00
Cell [31,4]: 0.00  0.00  0.00  0.00  0.00  0.00  8.00  112.00  49.00
Cell [31,5]: 218.00  0.00  0.00  1.00  0.00  0.00  6.00  6.00  445.00
Cell [31,6]: 0.00  0.00  0.00  0.00  0.00  0.00  0.00  0.00  1397.00
Cell [31,7]: 24.00  0.00  0.00  0.00  0.00  0.00  0.00  28.00  316.00
Cell [31,8]: 0.00  0.00  20.00  63.00  23.00  11.00  7.00  0.00  0.00
Cell [31,9]: 42.00  122.00  50.00  69.00  3.00  0.00  0.00  0.00  0.00
Cell [31,10]: 2889.00  28.00  0.00  0.00  0.00  0.00  0.00  0.00  47.00
Cell [31,11]: 2570.00  200.00  0.00  0.00  27.00  57.00  53.00  26.00  1847.00
Cell [31,12]: 236.00  22.00  21.00  2.00  0.00  0.00  5.00  9.00  168.00
Cell [31,13]: 131.00  32.00  13.00  6.00  0.00  4.00  7.00  5.00  80.00
Cell [31,14]: 311.00  2.00  0.00  0.00  0.00  0.00  0.00  7.00  107.00
Cell [31,15]: 58.00  55.00  5.00  0.00  0.00  0.00  0.00  0.00  3.00
Cell [31,16]: 22.00  29.00  0.00  0.00  0.00  0.00  0.00  2.00  6.00
Cell [31,17]: 15.00  24.00  4.00  6.00  0.00  1.00  1.00  1.00  4.00
Cell [31,18]: 1.00  0.00  2.00  5.00  5.00  0.00  2.00  4.00  3.00
Cell [31,19]: 26.00  9.00  0.00  0.00  0.00  0.00  0.00  4.00  18.00
Cell [31,20]: 113.00  14.00  0.00  0.00  0.00  0.00  0.00  2.00  94.00
Cell [31,21]: 9.00  2.00  2.00  5.00  5.00  1.00  7.00  29.00  86.00
Cell [31,22]: 13.00  2.00  0.00  0.00  0.00  0.00  1.00  8.00  24.00
Cell [31,23]: 16.00  0.00  0.00  0.00  0.00  0.00  3.00  34.00  42.00
Cell [31,24]: 5.00  9.00  12.00  15.00  20.00  4.00  1.00  1.00  7.00
Cell [31,25]: 0.00  0.00  10.00  20.00  59.00  63.00  5.00  9.00  15.00
Cell [31,26]: 4884.00  199.00  134.00  120.00  9.00  0.00  0.00  155.00  2739.00
Cell [31,27]: 193.00  69.00  0.00  3.00  0.00  0.00  12.00  40.00  3080.00
Cell [31,28]: 90.00  36.00  2.00  3.00  0.00  0.00  3.00  4.00  673.00
Cell [31,29]: 1503.00  172.00  10.00  0.00  0.00  0.00  0.00  158.00  494.00
Cell [31,30]: 493.00  23.00  10.00  14.00  0.00  0.00  0.00  0.00  1112.00
Cell [31,31]: 65.00  0.00  0.00  0.00  0.00  3.00  5.00  12.00  2861.00
Cell [31,32]: 0.00  0.00  0.00  0.00  0.00  43.00  147.00  90.00  57.00
Cell [31,33]: 0.00  0.00  0.00  33.00  71.00  152.00  11.00  5.00  0.00
Cell [31,34]: 0.00  0.00  76.00  152.00  28.00  8.00  0.00  0.00  0.00
Cell [31,35]: 0.00  0.00  0.00  0.00  87.00  204.00  16.00  0.00  0.00
Cell [31,36]: 0.00  0.00  0.00  17.00  83.00  54.00  43.00  2.00  0.00
Cell [31,37]: 0.00  0.00  0.00  5.00  7.00  19.00  15.00  29.00  17.00
Cell [31,38]: 0.00  0.00  0.00  0.00  5.00  16.00  86.00  39.00  21.00
Cell [31,39]: 14.00  0.00  0.00  0.00  1.00  0.00  27.00  49.00  31.00
Cell [31,40]: 916.00  7.00  2.00  4.00  5.00  1.00  0.00  0.00  909.00
Cell [31,41]: 22.00  166.00  33.00  49.00  102.00  28.00  5.00  8.00  9.00
Cell [31,42]: 66.00  0.00  0.00  0.00  0.00  52.00  78.00  105.00  230.00
Cell [31,43]: 0.00  0.00  0.00  51.00  23.00  19.00  19.00  30.00  40.00
Cell [31,44]: 3.00  2.00  4.00  15.00  89.00  133.00  27.00  23.00  3.00
Cell [31,45]: 39.00  32.00  51.00  63.00  26.00  8.00  0.00  1.00  16.00
Cell [31,46]: 2.00  0.00  0.00  0.00  0.00  13.00  34.00  128.00  38.00
Cell [31,47]: 64.00  7.00  5.00  4.00  8.00  0.00  3.00  11.00  52.00
Cell [31,48]: 239.00  0.00  0.00  0.00  0.00  0.00  0.00  0.00  1595.00
Cell [31,49]: 0.00  0.00  0.00  0.00  0.00  0.00  0.00  25.00  705.00
Cell [31,50]: 0.00  46.00  18.00  14.00  28.00  13.00  10.00  18.00  28.00
Cell [31,51]: 11.00  85.00  38.00  10.00  29.00  82.00  53.00  30.00  0.00
Cell [31,52]: 1835.00  117.00  2.00  0.00  0.00  0.00  0.00  2.00  30.00
Cell [31,53]: 1901.00  99.00  8.00  0.00  0.00  4.00  4.00  12.00  452.00
Cell [31,54]: 2996.00  69.00  14.00  14.00  0.00  12.00  12.00  15.00  1057.00
Cell [31,55]: 784.00  161.00  12.00  0.00  53.00  34.00  14.00  90.00  134.00
Cell [31,56]: 39.00  75.00  155.00  4.00  38.00  0.00  49.00  4.00  27.00
Cell [31,57]: 1085.00  219.00  7.00  6.00  4.00  0.00  0.00  253.00  55.00
Cell [31,58]: 812.00  125.00  82.00  160.00  25.00  405.00  147.00  274.00  1049.00
Cell [31,59]: 529.00  561.00  1149.00  75.00  48.00  97.00  766.00  452.00  371.00
Cell [31,60]: 384.00  257.00  751.00  838.00  920.00  724.00  312.00  218.00  202.00
Cell [31,61]: 583.00  2347.00  507.00  259.00  13.00  45.00  100.00  32.00  564.00
Cell [31,62]: 0.00  0.00  0.00  53.00  370.00  194.00  3491.00  1744.00  2.00
Cell [31,63]: 2.00  0.00  14.00  6.00  0.00  115.00  1110.00  2809.00  0.00
Cell [31,64]: 32.00  583.00  2143.00  211.00  103.00  216.00  0.00  0.00  0.00
Cell [31,65]: 107.00  2734.00  1852.00  467.00  305.00  150.00  95.00  0.00  10.00
Cell [31,66]: 6.00  8.00  16.00  38.00  376.00  606.00  1557.00  723.00  113.00
Cell [31,67]: 604.00  553.00  531.00  1080.00  1718.00  241.00  53.00  306.00  212.00
Cell [31,68]: 321.00  802.00  825.00  481.00  69.00  870.00  1707.00  1045.00  215.00
Cell [31,69]: 618.00  790.00  212.00  1659.00  139.00  173.00  259.00  641.00  305.00
Cell [31,70]: 172.00  17.00  0.00  0.00  6.00  0.00  54.00  656.00  3513.00
Cell [31,71]: 514.00  42.00  0.00  0.00  0.00  0.00  0.00  0.00  295.00
Cell [31,72]: 1284.00  63.00  35.00  10.00  0.00  1.00  0.00  5.00  1361.00
Cell [31,73]: 455.00  0.00  0.00  0.00  2.00  2.00  0.00  0.00  2731.00
Cell [31,74]: 626.00  0.00  17.00  30.00  0.00  34.00  34.00  109.00  1872.00
Cell [31,75]: 294.00  78.00  110.00  51.00  47.00  6.00  3.00  4.00  1874.00
Cell [31,76]: 28.00  8.00  6.00  4.00  2.00  0.00  225.00  113.00  29.00
Cell [31,77]: 0.00  0.00  105.00  35.00  26.00  45.00  53.00  3.00  0.00
Cell [31,78]: 0.00  0.00  78.00  96.00  56.00  73.00  0.00  0.00  0.00
Cell [31,79]: 0.00  0.00  0.00  29.00  42.00  159.00  165.00  0.00  0.00
Cell [31,80]: 14.00  0.00  45.00  29.00  14.00  27.00  23.00  20.00  22.00
Cell [31,81]: 3.00  0.00  0.00  0.00  15.00  30.00  22.00  42.00  34.00
Cell [31,82]: 1.00  0.00  29.00  5.00  2.00  56.00  70.00  17.00  12.00
Cell [31,83]: 38.00  7.00  4.00  4.00  4.00  0.00  9.00  9.00  8.00
Cell [31,84]: 140.00  37.00  14.00  21.00  19.00  12.00  4.00  3.00  117.00
Cell [31,85]: 153.00  61.00  4.00  2.00  1.00  5.00  0.00  9.00  137.00
Cell [31,86]: 172.00  64.00  35.00  31.00  21.00  31.00  2.00  2.00  77.00
Cell [31,87]: 1129.00  40.00  0.00  0.00  3.00  29.00  2.00  3.00  100.00
Cell [31,88]: 803.00  145.00  0.00  0.00  0.00  0.00  0.00  0.00  0.00
Cell [31,89]: 44.00  79.00  24.00  12.00  0.00  0.00  0.00  0.00  9.00
Cell [31,90]: 64.00  69.00  0.00  0.00  0.00  0.00  0.00  4.00  41.00
Cell [31,91]: 25.00  1.00  3.00  1.00  0.00  0.00  0.00  2.00  116.00
Cell [31,92]: 37.00  19.00  1.00  3.00  0.00  3.00  4.00  18.00  82.00
Cell [31,93]: 633.00  4.00  0.00  2.00  0.00  0.00  1.00  0.00  81.00
Cell [31,94]: 3470.00  99.00  3.00  2.00  0.00  0.00  0.00  2.00  21.00
Cell [31,95]: 286.00  29.00  10.00  6.00  11.00  0.00  0.00  47.00  277.00
Cell [31,96]: 406.00  19.00  1.00  0.00  0.00  0.00  0.00  5.00  139.00
Cell [31,97]: 234.00  82.00  19.00  33.00  8.00  2.00  13.00  59.00  182.00
Cell [31,98]: 213.00  417.00  29.00  25.00  9.00  0.00  11.00  10.00  35.00
Cell [31,99]: 1125.00  176.00  1.00  0.00  2.00  5.00  0.00  1.00  169.00
Cell [31,100]: 1352.00  14.00  5.00  0.00  0.00  0.00  0.00  1.00  2.00
Cell [31,101]: 2.00  5.00  4.00  5.00  1.00  17.00  7.00  57.00  14.00
Cell [31,102]: 13.00  17.00  14.00  4.00  2.00  1.00  0.00  57.00  71.00
Cell [31,103]: 17.00  11.00  3.00  5.00  5.00  18.00  8.00  1.00  2.00
Cell [31,104]: 2.00  2.00  5.00  15.00  53.00  63.00  29.00  40.00  4.00
Cell [31,105]: 0.00  2.00  1.00  1.00  0.00  5.00  11.00  332.00  25.00
Cell [31,106]: 0.00  0.00  0.00  0.00  0.00  0.00  75.00  416.00  1.00
Cell [31,107]: 29.00  4.00  4.00  0.00  0.00  7.00  85.00  509.00  276.00
Cell [31,108]: 75.00  17.00  2.00  0.00  0.00  1.00  1.00  16.00  60.00
Cell [31,109]: 10.00  11.00  1.00  2.00  5.00  2.00  5.00  19.00  20.00
Cell [31,110]: 181.00  11.00  2.00  0.00  0.00  0.00  1.00  28.00  99.00
Cell [31,111]: 205.00  0.00  0.00  0.00  0.00  0.00  1.00  3.00  115.00
Cell [31,112]: 1.00  0.00  0.00  0.00  0.00  1.00  0.00  0.00  2441.00
Cell [31,113]: 63.00  53.00  49.00  23.00  8.00  46.00  36.00  25.00  462.00
Cell [31,114]: 161.00  161.00  23.00  26.00  7.00  29.00  58.00  259.00  227.00
Cell [31,115]: 73.00  52.00  11.00  5.00  15.00  5.00  311.00  443.00  176.00
Cell [31,116]: 243.00  142.00  23.00  0.00  0.00  40.00  105.00  216.00  281.00
Cell [31,117]: 432.00  0.00  0.00  0.00  0.00  0.00  0.00  0.00  1420.00
Cell [31,118]: 28.00  3.00  0.00  0.00  0.00  0.00  0.00  36.00  550.00
Cell [31,119]: 111.00  0.00  0.00  0.00  0.00  0.00  0.00  42.00  1723.00
Cell [31,120]: 47.00  10.00  0.00  11.00  8.00  9.00  0.00  70.00  2364.00
Cell [31,121]: 101.00  0.00  1.00  0.00  0.00  0.00  1.00  130.00  87.00
Cell [31,122]: 14.00  26.00  14.00  3.00  5.00  5.00  19.00  32.00  18.00
Cell [31,123]: 13.00  25.00  48.00  3.00  3.00  1.00  3.00  7.00  5.00
Cell [31,124]: 17.00  31.00  14.00  5.00  2.00  1.00  16.00  74.00  4.00
Cell [31,125]: 14.00  0.00  0.00  0.00  0.00  3.00  16.00  181.00  46.00
Cell [31,126]: 26.00  41.00  8.00  9.00  13.00  9.00  1.00  51.00  21.00
Cell [31,127]: 76.00  33.00  6.00  4.00  2.00  0.00  0.00  7.00  38.00
Cell [32,0]: 83.00  0.00  25.00  10.00  10.00  5.00  18.00  48.00  47.00
Cell [32,1]: 0.00  19.00  145.00  57.00  56.00  11.00  2.00  0.00  0.00
Cell [32,2]: 6.00  0.00  1.00  2.00  23.00  75.00  30.00  32.00  32.00
Cell [32,3]: 4.00  4.00  6.00  27.00  9.00  7.00  21.00  27.00  6.00
Cell [32,4]: 0.00  0.00  0.00  0.00  0.00  0.00  0.00  149.00  112.00
Cell [32,5]: 572.00  0.00  0.00  0.00  0.00  2.00  0.00  7.00  63.00
Cell [32,6]: 912.00  0.00  0.00  0.00  0.00  0.00  0.00  0.00  411.00
Cell [32,7]: 99.00  0.00  15.00  14.00  8.00  5.00  9.00  10.00  208.00
Cell [32,8]: 0.00  0.00  149.00  155.00  12.00  0.00  0.00  0.00  0.00
Cell [32,9]: 21.00  27.00  12.00  33.00  77.00  60.00  0.00  0.00  0.00
Cell [32,10]: 2925.00  0.00  1.00  0.00  0.00  0.00  0.00  2.00  4.00
Cell [32,11]: 3220.00  296.00  0.00  14.00  0.00  17.00  25.00  84.00  970.00
Cell [32,12]: 283.00  94.00  26.00  12.00  0.00  2.00  2.00  2.00  11.00
Cell [32,13]: 157.00  0.00  1.00  0.00  0.00  0.00  0.00  6.00  95.00
Cell [32,14]: 299.00  0.00  0.00  0.00  0.00  0.00  0.00  0.00  174.00
Cell [32,15]: 78.00  3.00  0.00  0.00  0.00  0.00  0.00  0.00  21.00
Cell [32,16]: 16.00  31.00  11.00  0.00  0.00  0.00  0.00  3.00  6.00
Cell [32,17]: 14.00  16.00  5.00  0.00  0.00  0.00  0.00  2.00  4.00
Cell [32,18]: 0.00  0.00  0.00  4.00  4.00  0.00  0.00  0.00  0.00
Cell [32,19]: 16.00  10.00  8.00  2.00  0.00  0.00  1.00  2.00  9.00
Cell [32,20]: 102.00  5.00  0.00  0.00  1.00  0.00  0.00  0.00  70.00
Cell [32,21]: 31.00  2.00  1.00  1.00  0.00  0.00  2.00  11.00  148.00
Cell [32,22]: 7.00  4.00  0.00  0.00  0.00  5.00  14.00  15.00  7.00
Cell [32,23]: 14.00  3.00  0.00  0.00  0.00  0.00  9.00  32.00  26.00
Cell [32,24]: 12.00  6.00  6.00  2.00  0.00  0.00  1.00  50.00  76.00
Cell [32,25]: 160.00  10.00  2.00  6.00  31.00  9.00  5.00  4.00  7.00
Cell [32,26]: 6023.00  27.00  17.00  10.00  0.00  8.00  0.00  12.00  2210.00
Cell [32,27]: 136.00  6.00  0.00  0.00  0.00  0.00  0.00  0.00  4692.00
Cell [32,28]: 154.00  4.00  3.00  0.00  0.00  4.00  6.00  18.00  364.00
Cell [32,29]: 920.00  146.00  12.00  8.00  5.00  0.00  19.00  10.00  468.00
Cell [32,30]: 393.00  13.00  0.00  0.00  0.00  0.00  0.00  0.00  1241.00
Cell [32,31]: 47.00  1.00  0.00  2.00  3.00  0.00  46.00  135.00  3036.00
Cell [32,32]: 0.00  0.00  0.00  1.00  7.00  39.00  89.00  8.00  4.00
Cell [32,33]: 0.00  0.00  0.00  0.00  79.00  161.00  8.00  0.00  0.00
Cell [32,34]: 0.00  5.00  10.00  127.00  52.00  0.00  0.00  0.00  0.00
Cell [32,35]: 1.00  0.00  0.00  10.00  47.00  66.00  34.00  21.00  6.00
Cell [32,36]: 0.00  0.00  0.00  0.00  0.00  0.00  103.00  132.00  23.00
Cell [32,37]: 29.00  7.00  0.00  4.00  1.00  1.00  4.00  20.00  72.00
Cell [32,38]: 37.00  16.00  12.00  10.00  33.00  57.00  52.00  11.00  35.00
Cell [32,39]: 0.00  0.00  0.00  0.00  0.00  12.00  81.00  231.00  13.00
Cell [32,40]: 0.00  0.00  14.00  42.00  7.00  0.00  0.00  101.00  1573.00
Cell [32,41]: 63.00  195.00  52.00  7.00  4.00  0.00  4.00  12.00  112.00
Cell [32,42]: 353.00  115.00  6.00  0.00  0.00  1.00  1.00  1.00  98.00
Cell [32,43]: 60.00  122.00  90.00  66.00  1.00  0.00  0.00  0.00  3.00
Cell [32,44]: 40.00  0.00  3.00  30.00  86.00  109.00  29.00  23.00  34.00
Cell [32,45]: 12.00  6.00  19.00  63.00  25.00  17.00  3.00  8.00  20.00
Cell [32,46]: 0.00  0.00  0.00  0.00  0.00  14.00  54.00  168.00  98.00
Cell [32,47]: 75.00  2.00  0.00  1.00  0.00  0.00  0.00  24.00  103.00
Cell [32,48]: 998.00  0.00  0.00  0.00  0.00  0.00  0.00  0.00  629.00
Cell [32,49]: 288.00  0.00  0.00  0.00  0.00  0.00  0.00  38.00  526.00
Cell [32,50]: 39.00  35.00  102.00  7.00  5.00  2.00  2.00  13.00  54.00
Cell [32,51]: 1.00  7.00  70.00  65.00  155.00  24.00  30.00  0.00  0.00
Cell [32,52]: 2067.00  67.00  56.00  22.00  5.00  1.00  18.00  3.00  4.00
Cell [32,53]: 1803.00  104.00  5.00  5.00  4.00  5.00  8.00  30.00  376.00
Cell [32,54]: 2809.00  39.00  11.00  6.00  0.00  8.00  0.00  10.00  832.00
Cell [32,55]: 652.00  71.00  68.00  47.00  29.00  36.00  30.00  18.00  314.00
Cell [32,56]: 274.00  18.00  3.00  0.00  0.00  0.00  11.00  7.00  74.00
Cell [32,57]: 1345.00  197.00  0.00  0.00  0.00  0.00  0.00  36.00  1448.00
Cell [32,58]: 401.00  395.00  179.00  244.00  165.00  147.00  176.00  1036.00  533.00
Cell [32,59]: 73.00  3353.00  2076.00  15.00  0.00  2.00  0.00  17.00  0.00
Cell [32,60]: 156.00  3649.00  1819.00  64.00  23.00  13.00  47.00  30.00  0.00
Cell [32,61]: 12.00  0.00  122.00  314.00  389.00  348.00  1552.00  2848.00  97.00
Cell [32,62]: 0.00  0.00  0.00  5.00  10.00  32.00  1135.00  3673.00  20.00
Cell [32,63]: 30.00  12.00  0.00  0.00  0.00  156.00  1881.00  3777.00  27.00
Cell [32,64]: 94.00  2806.00  1488.00  313.00  158.00  535.00  0.00  46.00  39.00
Cell [32,65]: 37.00  2855.00  1358.00  374.00  36.00  0.00  0.00  7.00  0.00
Cell [32,66]: 265.00  3266.00  1019.00  316.00  165.00  154.00  76.00  97.00  280.00
Cell [32,67]: 79.00  50.00  15.00  151.00  357.00  246.00  1370.00  3167.00  43.00
Cell [32,68]: 10.00  0.00  6.00  0.00  0.00  7.00  1224.00  4250.00  27.00
Cell [32,69]: 1278.00  1167.00  186.00  0.00  309.00  294.00  882.00  1390.00  132.00
Cell [32,70]: 2259.00  449.00  22.00  0.00  0.00  0.00  113.00  143.00  3284.00
Cell [32,71]: 249.00  29.00  0.00  0.00  0.00  0.00  0.00  73.00  391.00
Cell [32,72]: 449.00  9.00  0.00  7.00  0.00  74.00  46.00  41.00  1797.00
Cell [32,73]: 1314.00  0.00  0.00  0.00  0.00  0.00  0.00  0.00  2066.00
Cell [32,74]: 654.00  31.00  16.00  25.00  31.00  20.00  0.00  264.00  1244.00
Cell [32,75]: 79.00  7.00  37.00  35.00  22.00  18.00  73.00  65.00  2098.00
Cell [32,76]: 56.00  0.00  0.00  3.00  21.00  106.00  149.00  18.00  302.00
Cell [32,77]: 0.00  0.00  0.00  82.00  97.00  163.00  48.00  0.00  0.00
Cell [32,78]: 0.00  0.00  12.00  187.00  82.00  0.00  0.00  0.00  0.00
Cell [32,79]: 0.00  0.00  0.00  0.00  32.00  73.00  164.00  62.00  10.00
Cell [32,80]: 0.00  0.00  0.00  0.00  0.00  18.00  193.00  62.00  36.00
Cell [32,81]: 54.00  49.00  28.00  10.00  8.00  2.00  12.00  12.00  51.00
Cell [32,82]: 8.00  13.00  24.00  26.00  74.00  96.00  132.00  109.00  46.00
Cell [32,83]: 21.00  5.00  2.00  3.00  0.00  12.00  53.00  105.00  77.00
Cell [32,84]: 144.00  6.00  0.00  0.00  0.00  0.00  20.00  40.00  109.00
Cell [32,85]: 36.00  28.00  3.00  2.00  2.00  0.00  0.00  134.00  97.00
Cell [32,86]: 22.00  0.00  0.00  0.00  2.00  18.00  173.00  234.00  43.00
Cell [32,87]: 495.00  12.00  0.00  0.00  0.00  9.00  14.00  14.00  799.00
Cell [32,88]: 784.00  0.00  0.00  0.00  0.00  0.00  0.00  0.00  110.00
Cell [32,89]: 4.00  7.00  11.00  13.00  39.00  28.00  15.00  7.00  11.00
Cell [32,90]: 17.00  0.00  0.00  0.00  0.00  57.00  154.00  47.00  23.00
Cell [32,91]: 36.00  30.00  21.00  28.00  42.00  33.00  0.00  1.00  4.00
Cell [32,92]: 34.00  23.00  4.00  0.00  3.00  8.00  0.00  4.00  28.00
Cell [32,93]: 1822.00  3.00  6.00  0.00  4.00  4.00  9.00  44.00  51.00
Cell [32,94]: 2273.00  26.00  9.00  1.00  0.00  0.00  2.00  6.00  35.00
Cell [32,95]: 652.00  69.00  14.00  2.00  0.00  3.00  4.00  0.00  35.00
Cell [32,96]: 156.00  28.00  4.00  0.00  1.00  0.00  1.00  11.00  229.00
Cell [32,97]: 299.00  89.00  27.00  11.00  28.00  6.00  0.00  21.00  127.00
Cell [32,98]: 53.00  103.00  97.00  15.00  72.00  35.00  27.00  2.00  24.00
Cell [32,99]: 1369.00  80.00  16.00  10.00  1.00  0.00  10.00  13.00  180.00
Cell [32,100]: 725.00  10.00  2.00  0.00  0.00  0.00  2.00  6.00  22.00
Cell [32,101]: 12.00  2.00  0.00  2.00  3.00  19.00  16.00  18.00  8.00
Cell [32,102]: 33.00  3.00  3.00  1.00  0.00  2.00  7.00  33.00  134.00
Cell [32,103]: 11.00  13.00  4.00  4.00  15.00  6.00  8.00  3.00  37.00
Cell [32,104]: 21.00  6.00  6.00  10.00  8.00  16.00  37.00  32.00  23.00
Cell [32,105]: 14.00  3.00  2.00  4.00  8.00  21.00  63.00  71.00  13.00
Cell [32,106]: 22.00  24.00  13.00  13.00  6.00  8.00  31.00  132.00  10.00
Cell [32,107]: 35.00  33.00  36.00  45.00  38.00  85.00  236.00  27.00  89.00
Cell [32,108]: 26.00  10.00  7.00  4.00  4.00  9.00  9.00  15.00  55.00
Cell [32,109]: 4.00  0.00  0.00  0.00  25.00  6.00  10.00  14.00  14.00
Cell [32,110]: 36.00  4.00  7.00  6.00  0.00  0.00  6.00  28.00  267.00
Cell [32,111]: 81.00  2.00  0.00  0.00  0.00  0.00  2.00  4.00  225.00
Cell [32,112]: 9.00  12.00  0.00  0.00  1.00  1.00  1.00  15.00  1699.00
Cell [32,113]: 40.00  146.00  141.00  89.00  3.00  3.00  1.00  28.00  1134.00
Cell [32,114]: 4.00  0.00  0.00  4.00  113.00  338.00  417.00  105.00  0.00
Cell [32,115]: 0.00  23.00  18.00  41.00  73.00  40.00  195.00  503.00  155.00
Cell [32,116]: 182.00  72.00  0.00  0.00  0.00  9.00  63.00  310.00  482.00
Cell [32,117]: 208.00  0.00  0.00  1.00  0.00  0.00  4.00  36.00  1307.00
Cell [32,118]: 208.00  0.00  0.00  0.00  0.00  0.00  0.00  0.00  751.00
Cell [32,119]: 270.00  0.00  0.00  0.00  0.00  0.00  0.00  0.00  1202.00
Cell [32,120]: 215.00  97.00  0.00  30.00  78.00  13.00  81.00  194.00  2128.00
Cell [32,121]: 37.00  0.00  0.00  1.00  0.00  0.00  0.00  12.00  465.00
Cell [32,122]: 40.00  7.00  10.00  8.00  6.00  5.00  7.00  25.00  35.00
Cell [32,123]: 21.00  11.00  0.00  0.00  1.00  2.00  3.00  15.00  53.00
Cell [32,124]: 11.00  14.00  15.00  4.00  1.00  6.00  18.00  15.00  25.00
Cell [32,125]: 91.00  15.00  1.00  0.00  0.00  9.00  15.00  64.00  47.00
Cell [32,126]: 31.00  54.00  70.00  19.00  20.00  3.00  0.00  2.00  15.00
Cell [32,127]: 8.00  57.00  76.00  24.00  0.00  1.00  1.00  1.00  10.00
Cell [33,0]: 0.00  0.00  8.00  22.00  22.00  65.00  166.00  46.00  0.00
Cell [33,1]: 41.00  54.00  19.00  3.00  1.00  2.00  0.00  0.00  2.00
Cell [33,2]: 203.00  26.00  5.00  3.00  0.00  0.00  0.00  0.00  9.00
Cell [33,3]: 12.00  5.00  4.00  8.00  4.00  7.00  12.00  60.00  15.00
Cell [33,4]: 156.00  90.00  5.00  0.00  0.00  0.00  0.00  0.00  57.00
Cell [33,5]: 85.00  44.00  3.00  1.00  10.00  0.00  0.00  20.00  507.00
Cell [33,6]: 235.00  0.00  0.00  0.00  0.00  0.00  0.00  0.00  1142.00
Cell [33,7]: 16.00  99.00  34.00  14.00  5.00  6.00  3.00  14.00  122.00
Cell [33,8]: 30.00  104.00  123.00  58.00  22.00  6.00  3.00  4.00  0.00
Cell [33,9]: 177.00  33.00  0.00  0.00  0.00  21.00  38.00  51.00  48.00
Cell [33,10]: 2868.00  4.00  1.00  0.00  0.00  0.00  0.00  0.00  50.00
Cell [33,11]: 2442.00  77.00  0.00  0.00  0.00  0.00  17.00  3.00  256.00
Cell [33,12]: 285.00  3.00  0.00  0.00  0.00  0.00  0.00  0.00  34.00
Cell [33,13]: 179.00  12.00  2.00  1.00  0.00  2.00  0.00  2.00  49.00
Cell [33,14]: 322.00  0.00  0.00  0.00  0.00  0.00  0.00  6.00  152.00
Cell [33,15]: 54.00  8.00  0.00  0.00  0.00  0.00  0.00  6.00  50.00
Cell [33,16]: 30.00  48.00  5.00  0.00  0.00  0.00  0.00  0.00  2.00
Cell [33,17]: 1.00  5.00  2.00  0.00  0.00  0.00  0.00  0.00  0.00
Cell [33,18]: 1.00  0.00  3.00  2.00  6.00  3.00  6.00  3.00  2.00
Cell [33,19]: 10.00  5.00  1.00  2.00  0.00  0.00  1.00  3.00  20.00
Cell [33,20]: 134.00  5.00  0.00  0.00  1.00  0.00  0.00  0.00  13.00
Cell [33,21]: 57.00  0.00  0.00  0.00  0.00  0.00  2.00  14.00  122.00
Cell [33,22]: 29.00  0.00  2.00  0.00  0.00  3.00  6.00  22.00  16.00
Cell [33,23]: 24.00  0.00  0.00  0.00  0.00  0.00  6.00  15.00  38.00
Cell [33,24]: 4.00  0.00  0.00  0.00  0.00  0.00  10.00  19.00  117.00
Cell [33,25]: 1705.00  3.00  2.00  0.00  1.00  6.00  6.00  7.00  23.00
Cell [33,26]: 5040.00  19.00  2.00  0.00  0.00  0.00  0.00  0.00  1407.00
Cell [33,27]: 162.00  0.00  0.00  0.00  0.00  1.00  2.00  16.00  5163.00
Cell [33,28]: 42.00  1.00  0.00  0.00  0.00  0.00  0.00  54.00  350.00
Cell [33,29]: 239.00  26.00  0.00  2.00  4.00  19.00  0.00  51.00  849.00
Cell [33,30]: 662.00  7.00  0.00  3.00  0.00  11.00  6.00  35.00  738.00
Cell [33,31]: 429.00  138.00  46.00  0.00  0.00  0.00  0.00  0.00  2718.00
Cell [33,32]: 13.00  3.00  2.00  3.00  3.00  2.00  4.00  10.00  60.00
Cell [33,33]: 20.00  33.00  49.00  0.00  0.00  2.00  3.00  7.00  10.00
Cell [33,34]: 1.00  0.00  0.00  14.00  43.00  53.00  9.00  2.00  1.00
Cell [33,35]: 14.00  11.00  15.00  17.00  74.00  0.00  0.00  0.00  3.00
Cell [33,36]: 105.00  75.00  37.00  0.00  0.00  0.00  0.00  0.00  38.00
Cell [33,37]: 119.00  88.00  4.00  7.00  0.00  0.00  11.00  29.00  3.00
Cell [33,38]: 1.00  2.00  5.00  4.00  0.00  10.00  9.00  79.00  166.00
Cell [33,39]: 174.00  59.00  5.00  0.00  0.00  0.00  0.00  0.00  142.00
Cell [33,40]: 951.00  30.00  9.00  14.00  0.00  0.00  0.00  13.00  449.00
Cell [33,41]: 40.00  19.00  22.00  10.00  11.00  5.00  31.00  147.00  125.00
Cell [33,42]: 0.00  4.00  10.00  10.00  10.00  36.00  60.00  386.00  197.00
Cell [33,43]: 90.00  157.00  19.00  8.00  4.00  0.00  5.00  10.00  25.00
Cell [33,44]: 250.00  114.00  0.00  1.00  0.00  0.00  0.00  0.00  1.00
Cell [33,45]: 1.00  9.00  8.00  0.00  0.00  4.00  5.00  68.00  128.00
Cell [33,46]: 140.00  4.00  1.00  1.00  0.00  0.00  3.00  3.00  171.00
Cell [33,47]: 168.00  14.00  0.00  1.00  0.00  0.00  0.00  0.00  102.00
Cell [33,48]: 1070.00  0.00  0.00  0.00  0.00  0.00  0.00  0.00  653.00
Cell [33,49]: 560.00  36.00  8.00  0.00  1.00  2.00  1.00  4.00  90.00
Cell [33,50]: 124.00  199.00  253.00  5.00  2.00  0.00  2.00  0.00  0.00
Cell [33,51]: 25.00  6.00  62.00  49.00  75.00  61.00  46.00  48.00  85.00
Cell [33,52]: 2601.00  13.00  0.00  1.00  0.00  0.00  3.00  0.00  99.00
Cell [33,53]: 1547.00  83.00  34.00  0.00  0.00  8.00  0.00  75.00  378.00
Cell [33,54]: 2255.00  69.00  48.00  23.00  21.00  0.00  18.00  18.00  1218.00
Cell [33,55]: 553.00  134.00  4.00  0.00  1.00  0.00  0.00  13.00  158.00
Cell [33,56]: 193.00  42.00  10.00  10.00  2.00  11.00  3.00  2.00  101.00
Cell [33,57]: 684.00  46.00  0.00  5.00  0.00  7.00  8.00  44.00  1569.00
Cell [33,58]: 424.00  329.00  547.00  295.00  239.00  69.00  207.00  153.00  1359.00
Cell [33,59]: 7.00  2744.00  3245.00  25.00  0.00  15.00  0.00  0.00  0.00
Cell [33,60]: 95.00  345.00  1571.00  227.00  22.00  14.00  16.00  7.00  9.00
Cell [33,61]: 21.00  17.00  29.00  241.00  202.00  301.00  657.00  871.00  0.00
Cell [33,62]: 6.00  0.00  0.00  0.00  3.00  13.00  2613.00  3345.00  12.00
Cell [33,63]: 0.00  0.00  7.00  0.00  0.00  131.00  2037.00  2518.00  15.00
Cell [33,64]: 9.00  2127.00  1414.00  424.00  169.00  517.00  14.00  0.00  12.00
Cell [33,65]: 25.00  4026.00  2232.00  16.00  0.00  0.00  0.00  0.00  0.00
Cell [33,66]: 33.00  518.00  1377.00  220.00  33.00  45.00  11.00  0.00  61.00
Cell [33,67]: 15.00  31.00  23.00  57.00  276.00  291.00  932.00  241.00  84.00
Cell [33,68]: 8.00  0.00  4.00  0.00  0.00  17.00  1559.00  3555.00  24.00
Cell [33,69]: 403.00  688.00  211.00  281.00  225.00  372.00  1102.00  826.00  77.00
Cell [33,70]: 3601.00  264.00  3.00  0.00  2.00  3.00  0.00  32.00  2165.00
Cell [33,71]: 601.00  23.00  0.00  0.00  0.00  0.00  0.00  0.00  148.00
Cell [33,72]: 607.00  237.00  31.00  32.00  23.00  0.00  49.00  44.00  485.00
Cell [33,73]: 1072.00  18.00  0.00  5.00  0.00  0.00  0.00  0.00  1480.00
Cell [33,74]: 598.00  134.00  3.00  0.00  0.00  0.00  100.00  334.00  925.00
Cell [33,75]: 300.00  119.00  109.00  132.00  147.00  23.00  50.00  254.00  1389.00
Cell [33,76]: 103.00  3.00  0.00  0.00  10.00  12.00  23.00  11.00  1127.00
Cell [33,77]: 35.00  73.00  28.00  8.00  8.00  13.00  8.00  30.00  16.00
Cell [33,78]: 3.00  4.00  0.00  0.00  3.00  31.00  50.00  7.00  4.00
Cell [33,79]: 19.00  26.00  73.00  13.00  0.00  0.00  4.00  21.00  35.00
Cell [33,80]: 225.00  80.00  25.00  7.00  0.00  0.00  0.00  32.00  60.00
Cell [33,81]: 77.00  60.00  28.00  0.00  12.00  10.00  15.00  139.00  121.00
Cell [33,82]: 67.00  10.00  3.00  1.00  2.00  4.00  41.00  91.00  167.00
Cell [33,83]: 208.00  10.00  3.00  7.00  0.00  0.00  14.00  0.00  226.00
Cell [33,84]: 65.00  0.00  0.00  0.00  1.00  1.00  1.00  62.00  237.00
Cell [33,85]: 36.00  86.00  117.00  11.00  2.00  7.00  3.00  0.00  14.00
Cell [33,86]: 41.00  145.00  55.00  3.00  0.00  0.00  1.00  2.00  9.00
Cell [33,87]: 468.00  7.00  5.00  0.00  0.00  0.00  1.00  2.00  855.00
Cell [33,88]: 333.00  0.00  0.00  0.00  0.00  1.00  2.00  0.00  470.00
Cell [33,89]: 114.00  66.00  25.00  29.00  16.00  0.00  0.00  0.00  0.00
Cell [33,90]: 0.00  0.00  2.00  6.00  21.00  84.00  237.00  21.00  0.00
Cell [33,91]: 1.00  0.00  27.00  32.00  22.00  41.00  68.00  19.00  11.00
Cell [33,92]: 0.00  3.00  22.00  99.00  36.00  0.00  0.00  1.00  1.00
Cell [33,93]: 2601.00  121.00  20.00  43.00  31.00  34.00  20.00  12.00  0.00
Cell [33,94]: 1187.00  37.00  8.00  0.00  0.00  5.00  12.00  11.00  66.00
Cell [33,95]: 386.00  113.00  1.00  0.00  0.00  0.00  0.00  0.00  324.00
Cell [33,96]: 225.00  130.00  12.00  0.00  0.00  0.00  0.00  20.00  49.00
Cell [33,97]: 269.00  120.00  48.00  10.00  18.00  8.00  17.00  37.00  115.00
Cell [33,98]: 107.00  476.00  82.00  22.00  17.00  4.00  20.00  2.00  19.00
Cell [33,99]: 1576.00  171.00  27.00  4.00  0.00  0.00  0.00  0.00  32.00
Cell [33,100]: 188.00  75.00  42.00  63.00  15.00  47.00  22.00  0.00  18.00
Cell [33,101]: 15.00  2.00  0.00  1.00  1.00  6.00  59.00  85.00  147.00
Cell [33,102]: 1485.00  365.00  278.00  341.00  508.00  97.00  62.00  0.00  155.00
Cell [33,103]: 248.00  84.00  0.00  238.00  995.00  392.00  33.00  134.00  255.00
Cell [33,104]: 64.00  217.00  98.00  81.00  1294.00  153.00  32.00  90.00  63.00
Cell [33,105]: 619.00  187.00  173.00  359.00  1432.00  371.00  61.00  98.00  430.00
Cell [33,106]: 554.00  61.00  57.00  207.00  1470.00  379.00  66.00  167.00  309.00
Cell [33,107]: 568.00  196.00  150.00  1024.00  689.00  75.00  29.00  55.00  459.00
Cell [33,108]: 254.00  44.00  62.00  70.00  2990.00  179.00  40.00  45.00  102.00
Cell [33,109]: 0.00  32.00  155.00  414.00  2468.00  67.00  220.00  253.00  120.00
Cell [33,110]: 1027.00  45.00  36.00  0.00  826.00  536.00  340.00  318.00  684.00
Cell [33,111]: 161.00  80.00  42.00  1.00  0.00  0.00  0.00  22.00  49.00
Cell [33,112]: 2.00  2.00  1.00  1.00  0.00  0.00  0.00  5.00  409.00
Cell [33,113]: 59.00  15.00  69.00  4.00  19.00  31.00  56.00  246.00  2511.00
Cell [33,114]: 38.00  16.00  35.00  40.00  39.00  110.00  310.00  223.00  68.00
Cell [33,115]: 34.00  24.00  22.00  10.00  0.00  73.00  369.00  917.00  23.00
Cell [33,116]: 466.00  24.00  5.00  13.00  23.00  13.00  96.00  161.00  416.00
Cell [33,117]: 67.00  29.00  24.00  0.00  0.00  7.00  3.00  102.00  1121.00
Cell [33,118]: 261.00  0.00  0.00  0.00  0.00  1.00  0.00  4.00  1180.00
Cell [33,119]: 474.00  0.00  0.00  0.00  0.00  0.00  0.00  62.00  907.00
Cell [33,120]: 646.00  80.00  80.00  0.00  26.00  23.00  173.00  130.00  1608.00
Cell [33,121]: 2.00  0.00  0.00  0.00  1.00  0.00  2.00  47.00  989.00
Cell [33,122]: 0.00  0.00  13.00  13.00  13.00  4.00  16.00  43.00  22.00
Cell [33,123]: 0.00  0.00  0.00  0.00  7.00  6.00  13.00  68.00  36.00
Cell [33,124]: 3.00  25.00  24.00  8.00  6.00  6.00  15.00  44.00  7.00
Cell [33,125]: 39.00  136.00  25.00  1.00  11.00  5.00  8.00  0.00  10.00
Cell [33,126]: 5.00  0.00  0.00  0.00  0.00  0.00  6.00  45.00  178.00
Cell [33,127]: 15.00  5.00  6.00  4.00  18.00  19.00  20.00  11.00  6.00
Cell [34,0]: 124.00  8.00  0.00  0.00  0.00  5.00  17.00  101.00  93.00
Cell [34,1]: 32.00  52.00  31.00  3.00  0.00  0.00  0.00  0.00  4.00
Cell [34,2]: 157.00  29.00  1.00  3.00  0.00  0.00  0.00  19.00  41.00
Cell [34,3]: 1.00  43.00  45.00  24.00  10.00  10.00  22.00  7.00  0.00
Cell [34,4]: 0.00  119.00  239.00  0.00  0.00  0.00  0.00  0.00  0.00
Cell [34,5]: 0.00  10.00  33.00  9.00  12.00  4.00  10.00  37.00  488.00
Cell [34,6]: 0.00  0.00  0.00  0.00  0.00  0.00  0.00  0.00  1454.00
Cell [34,7]: 64.00  38.00  16.00  5.00  7.00  2.00  18.00  89.00  88.00
Cell [34,8]: 73.00  31.00  21.00  7.00  4.00  1.00  4.00  6.00  33.00
Cell [34,9]: 479.00  78.00  0.00  4.00  2.00  0.00  2.00  9.00  186.00
Cell [34,10]: 2249.00  91.00  5.00  0.00  31.00  61.00  70.00  232.00  748.00
Cell [34,11]: 1903.00  397.00  76.00  0.00  26.00  188.00  55.00  345.00  1706.00
Cell [34,12]: 179.00  61.00  15.00  16.00  16.00  23.00  5.00  1.00  44.00
Cell [34,13]: 109.00  0.00  0.00  0.00  0.00  0.00  0.00  0.00  89.00
Cell [34,14]: 29.00  2.00  0.00  0.00  0.00  0.00  0.00  4.00  457.00
Cell [34,15]: 104.00  26.00  0.00  0.00  0.00  0.00  0.00  0.00  38.00
Cell [34,16]: 24.00  19.00  4.00  1.00  0.00  0.00  3.00  10.00  9.00
Cell [34,17]: 0.00  0.00  1.00  4.00  2.00  0.00  0.00  0.00  0.00
Cell [34,18]: 1.00  3.00  2.00  3.00  5.00  3.00  12.00  1.00  1.00
Cell [34,19]: 3.00  6.00  2.00  0.00  0.00  0.00  3.00  3.00  3.00
Cell [34,20]: 81.00  22.00  4.00  0.00  0.00  0.00  0.00  0.00  34.00
Cell [34,21]: 108.00  2.00  2.00  0.00  0.00  0.00  0.00  0.00  86.00
Cell [34,22]: 23.00  12.00  1.00  0.00  1.00  1.00  11.00  23.00  24.00
Cell [34,23]: 24.00  14.00  5.00  0.00  0.00  1.00  6.00  5.00  6.00
Cell [34,24]: 28.00  29.00  8.00  0.00  0.00  0.00  0.00  6.00  73.00
Cell [34,25]: 4718.00  75.00  2.00  2.00  1.00  0.00  2.00  4.00  2.00
Cell [34,26]: 3388.00  76.00  6.00  0.00  4.00  3.00  3.00  20.00  169.00
Cell [34,27]: 5017.00  3.00  0.00  0.00  0.00  0.00  1.00  0.00  78.00
Cell [34,28]: 80.00  11.00  0.00  0.00  0.00  0.00  0.00  5.00  348.00
Cell [34,29]: 94.00  64.00  10.00  19.00  0.00  93.00  43.00  72.00  448.00
Cell [34,30]: 1371.00  82.00  35.00  28.00  28.00  12.00  109.00  334.00  787.00
Cell [34,31]: 657.00  72.00  0.00  0.00  0.00  0.00  40.00  161.00  2543.00
Cell [34,32]: 9.00  0.00  49.00  23.00  11.00  23.00  3.00  29.00  18.00
Cell [34,33]: 0.00  130.00  197.00  36.00  0.00  0.00  0.00  0.00  0.00
Cell [34,34]: 0.00  0.00  0.00  35.00  151.00  95.00  0.00  0.00  0.00
Cell [34,35]: 0.00  0.00  0.00  35.00  235.00  6.00  0.00  0.00  0.00
Cell [34,36]: 0.00  98.00  148.00  84.00  0.00  0.00  0.00  0.00  0.00
Cell [34,37]: 0.00  104.00  60.00  8.00  13.00  8.00  22.00  9.00  0.00
Cell [34,38]: 0.00  0.00  0.00  41.00  30.00  33.00  103.00  83.00  0.00
Cell [34,39]: 98.00  116.00  90.00  64.00  0.00  0.00  0.00  0.00  0.00
Cell [34,40]: 876.00  25.00  0.00  0.00  0.00  0.00  0.00  0.00  499.00
Cell [34,41]: 249.00  3.00  5.00  1.00  0.00  2.00  4.00  46.00  34.00
Cell [34,42]: 35.00  0.00  0.00  0.00  0.00  0.00  27.00  342.00  246.00
Cell [34,43]: 22.00  31.00  17.00  13.00  9.00  17.00  16.00  9.00  13.00
Cell [34,44]: 211.00  150.00  7.00  0.00  0.00  0.00  0.00  1.00  3.00
Cell [34,45]: 3.00  2.00  11.00  4.00  7.00  11.00  22.00  136.00  19.00
Cell [34,46]: 50.00  123.00  260.00  29.00  7.00  7.00  5.00  0.00  0.00
Cell [34,47]: 27.00  70.00  70.00  20.00  18.00  8.00  15.00  18.00  118.00
Cell [34,48]: 0.00  0.00  0.00  0.00  0.00  0.00  0.00  0.00  1627.00
Cell [34,49]: 21.00  62.00  12.00  0.00  10.00  8.00  4.00  77.00  694.00
Cell [34,50]: 327.00  15.00  0.00  0.00  0.00  4.00  12.00  21.00  86.00
Cell [34,51]: 119.00  114.00  43.00  30.00  24.00  18.00  9.00  7.00  4.00
Cell [34,52]: 2343.00  61.00  3.00  2.00  0.00  0.00  0.00  0.00  583.00
Cell [34,53]: 886.00  136.00  12.00  97.00  47.00  45.00  46.00  201.00  722.00
Cell [34,54]: 1242.00  470.00  33.00  174.00  0.00  0.00  33.00  301.00  1848.00
Cell [34,55]: 257.00  64.00  138.00  156.00  2.00  1.00  0.00  20.00  232.00
Cell [34,56]: 59.00  26.00  24.00  911.00  814.00  256.00  7.00  23.00  181.00
Cell [34,57]: 1125.00  148.00  58.00  15.00  24.00  156.00  357.00  8.00  235.00
Cell [34,58]: 134.00  1038.00  945.00  401.00  138.00  113.00  215.00  399.00  1272.00
Cell [34,59]: 166.00  1676.00  541.00  38.00  57.00  42.00  35.00  34.00  50.00
Cell [34,60]: 66.00  1236.00  2585.00  429.00  35.00  13.00  0.00  6.00  7.00
Cell [34,61]: 16.00  0.00  42.00  100.00  658.00  540.00  1187.00  2230.00  15.00
Cell [34,62]: 123.00  118.00  56.00  87.00  164.00  105.00  1451.00  263.00  76.00
Cell [34,63]: 0.00  0.00  6.00  9.00  0.00  184.00  1769.00  4705.00  34.00
Cell [34,64]: 0.00  2980.00  2258.00  322.00  433.00  138.00  0.00  0.00  0.00
Cell [34,65]: 11.00  1385.00  1125.00  66.00  24.00  0.00  0.00  2.00  0.00
Cell [34,66]: 53.00  2376.00  1401.00  298.00  8.00  12.00  0.00  0.00  15.00
Cell [34,67]: 0.00  0.00  0.00  29.00  678.00  539.00  2994.00  847.00  0.00
Cell [34,68]: 81.00  14.00  9.00  24.00  11.00  292.00  1381.00  197.00  30.00
Cell [34,69]: 932.00  430.00  135.00  357.00  410.00  157.00  757.00  2406.00  184.00
Cell [34,70]: 1254.00  266.00  275.00  486.00  89.00  88.00  117.00  583.00  1994.00
Cell [34,71]: 126.00  37.00  66.00  1560.00  2396.00  0.00  0.00  87.00  86.00
Cell [34,72]: 424.00  68.00  49.00  74.00  58.00  934.00  680.00  185.00  60.00
Cell [34,73]: 985.00  381.00  72.00  38.00  0.00  3.00  0.00  0.00  312.00
Cell [34,74]: 1107.00  400.00  75.00  157.00  106.00  10.00  260.00  457.00  732.00
Cell [34,75]: 489.00  50.00  89.00  62.00  71.00  153.00  160.00  459.00  1000.00
Cell [34,76]: 0.00  125.00  62.00  22.00  6.00  14.00  6.00  12.00  1668.00
Cell [34,77]: 0.00  163.00  153.00  60.00  41.00  14.00  0.00  0.00  0.00
Cell [34,78]: 0.00  0.00  0.00  0.00  236.00  154.00  0.00  0.00  0.00
Cell [34,79]: 0.00  0.00  56.00  298.00  57.00  0.00  0.00  0.00  0.00
Cell [34,80]: 0.00  282.00  242.00  73.00  0.00  0.00  0.00  0.00  0.00
Cell [34,81]: 0.00  44.00  60.00  11.00  9.00  11.00  11.00  98.00  133.00
Cell [34,82]: 22.00  20.00  29.00  23.00  49.00  21.00  47.00  161.00  18.00
Cell [34,83]: 442.00  49.00  17.00  0.00  0.00  0.00  10.00  3.00  16.00
Cell [34,84]: 276.00  62.00  0.00  0.00  0.00  0.00  0.00  13.00  171.00
Cell [34,85]: 0.00  0.00  12.00  5.00  13.00  16.00  73.00  128.00  84.00
Cell [34,86]: 17.00  2.00  17.00  3.00  0.00  14.00  31.00  63.00  59.00
Cell [34,87]: 881.00  5.00  5.00  2.00  6.00  5.00  2.00  4.00  511.00
Cell [34,88]: 0.00  0.00  0.00  0.00  0.00  0.00  1.00  64.00  777.00
Cell [34,89]: 19.00  2.00  0.00  0.00  1.00  1.00  9.00  63.00  113.00
Cell [34,90]: 49.00  95.00  26.00  18.00  7.00  11.00  10.00  2.00  21.00
Cell [34,91]: 41.00  106.00  21.00  15.00  16.00  23.00  16.00  0.00  0.00
Cell [34,92]: 145.00  29.00  8.00  0.00  0.00  0.00  5.00  37.00  57.00
Cell [34,93]: 3104.00  39.00  21.00  0.00  6.00  3.00  1.00  2.00  5.00
Cell [34,94]: 521.00  77.00  11.00  7.00  1.00  0.00  5.00  11.00  175.00
Cell [34,95]: 402.00  56.00  1.00  2.00  0.00  0.00  0.00  31.00  277.00
Cell [34,96]: 607.00  71.00  0.00  0.00  0.00  0.00  3.00  30.00  32.00
Cell [34,97]: 108.00  170.00  45.00  13.00  2.00  2.00  2.00  0.00  32.00
Cell [34,98]: 39.00  113.00  274.00  23.00  8.00  10.00  20.00  16.00  32.00
Cell [34,99]: 1674.00  42.00  11.00  4.00  0.00  0.00  0.00  0.00  0.00
Cell [34,100]: 114.00  38.00  25.00  0.00  0.00  21.00  24.00  48.00  291.00
Cell [34,101]: 357.00  4.00  6.00  6.00  15.00  7.00  10.00  0.00  74.00
Cell [34,102]: 1839.00  72.00  1.00  129.00  89.00  100.00  103.00  228.00  1313.00
Cell [34,103]: 400.00  131.00  80.00  186.00  174.00  2.00  4.00  33.00  538.00
Cell [34,104]: 702.00  202.00  21.00  0.00  32.00  31.00  32.00  64.00  320.00
Cell [34,105]: 1642.00  50.00  66.00  79.00  125.00  98.00  90.00  176.00  1481.00
Cell [34,106]: 1886.00  105.00  97.00  22.00  77.00  138.00  0.00  33.00  879.00
Cell [34,107]: 1254.00  21.00  5.00  22.00  20.00  70.00  8.00  135.00  1634.00
Cell [34,108]: 1149.00  139.00  244.00  454.00  120.00  10.00  0.00  11.00  182.00
Cell [34,109]: 983.00  408.00  44.00  27.00  10.00  17.00  20.00  48.00  807.00
Cell [34,110]: 134.00  87.00  99.00  41.00  36.00  0.00  32.00  72.00  3234.00
Cell [34,111]: 132.00  11.00  0.00  0.00  0.00  2.00  27.00  158.00  87.00
Cell [34,112]: 0.00  0.00  0.00  0.00  0.00  3.00  0.00  1.00  4.00
Cell [34,113]: 80.00  0.00  4.00  0.00  0.00  0.00  21.00  252.00  2703.00
Cell [34,114]: 111.00  78.00  69.00  130.00  66.00  103.00  237.00  130.00  11.00
Cell [34,115]: 39.00  7.00  29.00  37.00  199.00  116.00  242.00  76.00  32.00
Cell [34,116]: 131.00  19.00  0.00  13.00  7.00  0.00  24.00  273.00  1082.00
Cell [34,117]: 429.00  74.00  52.00  2.00  0.00  17.00  0.00  27.00  786.00
Cell [34,118]: 409.00  2.00  0.00  0.00  1.00  36.00  2.00  95.00  785.00
Cell [34,119]: 552.00  0.00  0.00  0.00  0.00  0.00  0.00  0.00  554.00
Cell [34,120]: 468.00  29.00  7.00  10.00  10.00  4.00  9.00  152.00  1674.00
Cell [34,121]: 0.00  4.00  2.00  0.00  1.00  0.00  8.00  124.00  1464.00
Cell [34,122]: 1.00  1.00  0.00  1.00  0.00  1.00  10.00  122.00  15.00
Cell [34,123]: 41.00  59.00  0.00  0.00  0.00  0.00  0.00  0.00  32.00
Cell [34,124]: 18.00  12.00  26.00  7.00  9.00  17.00  9.00  5.00  9.00
Cell [34,125]: 0.00  0.00  2.00  23.00  19.00  41.00  99.00  33.00  14.00
Cell [34,126]: 46.00  51.00  162.00  13.00  0.00  0.00  0.00  0.00  0.00
Cell [34,127]: 41.00  39.00  19.00  11.00  34.00  0.00  0.00  0.00  0.00
Cell [35,0]: 274.00  40.00  8.00  0.00  0.00  0.00  0.00  3.00  20.00
Cell [35,1]: 10.00  22.00  12.00  13.00  17.00  3.00  7.00  4.00  7.00
Cell [35,2]: 0.00  0.00  0.00  0.00  0.00  24.00  68.00  138.00  5.00
Cell [35,3]: 97.00  18.00  0.00  0.00  0.00  0.00  7.00  50.00  118.00
Cell [35,4]: 73.00  73.00  7.00  0.00  0.00  0.00  0.00  2.00  53.00
Cell [35,5]: 227.00  0.00  4.00  0.00  0.00  0.00  1.00  2.00  263.00
Cell [35,6]: 99.00  0.00  0.00  0.00  0.00  0.00  0.00  0.00  1228.00
Cell [35,7]: 5.00  58.00  13.00  2.00  4.00  9.00  0.00  39.00  227.00
Cell [35,8]: 7.00  66.00  28.00  12.00  9.00  22.00  35.00  61.00  5.00
Cell [35,9]: 56.00  24.00  0.00  3.00  2.00  11.00  26.00  93.00  95.00
Cell [35,10]: 2.00  123.00  118.00  228.00  647.00  946.00  353.00  76.00  0.00
Cell [35,11]: 246.00  96.00  97.00  56.00  716.00  482.00  304.00  329.00  384.00
Cell [35,12]: 104.00  231.00  717.00  630.00  38.00  271.00  268.00  444.00  727.00
Cell [35,13]: 15.00  65.00  381.00  1801.00  1494.00  612.00  0.00  0.00  1.00
Cell [35,14]: 23.00  4.00  1.00  0.00  0.00  293.00  678.00  1495.00  346.00
Cell [35,15]: 80.00  5.00  0.00  0.00  0.00  0.00  0.00  18.00  84.00
Cell [35,16]: 18.00  28.00  2.00  0.00  0.00  0.00  0.00  0.00  9.00
Cell [35,17]: 2.00  9.00  5.00  10.00  9.00  3.00  0.00  4.00  1.00
Cell [35,18]: 2.00  4.00  0.00  0.00  9.00  16.00  7.00  4.00  2.00
Cell [35,19]: 8.00  0.00  0.00  0.00  0.00  0.00  1.00  12.00  32.00
Cell [35,20]: 82.00  1.00  0.00  0.00  0.00  0.00  0.00  7.00  72.00
Cell [35,21]: 67.00  3.00  0.00  0.00  0.00  0.00  0.00  9.00  133.00
Cell [35,22]: 24.00  2.00  0.00  0.00  0.00  0.00  7.00  22.00  19.00
Cell [35,23]: 21.00  10.00  2.00  0.00  0.00  0.00  0.00  28.00  15.00
Cell [35,24]: 15.00  0.00  0.00  0.00  0.00  0.00  21.00  31.00  45.00
Cell [35,25]: 6566.00  20.00  9.00  3.00  1.00  3.00  6.00  3.00  16.00
Cell [35,26]: 1531.00  53.00  18.00  3.00  1.00  2.00  5.00  9.00  734.00
Cell [35,27]: 1068.00  88.00  0.00  349.00  2568.00  199.00  280.00  440.00  1118.00
Cell [35,28]: 0.00  24.00  35.00  160.00  2587.00  2067.00  348.00  71.00  10.00
Cell [35,29]: 382.00  620.00  378.00  570.00  1151.00  479.00  547.00  22.00  22.00
Cell [35,30]: 115.00  26.00  141.00  1187.00  1468.00  276.00  63.00  101.00  3.00
Cell [35,31]: 125.00  266.00  381.00  1548.00  4.00  4.00  0.00  2.00  0.00
Cell [35,32]: 1.00  5.00  11.00  13.00  37.00  53.00  25.00  33.00  0.00
Cell [35,33]: 60.00  47.00  3.00  0.00  0.00  0.00  8.00  36.00  76.00
Cell [35,34]: 1.00  0.00  0.00  4.00  16.00  56.00  22.00  1.00  0.00
Cell [35,35]: 2.00  2.00  1.00  11.00  36.00  19.00  1.00  2.00  4.00
Cell [35,36]: 39.00  77.00  29.00  5.00  0.00  0.00  0.00  0.00  39.00
Cell [35,37]: 33.00  26.00  27.00  33.00  6.00  8.00  2.00  0.00  20.00
Cell [35,38]: 0.00  0.00  0.00  43.00  83.00  67.00  9.00  0.00  0.00
Cell [35,39]: 0.00  72.00  41.00  50.00  13.00  2.00  0.00  0.00  0.00
Cell [35,40]: 828.00  23.00  2.00  4.00  3.00  7.00  3.00  3.00  368.00
Cell [35,41]: 22.00  0.00  3.00  19.00  173.00  37.00  35.00  20.00  18.00
Cell [35,42]: 437.00  53.00  38.00  11.00  41.00  0.00  0.00  0.00  24.00
Cell [35,43]: 56.00  77.00  45.00  27.00  23.00  12.00  1.00  5.00  17.00
Cell [35,44]: 38.00  21.00  0.00  7.00  11.00  103.00  52.00  19.00  30.00
Cell [35,45]: 7.00  5.00  7.00  8.00  18.00  54.00  23.00  19.00  55.00
Cell [35,46]: 145.00  122.00  59.00  0.00  0.00  0.00  0.00  0.00  69.00
Cell [35,47]: 5.00  5.00  18.00  7.00  6.00  6.00  13.00  26.00  163.00
Cell [35,48]: 0.00  0.00  0.00  0.00  0.00  0.00  0.00  0.00  1405.00
Cell [35,49]: 2.00  15.00  4.00  7.00  4.00  0.00  17.00  72.00  843.00
Cell [35,50]: 161.00  113.00  27.00  20.00  0.00  0.00  0.00  0.00  13.00
Cell [35,51]: 56.00  11.00  0.00  0.00  26.00  14.00  24.00  75.00  81.00
Cell [35,52]: 794.00  24.00  16.00  8.00  10.00  362.00  454.00  384.00  247.00
Cell [35,53]: 278.00  229.00  212.00  259.00  860.00  2330.00  197.00  126.00  96.00
Cell [35,54]: 2536.00  464.00  155.00  34.00  595.00  327.00  246.00  186.00  1030.00
Cell [35,55]: 1041.00  746.00  725.00  336.00  1099.00  72.00  0.00  3.00  8.00
Cell [35,56]: 1075.00  426.00  367.00  855.00  388.00  330.00  0.00  0.00  0.00
Cell [35,57]: 206.00  202.00  6.00  52.00  140.00  96.00  1650.00  1172.00  620.00
Cell [35,58]: 600.00  752.00  179.00  256.00  185.00  121.00  110.00  290.00  141.00
Cell [35,59]: 0.00  1442.00  2578.00  34.00  0.00  0.00  0.00  0.00  0.00
Cell [35,60]: 0.00  1593.00  5400.00  227.00  0.00  35.00  0.00  0.00  0.00
Cell [35,61]: 0.00  4.00  34.00  356.00  247.00  340.00  1879.00  3626.00  81.00
Cell [35,62]: 15.00  43.00  0.00  0.00  3.00  0.00  2010.00  1704.00  83.00
Cell [35,63]: 45.00  19.00  6.00  54.00  98.00  375.00  464.00  1662.00  200.00
Cell [35,64]: 153.00  1768.00  432.00  511.00  568.00  124.00  54.00  37.00  0.00
Cell [35,65]: 285.00  2509.00  273.00  68.00  0.00  0.00  0.00  17.00  42.00
Cell [35,66]: 0.00  3869.00  3579.00  110.00  21.00  0.00  0.00  14.00  0.00
Cell [35,67]: 0.00  0.00  27.00  198.00  353.00  386.00  5295.00  292.00  0.00
Cell [35,68]: 0.00  0.00  7.00  0.00  10.00  56.00  4350.00  696.00  49.00
Cell [35,69]: 0.00  131.00  245.00  344.00  417.00  179.00  360.00  913.00  15.00
Cell [35,70]: 688.00  506.00  525.00  117.00  146.00  38.00  95.00  212.00  985.00
Cell [35,71]: 469.00  213.00  397.00  448.00  226.00  0.00  0.00  72.00  223.00
Cell [35,72]: 13.00  17.00  0.00  0.00  2.00  1166.00  909.00  2522.00  563.00
Cell [35,73]: 41.00  0.00  88.00  128.00  2233.00  1396.00  113.00  103.00  221.00
Cell [35,74]: 685.00  373.00  232.00  356.00  1162.00  333.00  250.00  297.00  947.00
Cell [35,75]: 162.00  118.00  244.00  2000.00  1182.00  187.00  373.00  28.00  93.00
Cell [35,76]: 331.00  336.00  157.00  9.00  7.00  13.00  33.00  16.00  235.00
Cell [35,77]: 48.00  99.00  27.00  45.00  11.00  11.00  8.00  26.00  35.00
Cell [35,78]: 2.00  4.00  0.00  3.00  75.00  8.00  54.00  7.00  4.00
Cell [35,79]: 33.00  31.00  40.00  22.00  29.00  4.00  0.00  0.00  0.00
Cell [35,80]: 67.00  63.00  13.00  0.00  0.00  0.00  0.00  0.00  179.00
Cell [35,81]: 3.00  0.00  0.00  7.00  6.00  5.00  10.00  38.00  141.00
Cell [35,82]: 0.00  0.00  21.00  110.00  105.00  64.00  30.00  24.00  3.00
Cell [35,83]: 127.00  82.00  26.00  16.00  9.00  16.00  1.00  0.00  52.00
Cell [35,84]: 443.00  83.00  8.00  0.00  0.00  2.00  0.00  3.00  133.00
Cell [35,85]: 16.00  5.00  15.00  5.00  5.00  4.00  3.00  29.00  226.00
Cell [35,86]: 55.00  46.00  44.00  22.00  0.00  0.00  7.00  134.00  208.00
Cell [35,87]: 582.00  50.00  25.00  16.00  0.00  0.00  6.00  5.00  683.00
Cell [35,88]: 0.00  0.00  0.00  0.00  0.00  0.00  0.00  10.00  881.00
Cell [35,89]: 10.00  1.00  0.00  0.00  3.00  19.00  24.00  27.00  30.00
Cell [35,90]: 59.00  65.00  20.00  17.00  21.00  23.00  0.00  0.00  14.00
Cell [35,91]: 96.00  24.00  23.00  13.00  21.00  6.00  19.00  17.00  25.00
Cell [35,92]: 326.00  30.00  0.00  0.00  0.00  0.00  0.00  5.00  112.00
Cell [35,93]: 3056.00  18.00  0.00  1.00  0.00  0.00  0.00  2.00  130.00
Cell [35,94]: 421.00  288.00  27.00  7.00  0.00  11.00  6.00  4.00  85.00
Cell [35,95]: 348.00  174.00  0.00  0.00  0.00  0.00  0.00  0.00  132.00
Cell [35,96]: 503.00  170.00  0.00  0.00  0.00  62.00  25.00  46.00  83.00
Cell [35,97]: 57.00  18.00  8.00  13.00  42.00  104.00  28.00  16.00  8.00
Cell [35,98]: 225.00  190.00  4.00  13.00  2.00  6.00  45.00  56.00  44.00
Cell [35,99]: 1432.00  53.00  2.00  0.00  1.00  0.00  4.00  1.00  11.00
Cell [35,100]: 25.00  130.00  56.00  8.00  9.00  6.00  0.00  8.00  10.00
Cell [35,101]: 0.00  5.00  18.00  28.00  176.00  87.00  35.00  7.00  0.00
Cell [35,102]: 18.00  11.00  31.00  134.00  333.00  382.00  325.00  101.00  42.00
Cell [35,103]: 0.00  0.00  3.00  109.00  1124.00  14.00  26.00  6.00  3.00
Cell [35,104]: 5.00  2.00  37.00  167.00  536.00  211.00  38.00  0.00  6.00
Cell [35,105]: 0.00  0.00  6.00  146.00  1189.00  490.00  162.00  0.00  1.00
Cell [35,106]: 15.00  80.00  354.00  478.00  1477.00  394.00  221.00  64.00  4.00
Cell [35,107]: 5.00  31.00  0.00  32.00  802.00  509.00  138.00  172.00  14.00
Cell [35,108]: 0.00  0.00  3.00  594.00  1564.00  15.00  32.00  4.00  0.00
Cell [35,109]: 0.00  0.00  5.00  57.00  1208.00  444.00  214.00  9.00  1.00
Cell [35,110]: 237.00  204.00  242.00  423.00  987.00  15.00  20.00  34.00  130.00
Cell [35,111]: 0.00  0.00  0.00  0.00  0.00  61.00  184.00  274.00  105.00
Cell [35,112]: 0.00  0.00  0.00  0.00  0.00  41.00  23.00  92.00  38.00
Cell [35,113]: 40.00  0.00  0.00  0.00  0.00  0.00  0.00  1205.00  1482.00
Cell [35,114]: 42.00  25.00  0.00  51.00  158.00  271.00  129.00  497.00  62.00
Cell [35,115]: 48.00  20.00  107.00  29.00  48.00  55.00  123.00  368.00  86.00
Cell [35,116]: 244.00  147.00  67.00  33.00  150.00  110.00  100.00  97.00  172.00
Cell [35,117]: 405.00  434.00  25.00  36.00  121.00  42.00  48.00  69.00  111.00
Cell [35,118]: 869.00  103.00  0.00  2.00  0.00  0.00  0.00  0.00  622.00
Cell [35,119]: 205.00  20.00  16.00  2.00  0.00  24.00  21.00  25.00  394.00
Cell [35,120]: 360.00  36.00  5.00  0.00  4.00  4.00  27.00  74.00  1840.00
Cell [35,121]: 114.00  0.00  0.00  2.00  0.00  3.00  21.00  111.00  1846.00
Cell [35,122]: 0.00  0.00  0.00  0.00  0.00  0.00  0.00  232.00  66.00
Cell [35,123]: 69.00  3.00  0.00  0.00  0.00  0.00  0.00  24.00  104.00
Cell [35,124]: 12.00  15.00  4.00  1.00  4.00  13.00  21.00  26.00  11.00
Cell [35,125]: 2.00  2.00  8.00  27.00  6.00  8.00  15.00  21.00  5.00
Cell [35,126]: 7.00  29.00  0.00  0.00  23.00  20.00  20.00  22.00  7.00
Cell [35,127]: 6.00  0.00  0.00  30.00  34.00  13.00  21.00  23.00  22.00
Cell [36,0]: 48.00  6.00  0.00  0.00  0.00  0.00  0.00  22.00  149.00
Cell [36,1]: 2.00  4.00  15.00  17.00  9.00  8.00  5.00  6.00  1.00
Cell [36,2]: 88.00  20.00  0.00  0.00  0.00  8.00  11.00  26.00  50.00
Cell [36,3]: 94.00  0.00  0.00  0.00  0.00  0.00  0.00  0.00  252.00
Cell [36,4]: 0.00  0.00  0.00  0.00  0.00  2.00  27.00  90.00  84.00
Cell [36,5]: 234.00  13.00  1.00  4.00  3.00  6.00  21.00  0.00  186.00
Cell [36,6]: 397.00  0.00  0.00  0.00  0.00  0.00  0.00  0.00  849.00
Cell [36,7]: 180.00  43.00  3.00  1.00  2.00  0.00  0.00  15.00  151.00
Cell [36,8]: 42.00  63.00  13.00  2.00  15.00  0.00  15.00  59.00  101.00
Cell [36,9]: 78.00  3.00  0.00  0.00  0.00  0.00  4.00  22.00  269.00
Cell [36,10]: 15.00  15.00  12.00  58.00  12.00  6.00  2.00  4.00  6.00
Cell [36,11]: 30.00  6.00  24.00  11.00  4.00  0.00  0.00  69.00  24.00
Cell [36,12]: 1354.00  104.00  101.00  0.00  48.00  99.00  206.00  223.00  140.00
Cell [36,13]: 552.00  145.00  32.00  122.00  141.00  214.00  110.00  23.00  355.00
Cell [36,14]: 1622.00  22.00  19.00  17.00  17.00  19.00  0.00  59.00  3116.00
Cell [36,15]: 75.00  2.00  0.00  0.00  0.00  0.00  0.00  3.00  91.00
Cell [36,16]: 27.00  4.00  0.00  0.00  0.00  0.00  1.00  2.00  63.00
Cell [36,17]: 11.00  1.00  0.00  0.00  0.00  1.00  1.00  2.00  8.00
Cell [36,18]: 8.00  0.00  0.00  0.00  1.00  2.00  9.00  7.00  11.00
Cell [36,19]: 27.00  0.00  0.00  0.00  0.00  0.00  0.00  24.00  16.00
Cell [36,20]: 27.00  0.00  0.00  0.00  0.00  0.00  0.00  7.00  127.00
Cell [36,21]: 97.00  4.00  0.00  0.00  0.00  0.00  0.00  9.00  96.00
Cell [36,22]: 23.00  5.00  0.00  0.00  0.00  0.00  0.00  25.00  53.00
Cell [36,23]: 19.00  1.00  0.00  0.00  0.00  0.00  0.00  8.00  19.00
Cell [36,24]: 45.00  1.00  0.00  0.00  4.00  1.00  11.00  30.00  40.00
Cell [36,25]: 6647.00  48.00  4.00  4.00  0.00  0.00  0.00  0.00  0.00
Cell [36,26]: 2660.00  3.00  0.00  0.00  0.00  5.00  3.00  9.00  87.00
Cell [36,27]: 92.00  409.00  119.00  46.00  75.00  182.00  176.00  308.00  336.00
Cell [36,28]: 149.00  28.00  6.00  17.00  10.00  28.00  175.00  881.00  560.00
Cell [36,29]: 2.00  7.00  76.00  2.00  79.00  127.00  292.00  203.00  1352.00
Cell [36,30]: 6.00  4.00  1.00  0.00  0.00  2.00  9.00  2.00  1.00
Cell [36,31]: 8.00  10.00  43.00  30.00  17.00  8.00  0.00  0.00  2.00
Cell [36,32]: 0.00  0.00  0.00  0.00  4.00  12.00  52.00  77.00  4.00
Cell [36,33]: 9.00  31.00  10.00  5.00  2.00  1.00  2.00  3.00  19.00
Cell [36,34]: 3.00  7.00  17.00  13.00  14.00  21.00  53.00  2.00  0.00
Cell [36,35]: 0.00  0.00  0.00  0.00  0.00  0.00  101.00  63.00  6.00
Cell [36,36]: 1.00  0.00  0.00  0.00  0.00  24.00  14.00  32.00  63.00
Cell [36,37]: 141.00  22.00  18.00  4.00  4.00  0.00  0.00  0.00  117.00
Cell [36,38]: 5.00  0.00  0.00  3.00  7.00  37.00  19.00  32.00  14.00
Cell [36,39]: 55.00  53.00  16.00  8.00  1.00  1.00  1.00  0.00  8.00
Cell [36,40]: 798.00  24.00  14.00  7.00  11.00  1.00  0.00  0.00  287.00
Cell [36,41]: 2.00  9.00  31.00  39.00  111.00  37.00  7.00  9.00  1.00
Cell [36,42]: 13.00  3.00  2.00  3.00  4.00  10.00  13.00  16.00  334.00
Cell [36,43]: 0.00  6.00  136.00  29.00  27.00  8.00  29.00  86.00  9.00
Cell [36,44]: 14.00  0.00  21.00  35.00  16.00  64.00  32.00  24.00  37.00
Cell [36,45]: 14.00  0.00  0.00  0.00  0.00  6.00  36.00  50.00  247.00
Cell [36,46]: 0.00  0.00  0.00  0.00  0.00  0.00  19.00  59.00  312.00
Cell [36,47]: 108.00  12.00  10.00  8.00  3.00  12.00  26.00  7.00  22.00
Cell [36,48]: 121.00  0.00  0.00  0.00  0.00  0.00  0.00  0.00  1102.00
Cell [36,49]: 18.00  0.00  2.00  14.00  0.00  0.00  0.00  31.00  916.00
Cell [36,50]: 114.00  235.00  45.00  13.00  14.00  4.00  18.00  0.00  40.00
Cell [36,51]: 134.00  0.00  0.00  0.00  0.00  2.00  2.00  82.00  284.00
Cell [36,52]: 35.00  30.00  31.00  6.00  4.00  3.00  0.00  14.00  44.00
Cell [36,53]: 32.00  22.00  101.00  39.00  0.00  46.00  5.00  2.00  0.00
Cell [36,54]: 48.00  4.00  9.00  58.00  192.00  27.00  5.00  37.00  78.00
Cell [36,55]: 556.00  271.00  26.00  12.00  94.00  45.00  36.00  72.00  362.00
Cell [36,56]: 1113.00  292.00  80.00  76.00  94.00  21.00  29.00  44.00  281.00
Cell [36,57]: 1365.00  70.00  149.00  118.00  18.00  216.00  96.00  313.00  1032.00
Cell [36,58]: 644.00  1112.00  610.00  100.00  78.00  29.00  21.00  3.00  275.00
Cell [36,59]: 154.00  2708.00  4342.00  30.00  0.00  0.00  15.00  0.00  24.00
Cell [36,60]: 80.00  1051.00  1733.00  125.00  90.00  69.00  7.00  33.00  24.00
Cell [36,61]: 0.00  17.00  8.00  26.00  291.00  267.00  1229.00  1242.00  45.00
Cell [36,62]: 0.00  0.00  0.00  0.00  0.00  15.00  2356.00  5105.00  51.00
Cell [36,63]: 20.00  3.00  0.00  0.00  47.00  68.00  1727.00  1328.00  0.00
Cell [36,64]: 62.00  1192.00  930.00  103.00  133.00  103.00  18.00  0.00  0.00
Cell [36,65]: 30.00  4737.00  3031.00  22.00  0.00  7.00  0.00  0.00  9.00
Cell [36,66]: 15.00  767.00  2772.00  134.00  66.00  16.00  0.00  0.00  26.00
Cell [36,67]: 0.00  46.00  33.00  81.00  80.00  270.00  1610.00  271.00  39.00
Cell [36,68]: 0.00  0.00  0.00  0.00  18.00  64.00  4646.00  2107.00  0.00
Cell [36,69]: 98.00  60.00  0.00  118.00  140.00  94.00  123.00  3018.00  88.00
Cell [36,70]: 1339.00  968.00  57.00  13.00  65.00  52.00  80.00  221.00  1001.00
Cell [36,71]: 100.00  261.00  131.00  102.00  92.00  31.00  386.00  885.00  1301.00
Cell [36,72]: 29.00  7.00  4.00  3.00  2.00  6.00  13.00  35.00  2437.00
Cell [36,73]: 19.00  3.00  5.00  7.00  13.00  18.00  17.00  26.00  69.00
Cell [36,74]: 3.00  8.00  12.00  50.00  25.00  24.00  70.00  8.00  2.00
Cell [36,75]: 0.00  13.00  67.00  42.00  12.00  23.00  37.00  37.00  14.00
Cell [36,76]: 15.00  14.00  7.00  0.00  6.00  1.00  11.00  131.00  74.00
Cell [36,77]: 10.00  23.00  26.00  12.00  4.00  9.00  31.00  22.00  5.00
Cell [36,78]: 6.00  2.00  0.00  1.00  1.00  6.00  14.00  64.00  124.00
Cell [36,79]: 25.00  29.00  9.00  3.00  7.00  9.00  44.00  23.00  20.00
Cell [36,80]: 68.00  0.00  2.00  19.00  14.00  3.00  5.00  13.00  174.00
Cell [36,81]: 71.00  20.00  8.00  15.00  23.00  49.00  24.00  21.00  5.00
Cell [36,82]: 91.00  58.00  10.00  8.00  5.00  0.00  3.00  14.00  10.00
Cell [36,83]: 66.00  101.00  17.00  0.00  0.00  0.00  22.00  43.00  217.00
Cell [36,84]: 0.00  0.00  0.00  14.00  2.00  12.00  4.00  30.00  700.00
Cell [36,85]: 5.00  154.00  240.00  56.00  5.00  0.00  0.00  0.00  0.00
Cell [36,86]: 34.00  30.00  24.00  32.00  20.00  15.00  103.00  106.00  35.00
Cell [36,87]: 116.00  0.00  0.00  0.00  0.00  0.00  51.00  18.00  1362.00
Cell [36,88]: 13.00  0.00  0.00  0.00  0.00  0.00  0.00  10.00  868.00
Cell [36,89]: 24.00  2.00  0.00  0.00  0.00  0.00  1.00  79.00  27.00
Cell [36,90]: 1.00  7.00  7.00  3.00  7.00  21.00  25.00  45.00  0.00
Cell [36,91]: 0.00  0.00  61.00  59.00  48.00  42.00  16.00  21.00  0.00
Cell [36,92]: 70.00  233.00  15.00  1.00  0.00  0.00  1.00  0.00  24.00
Cell [36,93]: 3036.00  26.00  11.00  0.00  1.00  0.00  0.00  0.00  53.00
Cell [36,94]: 148.00  147.00  68.00  29.00  34.00  49.00  13.00  24.00  50.00
Cell [36,95]: 368.00  17.00  21.00  25.00  0.00  0.00  11.00  118.00  284.00
Cell [36,96]: 470.00  80.00  85.00  62.00  13.00  43.00  72.00  41.00  53.00
Cell [36,97]: 48.00  52.00  89.00  83.00  14.00  21.00  21.00  19.00  60.00
Cell [36,98]: 818.00  394.00  63.00  18.00  12.00  14.00  6.00  6.00  79.00
Cell [36,99]: 777.00  102.00  7.00  0.00  0.00  2.00  0.00  0.00  3.00
Cell [36,100]: 45.00  41.00  25.00  8.00  5.00  0.00  16.00  14.00  17.00
Cell [36,101]: 3.00  5.00  3.00  11.00  106.00  68.00  100.00  32.00  15.00
Cell [36,102]: 58.00  3.00  8.00  10.00  57.00  41.00  22.00  59.00  49.00
Cell [36,103]: 18.00  10.00  24.00  12.00  22.00  8.00  7.00  16.00  25.00
Cell [36,104]: 1.00  5.00  2.00  10.00  41.00  32.00  2.00  1.00  0.00
Cell [36,105]: 310.00  359.00  25.00  35.00  17.00  7.00  11.00  7.00  214.00
Cell [36,106]: 990.00  2377.00  292.00  0.00  223.00  56.00  177.00  664.00  2134.00
Cell [36,107]: 361.00  35.00  0.00  4.00  1.00  17.00  72.00  291.00  630.00
Cell [36,108]: 5.00  4.00  4.00  2.00  5.00  51.00  97.00  25.00  8.00
Cell [36,109]: 4.00  0.00  0.00  0.00  27.00  26.00  34.00  17.00  4.00
Cell [36,110]: 23.00  15.00  13.00  14.00  6.00  8.00  32.00  55.00  33.00
Cell [36,111]: 0.00  0.00  0.00  0.00  0.00  0.00  133.00  210.00  50.00
Cell [36,112]: 0.00  0.00  0.00  0.00  0.00  0.00  0.00  419.00  36.00
Cell [36,113]: 0.00  0.00  0.00  0.00  0.00  0.00  1.00  41.00  932.00
Cell [36,114]: 74.00  18.00  20.00  6.00  10.00  24.00  31.00  149.00  1710.00
Cell [36,115]: 80.00  42.00  63.00  21.00  2.00  28.00  29.00  55.00  68.00
Cell [36,116]: 940.00  47.00  8.00  8.00  19.00  9.00  6.00  58.00  440.00
Cell [36,117]: 291.00  92.00  34.00  17.00  0.00  9.00  32.00  181.00  247.00
Cell [36,118]: 552.00  26.00  0.00  0.00  0.00  0.00  0.00  10.00  1224.00
Cell [36,119]: 154.00  100.00  79.00  195.00  67.00  66.00  95.00  106.00  88.00
Cell [36,120]: 263.00  85.00  45.00  0.00  10.00  0.00  26.00  157.00  1745.00
Cell [36,121]: 8.00  3.00  5.00  1.00  1.00  0.00  2.00  115.00  2264.00
Cell [36,122]: 18.00  3.00  0.00  0.00  0.00  0.00  12.00  169.00  114.00
Cell [36,123]: 0.00  0.00  0.00  0.00  0.00  77.00  135.00  87.00  0.00
Cell [36,124]: 0.00  0.00  0.00  0.00  46.00  182.00  17.00  0.00  0.00
Cell [36,125]: 0.00  0.00  0.00  87.00  110.00  6.00  0.00  0.00  0.00
Cell [36,126]: 0.00  0.00  0.00  0.00  98.00  51.00  28.00  0.00  0.00
Cell [36,127]: 0.00  0.00  0.00  5.00  104.00  44.00  46.00  0.00  0.00
Cell [37,0]: 99.00  42.00  0.00  0.00  0.00  0.00  0.00  2.00  83.00
Cell [37,1]: 2.00  6.00  38.00  23.00  0.00  0.00  0.00  0.00  2.00
Cell [37,2]: 100.00  83.00  7.00  0.00  0.00  0.00  0.00  0.00  0.00
Cell [37,3]: 80.00  0.00  0.00  0.00  0.00  0.00  0.00  0.00  147.00
Cell [37,4]: 0.00  0.00  0.00  0.00  0.00  0.00  28.00  64.00  83.00
Cell [37,5]: 310.00  0.00  0.00  0.00  0.00  1.00  0.00  4.00  68.00
Cell [37,6]: 869.00  0.00  0.00  0.00  0.00  0.00  0.00  0.00  405.00
Cell [37,7]: 280.00  0.00  0.00  0.00  0.00  0.00  0.00  0.00  151.00
Cell [37,8]: 99.00  25.00  5.00  4.00  0.00  5.00  7.00  31.00  144.00
Cell [37,9]: 92.00  0.00  0.00  0.00  0.00  4.00  12.00  33.00  205.00
Cell [37,10]: 15.00  21.00  30.00  54.00  4.00  0.00  0.00  0.00  0.00
Cell [37,11]: 106.00  96.00  12.00  26.00  63.00  4.00  0.00  0.00  0.00
Cell [37,12]: 1016.00  419.00  0.00  63.00  0.00  0.00  30.00  297.00  652.00
Cell [37,13]: 1503.00  585.00  65.00  148.00  85.00  46.00  184.00  375.00  729.00
Cell [37,14]: 2813.00  0.00  0.00  0.00  0.00  0.00  49.00  61.00  1322.00
Cell [37,15]: 28.00  0.00  0.00  0.00  0.00  0.00  0.00  29.00  109.00
Cell [37,16]: 28.00  3.00  0.00  0.00  0.00  0.00  1.00  24.00  47.00
Cell [37,17]: 8.00  1.00  2.00  1.00  5.00  0.00  0.00  28.00  12.00
Cell [37,18]: 16.00  2.00  1.00  1.00  1.00  1.00  3.00  16.00  18.00
Cell [37,19]: 35.00  0.00  0.00  0.00  0.00  0.00  0.00  3.00  25.00
Cell [37,20]: 81.00  0.00  0.00  0.00  0.00  0.00  0.00  0.00  87.00
Cell [37,21]: 129.00  6.00  0.00  0.00  0.00  0.00  0.00  4.00  79.00
Cell [37,22]: 39.00  2.00  0.00  0.00  0.00  0.00  0.00  9.00  69.00
Cell [37,23]: 3.00  2.00  0.00  0.00  0.00  0.00  0.00  12.00  33.00
Cell [37,24]: 1402.00  10.00  4.00  4.00  7.00  8.00  2.00  3.00  0.00
Cell [37,25]: 5433.00  0.00  0.00  0.00  0.00  3.00  5.00  16.00  60.00
Cell [37,26]: 2237.00  11.00  0.00  5.00  0.00  0.00  0.00  0.00  1098.00
Cell [37,27]: 1089.00  105.00  0.00  0.00  0.00  104.00  30.00  246.00  873.00
Cell [37,28]: 165.00  35.00  15.00  16.00  24.00  179.00  194.00  640.00  1310.00
Cell [37,29]: 554.00  346.00  40.00  85.00  6.00  0.00  0.00  0.00  615.00
Cell [37,30]: 0.00  0.00  0.00  0.00  25.00  0.00  0.00  0.00  1.00
Cell [37,31]: 15.00  2.00  7.00  4.00  3.00  2.00  2.00  7.00  44.00
Cell [37,32]: 18.00  27.00  61.00  8.00  9.00  0.00  1.00  5.00  19.00
Cell [37,33]: 7.00  9.00  4.00  1.00  2.00  12.00  35.00  4.00  1.00
Cell [37,34]: 91.00  14.00  7.00  3.00  2.00  7.00  18.00  10.00  7.00
Cell [37,35]: 49.00  11.00  0.00  0.00  0.00  0.00  15.00  48.00  91.00
Cell [37,36]: 80.00  25.00  27.00  15.00  2.00  8.00  9.00  15.00  23.00
Cell [37,37]: 361.00  22.00  1.00  0.00  0.00  0.00  0.00  0.00  21.00
Cell [37,38]: 45.00  0.00  0.00  0.00  3.00  0.00  4.00  50.00  68.00
Cell [37,39]: 15.00  9.00  0.00  0.00  3.00  0.00  10.00  64.00  116.00
Cell [37,40]: 429.00  22.00  0.00  0.00  0.00  0.00  8.00  33.00  509.00
Cell [37,41]: 116.00  18.00  16.00  3.00  6.00  23.00  20.00  7.00  20.00
Cell [37,42]: 356.00  0.00  0.00  0.00  0.00  0.00  0.00  11.00  132.00
Cell [37,43]: 4.00  6.00  13.00  8.00  19.00  17.00  12.00  8.00  6.00
Cell [37,44]: 17.00  122.00  82.00  7.00  0.00  0.00  0.00  0.00  0.00
Cell [37,45]: 106.00  31.00  19.00  5.00  0.00  0.00  0.00  0.00  86.00
Cell [37,46]: 16.00  0.00  0.00  0.00  0.00  0.00  29.00  60.00  207.00
Cell [37,47]: 43.00  3.00  2.00  1.00  1.00  4.00  32.00  39.00  48.00
Cell [37,48]: 798.00  0.00  0.00  0.00  0.00  0.00  0.00  0.00  364.00
Cell [37,49]: 871.00  17.00  0.00  0.00  0.00  5.00  2.00  3.00  91.00
Cell [37,50]: 13.00  2.00  0.00  0.00  0.00  0.00  0.00  10.00  457.00
Cell [37,51]: 16.00  0.00  0.00  0.00  0.00  0.00  0.00  66.00  399.00
Cell [37,52]: 0.00  20.00  110.00  23.00  16.00  10.00  28.00  64.00  26.00
Cell [37,53]: 10.00  30.00  23.00  89.00  51.00  19.00  0.00  0.00  0.00
Cell [37,54]: 1.00  2.00  15.00  45.00  25.00  21.00  28.00  26.00  1.00
Cell [37,55]: 486.00  302.00  75.00  47.00  29.00  32.00  119.00  663.00  378.00
Cell [37,56]: 1575.00  1439.00  161.00  101.00  37.00  0.00  35.00  270.00  596.00
Cell [37,57]: 1449.00  52.00  2.00  0.00  0.00  0.00  141.00  589.00  2717.00
Cell [37,58]: 0.00  2962.00  232.00  486.00  82.00  226.00  169.00  363.00  1335.00
Cell [37,59]: 121.00  3119.00  536.00  11.00  1.00  20.00  19.00  14.00  28.00
Cell [37,60]: 29.00  1105.00  2611.00  731.00  82.00  4.00  26.00  0.00  0.00
Cell [37,61]: 0.00  0.00  11.00  9.00  472.00  535.00  1335.00  2547.00  20.00
Cell [37,62]: 9.00  14.00  0.00  10.00  0.00  25.00  1955.00  1652.00  66.00
Cell [37,63]: 10.00  0.00  0.00  0.00  28.00  76.00  847.00  6500.00  10.00
Cell [37,64]: 0.00  5304.00  986.00  199.00  182.00  268.00  0.00  0.00  3.00
Cell [37,65]: 28.00  3615.00  1303.00  75.00  106.00  45.00  11.00  6.00  0.00
Cell [37,66]: 32.00  1780.00  1507.00  2.00  0.00  5.00  4.00  53.00  124.00
Cell [37,67]: 0.00  34.00  280.00  510.00  552.00  299.00  2692.00  730.00  31.00
Cell [37,68]: 78.00  13.00  29.00  49.00  0.00  184.00  2324.00  618.00  171.00
Cell [37,69]: 158.00  698.00  180.00  297.00  360.00  175.00  938.00  4853.00  0.00
Cell [37,70]: 2562.00  1480.00  186.00  51.00  0.00  36.00  22.00  213.00  894.00
Cell [37,71]: 1424.00  164.00  9.00  10.00  0.00  0.00  0.00  478.00  1654.00
Cell [37,72]: 553.00  409.00  154.00  174.00  255.00  149.00  162.00  84.00  380.00
Cell [37,73]: 90.00  38.00  15.00  21.00  13.00  4.00  2.00  6.00  90.00
Cell [37,74]: 1.00  12.00  27.00  51.00  4.00  1.00  8.00  24.00  15.00
Cell [37,75]: 12.00  13.00  11.00  9.00  0.00  7.00  7.00  53.00  66.00
Cell [37,76]: 37.00  32.00  29.00  5.00  5.00  1.00  8.00  14.00  128.00
Cell [37,77]: 35.00  10.00  25.00  28.00  16.00  10.00  28.00  39.00  52.00
Cell [37,78]: 25.00  6.00  9.00  11.00  7.00  5.00  26.00  39.00  12.00
Cell [37,79]: 36.00  26.00  13.00  13.00  22.00  33.00  50.00  12.00  6.00
Cell [37,80]: 182.00  6.00  2.00  8.00  8.00  6.00  3.00  6.00  226.00
Cell [37,81]: 93.00  8.00  5.00  1.00  5.00  3.00  11.00  45.00  95.00
Cell [37,82]: 22.00  0.00  0.00  0.00  0.00  0.00  0.00  120.00  218.00
Cell [37,83]: 110.00  0.00  1.00  0.00  2.00  2.00  3.00  10.00  379.00
Cell [37,84]: 51.00  34.00  53.00  21.00  9.00  10.00  17.00  45.00  466.00
Cell [37,85]: 9.00  104.00  230.00  7.00  0.00  3.00  0.00  1.00  7.00
Cell [37,86]: 95.00  184.00  15.00  12.00  0.00  4.00  14.00  23.00  66.00
Cell [37,87]: 328.00  0.00  0.00  0.00  0.00  0.00  0.00  0.00  1407.00
Cell [37,88]: 322.00  0.00  0.00  0.00  0.00  0.00  0.00  0.00  500.00
Cell [37,89]: 12.00  0.00  0.00  4.00  4.00  16.00  32.00  50.00  33.00
Cell [37,90]: 0.00  9.00  109.00  102.00  25.00  0.00  0.00  0.00  0.00
Cell [37,91]: 0.00  0.00  10.00  61.00  273.00  27.00  0.00  0.00  0.00
Cell [37,92]: 68.00  30.00  89.00  16.00  8.00  2.00  2.00  2.00  27.00
Cell [37,93]: 3083.00  54.00  0.00  0.00  0.00  0.00  0.00  0.00  215.00
Cell [37,94]: 509.00  389.00  386.00  307.00  137.00  301.00  484.00  273.00  1036.00
Cell [37,95]: 845.00  84.00  4.00  3.00  2.00  2.00  47.00  163.00  547.00
Cell [37,96]: 373.00  177.00  77.00  8.00  1.00  11.00  18.00  39.00  78.00
Cell [37,97]: 104.00  111.00  39.00  4.00  0.00  0.00  40.00  27.00  54.00
Cell [37,98]: 1665.00  31.00  0.00  7.00  1.00  0.00  0.00  10.00  29.00
Cell [37,99]: 48.00  53.00  23.00  2.00  0.00  0.00  80.00  35.00  14.00
Cell [37,100]: 7.00  22.00  51.00  43.00  0.00  0.00  20.00  10.00  5.00
Cell [37,101]: 24.00  66.00  22.00  20.00  8.00  8.00  1.00  0.00  16.00
Cell [37,102]: 158.00  110.00  12.00  2.00  2.00  1.00  1.00  4.00  48.00
Cell [37,103]: 16.00  11.00  8.00  19.00  0.00  0.00  60.00  30.00  30.00
Cell [37,104]: 1.00  1.00  1.00  4.00  10.00  19.00  2.00  1.00  0.00
Cell [37,105]: 10.00  565.00  412.00  112.00  511.00  351.00  549.00  272.00  65.00
Cell [37,106]: 193.00  1276.00  603.00  269.00  371.00  365.00  748.00  1629.00  119.00
Cell [37,107]: 46.00  574.00  310.00  271.00  495.00  305.00  262.00  103.00  238.00
Cell [37,108]: 1.00  1.00  2.00  0.00  13.00  26.00  52.00  39.00  31.00
Cell [37,109]: 1.00  5.00  6.00  6.00  9.00  6.00  3.00  8.00  1.00
Cell [37,110]: 44.00  13.00  0.00  7.00  1.00  10.00  17.00  29.00  198.00
Cell [37,111]: 0.00  0.00  0.00  0.00  1.00  0.00  51.00  277.00  48.00
Cell [37,112]: 0.00  0.00  0.00  0.00  0.00  0.00  56.00  561.00  0.00
Cell [37,113]: 3.00  0.00  0.00  0.00  0.00  0.00  8.00  159.00  63.00
Cell [37,114]: 56.00  19.00  16.00  13.00  5.00  21.00  23.00  404.00  2474.00
Cell [37,115]: 127.00  162.00  50.00  83.00  3.00  60.00  79.00  238.00  107.00
Cell [37,116]: 333.00  104.00  23.00  0.00  17.00  0.00  7.00  19.00  1263.00
Cell [37,117]: 393.00  125.00  42.00  50.00  4.00  78.00  69.00  261.00  462.00
Cell [37,118]: 70.00  1.00  0.00  0.00  0.00  0.00  0.00  51.00  1731.00
Cell [37,119]: 636.00  132.00  31.00  68.00  0.00  70.00  119.00  205.00  2071.00
Cell [37,120]: 528.00  35.00  7.00  0.00  0.00  0.00  5.00  22.00  1551.00
Cell [37,121]: 0.00  2.00  11.00  7.00  3.00  0.00  5.00  45.00  2520.00
Cell [37,122]: 7.00  6.00  5.00  4.00  2.00  2.00  20.00  25.00  14.00
Cell [37,123]: 0.00  0.00  0.00  6.00  11.00  149.00  36.00  0.00  0.00
Cell [37,124]: 0.00  0.00  0.00  0.00  9.00  175.00  68.00  0.00  0.00
Cell [37,125]: 0.00  0.00  0.00  18.00  77.00  54.00  6.00  0.00  0.00
Cell [37,126]: 0.00  0.00  0.00  30.00  78.00  60.00  2.00  0.00  0.00
Cell [37,127]: 0.00  0.00  0.00  0.00  21.00  56.00  125.00  0.00  0.00
Cell [38,0]: 153.00  51.00  13.00  0.00  0.00  0.00  0.00  0.00  12.00
Cell [38,1]: 2.00  11.00  0.00  0.00  0.00  0.00  0.00  5.00  10.00
Cell [38,2]: 21.00  1.00  0.00  0.00  0.00  0.00  4.00  28.00  67.00
Cell [38,3]: 0.00  0.00  0.00  0.00  0.00  0.00  21.00  73.00  90.00
Cell [38,4]: 0.00  0.00  0.00  0.00  0.00  0.00  2.00  91.00  100.00
Cell [38,5]: 224.00  3.00  0.00  0.00  0.00  0.00  1.00  17.00  143.00
Cell [38,6]: 99.00  0.00  0.00  0.00  0.00  0.00  0.00  0.00  1140.00
Cell [38,7]: 107.00  9.00  1.00  5.00  0.00  7.00  15.00  31.00  200.00
Cell [38,8]: 0.00  54.00  123.00  15.00  15.00  28.00  39.00  57.00  0.00
Cell [38,9]: 38.00  131.00  75.00  20.00  18.00  16.00  0.00  0.00  0.00
Cell [38,10]: 17.00  7.00  0.00  0.00  0.00  18.00  74.00  42.00  11.00
Cell [38,11]: 24.00  3.00  5.00  2.00  1.00  1.00  12.00  48.00  66.00
Cell [38,12]: 29.00  8.00  0.00  0.00  0.00  0.00  27.00  868.00  1922.00
Cell [38,13]: 1107.00  10.00  6.00  0.00  0.00  4.00  19.00  227.00  3642.00
Cell [38,14]: 1845.00  167.00  33.00  0.00  0.00  60.00  26.00  148.00  1567.00
Cell [38,15]: 94.00  15.00  0.00  0.00  0.00  0.00  0.00  0.00  58.00
Cell [38,16]: 43.00  11.00  0.00  0.00  0.00  1.00  9.00  10.00  33.00
Cell [38,17]: 11.00  1.00  0.00  0.00  0.00  1.00  2.00  3.00  39.00
Cell [38,18]: 10.00  3.00  0.00  0.00  0.00  0.00  0.00  20.00  29.00
Cell [38,19]: 23.00  0.00  0.00  0.00  0.00  0.00  10.00  21.00  34.00
Cell [38,20]: 74.00  2.00  2.00  0.00  0.00  0.00  0.00  2.00  87.00
Cell [38,21]: 83.00  0.00  0.00  0.00  0.00  0.00  0.00  0.00  164.00
Cell [38,22]: 44.00  2.00  0.00  0.00  0.00  0.00  0.00  5.00  37.00
Cell [38,23]: 4.00  2.00  0.00  0.00  1.00  4.00  3.00  28.00  14.00
Cell [38,24]: 4598.00  26.00  3.00  2.00  0.00  0.00  0.00  1.00  0.00
Cell [38,25]: 2183.00  2.00  0.00  0.00  0.00  4.00  5.00  10.00  89.00
Cell [38,26]: 1549.00  26.00  0.00  3.00  0.00  0.00  0.00  9.00  1810.00
Cell [38,27]: 300.00  319.00  293.00  63.00  28.00  51.00  74.00  367.00  464.00
Cell [38,28]: 619.00  285.00  81.00  41.00  57.00  6.00  61.00  122.00  468.00
Cell [38,29]: 619.00  316.00  40.00  10.00  3.00  0.00  0.00  0.00  44.00
Cell [38,30]: 0.00  0.00  60.00  112.00  133.00  68.00  0.00  0.00  0.00
Cell [38,31]: 1.00  2.00  1.00  4.00  16.00  127.00  77.00  46.00  11.00
Cell [38,32]: 101.00  43.00  23.00  21.00  20.00  0.00  0.00  7.00  58.00
Cell [38,33]: 0.00  0.00  2.00  13.00  9.00  55.00  116.00  7.00  0.00
Cell [38,34]: 7.00  77.00  46.00  14.00  2.00  3.00  1.00  14.00  17.00
Cell [38,35]: 242.00  48.00  0.00  0.00  0.00  0.00  0.00  8.00  102.00
Cell [38,36]: 14.00  98.00  133.00  37.00  0.00  0.00  0.00  0.00  0.00
Cell [38,37]: 254.00  62.00  2.00  3.00  0.00  0.00  0.00  1.00  4.00
Cell [38,38]: 233.00  2.00  0.00  0.00  0.00  5.00  5.00  7.00  27.00
Cell [38,39]: 24.00  26.00  10.00  6.00  7.00  21.00  116.00  22.00  0.00
Cell [38,40]: 16.00  0.00  1.00  3.00  10.00  24.00  33.00  20.00  1025.00
Cell [38,41]: 55.00  70.00  15.00  2.00  6.00  5.00  14.00  16.00  19.00
Cell [38,42]: 258.00  139.00  0.00  0.00  0.00  0.00  0.00  0.00  62.00
Cell [38,43]: 25.00  43.00  26.00  25.00  40.00  8.00  1.00  0.00  6.00
Cell [38,44]: 30.00  32.00  24.00  18.00  1.00  0.00  2.00  11.00  15.00
Cell [38,45]: 32.00  4.00  3.00  1.00  0.00  4.00  4.00  7.00  65.00
Cell [38,46]: 0.00  0.00  0.00  0.00  0.00  0.00  0.00  36.00  222.00
Cell [38,47]: 73.00  11.00  1.00  2.00  0.00  0.00  0.00  6.00  114.00
Cell [38,48]: 589.00  0.00  0.00  0.00  0.00  0.00  0.00  0.00  627.00
Cell [38,49]: 269.00  0.00  0.00  0.00  1.00  0.00  1.00  0.00  677.00
Cell [38,50]: 72.00  0.00  0.00  0.00  33.00  21.00  21.00  73.00  261.00
Cell [38,51]: 104.00  146.00  142.00  24.00  0.00  0.00  0.00  0.00  8.00
Cell [38,52]: 47.00  27.00  19.00  15.00  10.00  13.00  54.00  33.00  52.00
Cell [38,53]: 12.00  6.00  7.00  7.00  17.00  30.00  47.00  18.00  18.00
Cell [38,54]: 16.00  8.00  4.00  7.00  38.00  12.00  9.00  18.00  25.00
Cell [38,55]: 34.00  6.00  0.00  2.00  8.00  3.00  28.00  300.00  1533.00
Cell [38,56]: 700.00  24.00  0.00  0.00  12.00  0.00  5.00  115.00  4454.00
Cell [38,57]: 1179.00  133.00  0.00  0.00  13.00  53.00  57.00  538.00  2355.00
Cell [38,58]: 401.00  2073.00  471.00  366.00  32.00  87.00  87.00  102.00  214.00
Cell [38,59]: 182.00  1772.00  2130.00  27.00  34.00  51.00  36.00  66.00  27.00
Cell [38,60]: 0.00  494.00  5791.00  488.00  367.00  6.00  17.00  7.00  12.00
Cell [38,61]: 7.00  4.00  0.00  0.00  72.00  533.00  1727.00  4824.00  18.00
Cell [38,62]: 12.00  0.00  0.00  6.00  0.00  156.00  2397.00  1317.00  36.00
Cell [38,63]: 30.00  12.00  0.00  15.00  16.00  235.00  1270.00  3327.00  76.00
Cell [38,64]: 61.00  3237.00  950.00  612.00  938.00  13.00  12.00  29.00  0.00
Cell [38,65]: 44.00  1767.00  493.00  19.00  79.00  82.00  13.00  9.00  42.00
Cell [38,66]: 15.00  4431.00  2895.00  34.00  0.00  0.00  0.00  3.00  3.00
Cell [38,67]: 0.00  0.00  368.00  293.00  556.00  547.00  4386.00  181.00  0.00
Cell [38,68]: 24.00  0.00  4.00  17.00  24.00  36.00  4919.00  312.00  53.00
Cell [38,69]: 112.00  136.00  245.00  134.00  587.00  196.00  450.00  2501.00  232.00
Cell [38,70]: 904.00  655.00  494.00  620.00  59.00  67.00  136.00  460.00  340.00
Cell [38,71]: 1718.00  184.00  29.00  36.00  19.00  47.00  118.00  283.00  1158.00
Cell [38,72]: 898.00  151.00  92.00  121.00  162.00  39.00  37.00  35.00  188.00
Cell [38,73]: 21.00  46.00  73.00  53.00  19.00  24.00  11.00  6.00  15.00
Cell [38,74]: 4.00  0.00  4.00  60.00  211.00  93.00  0.00  0.00  2.00
Cell [38,75]: 25.00  19.00  19.00  15.00  24.00  32.00  15.00  21.00  56.00
Cell [38,76]: 90.00  58.00  42.00  7.00  14.00  0.00  28.00  95.00  13.00
Cell [38,77]: 113.00  73.00  22.00  2.00  12.00  6.00  20.00  119.00  15.00
Cell [38,78]: 121.00  52.00  16.00  0.00  6.00  2.00  6.00  13.00  102.00
Cell [38,79]: 201.00  122.00  30.00  13.00  33.00  35.00  0.00  0.00  0.00
Cell [38,80]: 97.00  83.00  12.00  13.00  26.00  53.00  19.00  0.00  91.00
Cell [38,81]: 89.00  58.00  4.00  2.00  4.00  5.00  0.00  7.00  85.00
Cell [38,82]: 340.00  14.00  0.00  0.00  0.00  0.00  7.00  30.00  56.00
Cell [38,83]: 14.00  12.00  16.00  33.00  4.00  3.00  62.00  245.00  88.00
Cell [38,84]: 124.00  191.00  78.00  19.00  36.00  38.00  10.00  6.00  53.00
Cell [38,85]: 28.00  10.00  8.00  6.00  9.00  96.00  49.00  45.00  45.00
Cell [38,86]: 10.00  9.00  21.00  22.00  8.00  0.00  22.00  134.00  153.00
Cell [38,87]: 856.00  31.00  20.00  0.00  0.00  0.00  0.00  0.00  771.00
Cell [38,88]: 635.00  17.00  0.00  0.00  0.00  0.00  0.00  0.00  125.00
Cell [38,89]: 9.00  38.00  19.00  8.00  5.00  7.00  13.00  5.00  8.00
Cell [38,90]: 0.00  130.00  273.00  22.00  0.00  0.00  0.00  0.00  0.00
Cell [38,91]: 0.00  0.00  17.00  52.00  45.00  95.00  48.00  34.00  13.00
Cell [38,92]: 608.00  8.00  0.00  0.00  0.00  7.00  13.00  30.00  48.00
Cell [38,93]: 2818.00  6.00  5.00  4.00  0.00  2.00  0.00  2.00  195.00
Cell [38,94]: 3169.00  74.00  6.00  0.00  0.00  1.00  0.00  13.00  79.00
Cell [38,95]: 1420.00  60.00  3.00  2.00  0.00  0.00  2.00  0.00  29.00
Cell [38,96]: 218.00  54.00  19.00  27.00  27.00  39.00  31.00  54.00  77.00
Cell [38,97]: 160.00  77.00  14.00  21.00  6.00  5.00  5.00  78.00  43.00
Cell [38,98]: 1368.00  222.00  8.00  5.00  0.00  0.00  0.00  1.00  16.00
Cell [38,99]: 14.00  37.00  17.00  27.00  38.00  28.00  35.00  1.00  1.00
Cell [38,100]: 0.00  1.00  0.00  1.00  17.00  188.00  180.00  0.00  0.00
Cell [38,101]: 109.00  19.00  14.00  15.00  10.00  63.00  56.00  74.00  20.00
Cell [38,102]: 70.00  65.00  2.00  3.00  3.00  2.00  3.00  6.00  25.00
Cell [38,103]: 3.00  0.00  2.00  0.00  8.00  23.00  32.00  10.00  2.00
Cell [38,104]: 387.00  256.00  0.00  0.00  2.00  66.00  45.00  13.00  8.00
Cell [38,105]: 425.00  3971.00  71.00  92.00  2.00  13.00  291.00  541.00  48.00
Cell [38,106]: 18.00  1041.00  1451.00  367.00  425.00  323.00  707.00  2024.00  62.00
Cell [38,107]: 219.00  442.00  652.00  54.00  208.00  76.00  333.00  2261.00  1497.00
Cell [38,108]: 28.00  7.00  6.00  4.00  5.00  2.00  9.00  136.00  148.00
Cell [38,109]: 1.00  0.00  1.00  0.00  6.00  41.00  58.00  11.00  1.00
Cell [38,110]: 2.00  2.00  0.00  0.00  1.00  4.00  4.00  23.00  225.00
Cell [38,111]: 48.00  0.00  17.00  13.00  67.00  51.00  148.00  390.00  100.00
Cell [38,112]: 93.00  98.00  66.00  54.00  6.00  5.00  44.00  137.00  74.00
Cell [38,113]: 76.00  0.00  0.00  0.00  0.00  0.00  0.00  157.00  96.00
Cell [38,114]: 16.00  0.00  0.00  0.00  2.00  1.00  2.00  1665.00  1361.00
Cell [38,115]: 154.00  174.00  133.00  29.00  46.00  65.00  95.00  264.00  121.00
Cell [38,116]: 1109.00  399.00  56.00  30.00  25.00  0.00  56.00  351.00  423.00
Cell [38,117]: 688.00  156.00  137.00  0.00  25.00  153.00  193.00  543.00  364.00
Cell [38,118]: 109.00  0.00  0.00  28.00  0.00  58.00  161.00  392.00  1550.00
Cell [38,119]: 682.00  0.00  10.00  0.00  13.00  15.00  15.00  31.00  1728.00
Cell [38,120]: 374.00  56.00  13.00  6.00  24.00  12.00  16.00  118.00  1246.00
Cell [38,121]: 113.00  4.00  3.00  4.00  0.00  18.00  16.00  25.00  2435.00
Cell [38,122]: 27.00  11.00  3.00  3.00  7.00  6.00  0.00  0.00  4.00
Cell [38,123]: 1.00  9.00  28.00  12.00  9.00  15.00  4.00  3.00  1.00
Cell [38,124]: 6.00  0.00  0.00  0.00  0.00  0.00  35.00  63.00  52.00
Cell [38,125]: 8.00  7.00  3.00  1.00  8.00  7.00  11.00  25.00  9.00
Cell [38,126]: 0.00  2.00  5.00  3.00  5.00  5.00  4.00  1.00  1.00
Cell [38,127]: 20.00  23.00  1.00  0.00  0.00  4.00  15.00  34.00  14.00
Cell [39,0]: 83.00  64.00  11.00  1.00  0.00  0.00  0.00  0.00  9.00
Cell [39,1]: 1.00  2.00  1.00  0.00  0.00  1.00  0.00  2.00  1.00
Cell [39,2]: 4.00  1.00  0.00  0.00  0.00  0.00  12.00  22.00  19.00
Cell [39,3]: 0.00  0.00  0.00  0.00  0.00  0.00  0.00  44.00  136.00
Cell [39,4]: 52.00  0.00  0.00  0.00  0.00  0.00  0.00  7.00  157.00
Cell [39,5]: 236.00  0.00  0.00  0.00  0.00  0.00  0.00  1.00  144.00
Cell [39,6]: 1188.00  0.00  0.00  0.00  0.00  0.00  0.00  0.00  93.00
Cell [39,7]: 327.00  51.00  19.00  17.00  9.00  23.00  32.00  0.00  0.00
Cell [39,8]: 0.00  76.00  102.00  30.00  20.00  26.00  28.00  0.00  0.00
Cell [39,9]: 0.00  73.00  171.00  24.00  22.00  16.00  0.00  0.00  0.00
Cell [39,10]: 0.00  0.00  0.00  0.00  0.00  25.00  230.00  91.00  0.00
Cell [39,11]: 0.00  0.00  0.00  0.00  0.00  160.00  77.00  3.00  0.00
Cell [39,12]: 227.00  75.00  13.00  0.00  0.00  9.00  69.00  580.00  654.00
Cell [39,13]: 54.00  0.00  63.00  78.00  0.00  97.00  948.00  2519.00  998.00
Cell [39,14]: 646.00  594.00  327.00  262.00  409.00  92.00  272.00  589.00  135.00
Cell [39,15]: 61.00  0.00  0.00  0.00  0.00  0.00  0.00  0.00  151.00
Cell [39,16]: 37.00  30.00  12.00  0.00  0.00  0.00  0.00  0.00  23.00
Cell [39,17]: 18.00  4.00  5.00  1.00  0.00  0.00  0.00  0.00  8.00
Cell [39,18]: 9.00  0.00  0.00  0.00  0.00  0.00  0.00  17.00  18.00
Cell [39,19]: 10.00  1.00  0.00  0.00  0.00  0.00  0.00  13.00  65.00
Cell [39,20]: 54.00  3.00  0.00  0.00  0.00  0.00  0.00  3.00  74.00
Cell [39,21]: 89.00  0.00  0.00  0.00  0.00  0.00  0.00  0.00  137.00
Cell [39,22]: 32.00  6.00  2.00  1.00  1.00  3.00  5.00  18.00  40.00
Cell [39,23]: 10.00  11.00  2.00  0.00  0.00  0.00  0.00  2.00  14.00
Cell [39,24]: 6237.00  20.00  1.00  0.00  0.00  0.00  0.00  0.00  3.00
Cell [39,25]: 161.00  0.00  0.00  0.00  1.00  0.00  0.00  16.00  482.00
Cell [39,26]: 534.00  9.00  6.00  0.00  0.00  8.00  5.00  29.00  2275.00
Cell [39,27]: 208.00  224.00  293.00  247.00  341.00  35.00  34.00  307.00  771.00
Cell [39,28]: 18.00  245.00  1044.00  211.00  125.00  181.00  214.00  553.00  481.00
Cell [39,29]: 235.00  258.00  11.00  4.00  0.00  0.00  0.00  0.00  84.00
Cell [39,30]: 108.00  195.00  134.00  115.00  59.00  76.00  0.00  0.00  0.00
Cell [39,31]: 0.00  0.00  0.00  0.00  0.00  45.00  214.00  485.00  14.00
Cell [39,32]: 4.00  0.00  0.00  0.00  0.00  0.00  0.00  109.00  351.00
Cell [39,33]: 2.00  1.00  3.00  1.00  3.00  37.00  25.00  4.00  2.00
Cell [39,34]: 16.00  9.00  5.00  6.00  3.00  1.00  1.00  2.00  25.00
Cell [39,35]: 119.00  0.00  0.00  0.00  0.00  0.00  0.00  0.00  430.00
Cell [39,36]: 138.00  74.00  64.00  13.00  0.00  0.00  0.00  0.00  32.00
Cell [39,37]: 31.00  54.00  15.00  6.00  2.00  2.00  3.00  2.00  8.00
Cell [39,38]: 264.00  98.00  5.00  0.00  0.00  0.00  0.00  0.00  0.00
Cell [39,39]: 13.00  41.00  2.00  0.00  1.00  3.00  8.00  14.00  7.00
Cell [39,40]: 586.00  42.00  5.00  1.00  6.00  10.00  0.00  15.00  587.00
Cell [39,41]: 17.00  2.00  2.00  2.00  1.00  0.00  1.00  32.00  166.00
Cell [39,42]: 168.00  14.00  0.00  0.00  0.00  0.00  2.00  15.00  234.00
Cell [39,43]: 10.00  14.00  5.00  1.00  4.00  5.00  29.00  6.00  35.00
Cell [39,44]: 1.00  1.00  12.00  3.00  3.00  18.00  37.00  12.00  5.00
Cell [39,45]: 0.00  0.00  0.00  0.00  0.00  31.00  22.00  118.00  12.00
Cell [39,46]: 0.00  0.00  0.00  0.00  0.00  0.00  0.00  150.00  131.00
Cell [39,47]: 101.00  0.00  0.00  0.00  0.00  1.00  3.00  13.00  196.00
Cell [39,48]: 1052.00  0.00  0.00  0.00  0.00  0.00  0.00  0.00  115.00
Cell [39,49]: 915.00  27.00  9.00  11.00  0.00  0.00  0.00  0.00  97.00
Cell [39,50]: 0.00  0.00  21.00  32.00  15.00  23.00  49.00  218.00  17.00
Cell [39,51]: 0.00  81.00  301.00  19.00  0.00  0.00  0.00  0.00  0.00
Cell [39,52]: 0.00  0.00  52.00  30.00  34.00  25.00  85.00  149.00  5.00
Cell [39,53]: 18.00  0.00  0.00  0.00  0.00  10.00  54.00  173.00  61.00
Cell [39,54]: 112.00  21.00  13.00  10.00  11.00  38.00  20.00  10.00  34.00
Cell [39,55]: 721.00  5.00  8.00  0.00  0.00  7.00  2.00  252.00  623.00
Cell [39,56]: 81.00  97.00  62.00  38.00  67.00  73.00  729.00  2637.00  737.00
Cell [39,57]: 444.00  195.00  245.00  226.00  494.00  257.00  376.00  1787.00  521.00
Cell [39,58]: 1523.00  853.00  320.00  124.00  0.00  0.00  0.00  159.00  531.00
Cell [39,59]: 10.00  1902.00  5242.00  16.00  5.00  0.00  11.00  0.00  0.00
Cell [39,60]: 25.00  986.00  3255.00  117.00  105.00  17.00  0.00  10.00  7.00
Cell [39,61]: 0.00  0.00  0.00  4.00  38.00  87.00  672.00  4370.00  0.00
Cell [39,62]: 0.00  5.00  0.00  0.00  0.00  13.00  2390.00  5038.00  0.00
Cell [39,63]: 0.00  1.00  19.00  14.00  13.00  120.00  642.00  1744.00  56.00
Cell [39,64]: 83.00  1055.00  204.00  210.00  334.00  39.00  38.00  1.00  14.00
Cell [39,65]: 16.00  4631.00  2384.00  0.00  0.00  0.00  0.00  0.00  5.00
Cell [39,66]: 63.00  4108.00  2051.00  25.00  0.00  2.00  0.00  7.00  0.00
Cell [39,67]: 76.00  122.00  25.00  130.00  18.00  105.00  1728.00  1125.00  195.00
Cell [39,68]: 0.00  0.00  8.00  16.00  24.00  92.00  3244.00  3625.00  0.00
Cell [39,69]: 214.00  128.00  70.00  61.00  22.00  46.00  516.00  2812.00  269.00
Cell [39,70]: 1160.00  1429.00  240.00  167.00  106.00  58.00  94.00  66.00  2727.00
Cell [39,71]: 384.00  967.00  786.00  119.00  161.00  89.00  122.00  136.00  508.00
Cell [39,72]: 542.00  488.00  162.00  121.00  445.00  206.00  74.00  326.00  236.00
Cell [39,73]: 200.00  569.00  168.00  14.00  0.00  0.00  0.00  0.00  0.00
Cell [39,74]: 0.00  25.00  50.00  167.00  164.00  165.00  197.00  128.00  0.00
Cell [39,75]: 123.00  0.00  0.00  0.00  0.00  24.00  66.00  127.00  297.00
Cell [39,76]: 64.00  2.00  1.00  2.00  1.00  2.00  2.00  51.00  161.00
Cell [39,77]: 27.00  26.00  18.00  12.00  12.00  35.00  42.00  45.00  0.00
Cell [39,78]: 46.00  18.00  0.00  0.00  0.00  2.00  3.00  4.00  258.00
Cell [39,79]: 132.00  23.00  5.00  2.00  4.00  9.00  0.00  0.00  411.00
Cell [39,80]: 0.00  122.00  160.00  54.00  27.00  30.00  7.00  0.00  0.00
Cell [39,81]: 60.00  79.00  25.00  18.00  21.00  16.00  0.00  2.00  3.00
Cell [39,82]: 239.00  289.00  44.00  8.00  14.00  0.00  0.00  1.00  23.00
Cell [39,83]: 65.00  21.00  11.00  4.00  6.00  8.00  6.00  34.00  138.00
Cell [39,84]: 80.00  111.00  11.00  18.00  0.00  16.00  21.00  151.00  68.00
Cell [39,85]: 246.00  36.00  12.00  0.00  0.00  0.00  7.00  15.00  206.00
Cell [39,86]: 0.00  46.00  204.00  150.00  27.00  18.00  17.00  23.00  14.00
Cell [39,87]: 798.00  159.00  67.00  36.00  0.00  0.00  0.00  0.00  294.00
Cell [39,88]: 10.00  0.00  0.00  0.00  0.00  0.00  0.00  86.00  810.00
Cell [39,89]: 159.00  59.00  1.00  4.00  2.00  2.00  15.00  7.00  8.00
Cell [39,90]: 208.00  60.00  8.00  0.00  1.00  3.00  3.00  1.00  41.00
Cell [39,91]: 96.00  47.00  41.00  7.00  0.00  2.00  2.00  5.00  38.00
Cell [39,92]: 1711.00  2.00  0.00  0.00  0.00  0.00  1.00  0.00  61.00
Cell [39,93]: 1925.00  46.00  4.00  0.00  4.00  2.00  2.00  4.00  59.00
Cell [39,94]: 3375.00  11.00  11.00  0.00  6.00  0.00  0.00  0.00  97.00
Cell [39,95]: 391.00  41.00  13.00  6.00  11.00  40.00  302.00  138.00  126.00
Cell [39,96]: 52.00  39.00  25.00  13.00  86.00  374.00  56.00  44.00  58.00
Cell [39,97]: 254.00  695.00  211.00  21.00  49.00  0.00  64.00  102.00  85.00
Cell [39,98]: 999.00  380.00  42.00  0.00  0.00  0.00  0.00  0.00  2.00
Cell [39,99]: 8.00  79.00  35.00  9.00  13.00  13.00  25.00  0.00  0.00
Cell [39,100]: 6.00  20.00  32.00  33.00  30.00  35.00  0.00  0.00  0.00
Cell [39,101]: 0.00  24.00  121.00  62.00  36.00  12.00  0.00  0.00  0.00
Cell [39,102]: 0.00  0.00  21.00  31.00  31.00  19.00  2.00  0.00  0.00
Cell [39,103]: 1.00  12.00  30.00  18.00  6.00  4.00  1.00  0.00  0.00
Cell [39,104]: 1267.00  581.00  500.00  298.00  243.00  5.00  111.00  6.00  569.00
Cell [39,105]: 653.00  278.00  123.00  17.00  26.00  40.00  453.00  2030.00  314.00
Cell [39,106]: 176.00  363.00  119.00  85.00  263.00  123.00  132.00  273.00  80.00
Cell [39,107]: 987.00  713.00  168.00  66.00  102.00  25.00  87.00  871.00  1605.00
Cell [39,108]: 455.00  10.00  17.00  3.00  10.00  0.00  211.00  280.00  862.00
Cell [39,109]: 0.00  0.00  0.00  0.00  0.00  73.00  42.00  31.00  8.00
Cell [39,110]: 2.00  0.00  3.00  3.00  4.00  40.00  28.00  18.00  22.00
Cell [39,111]: 5.00  2.00  0.00  52.00  158.00  85.00  40.00  17.00  15.00
Cell [39,112]: 0.00  0.00  0.00  18.00  16.00  8.00  11.00  220.00  76.00
Cell [39,113]: 0.00  0.00  0.00  0.00  0.00  0.00  58.00  282.00  105.00
Cell [39,114]: 3.00  0.00  0.00  3.00  32.00  35.00  59.00  784.00  20.00
Cell [39,115]: 4.00  150.00  392.00  789.00  663.00  445.00  440.00  595.00  0.00
Cell [39,116]: 98.00  29.00  263.00  347.00  760.00  127.00  110.00  87.00  156.00
Cell [39,117]: 703.00  602.00  84.00  87.00  76.00  157.00  500.00  462.00  944.00
Cell [39,118]: 1041.00  55.00  57.00  63.00  0.00  0.00  94.00  207.00  3560.00
Cell [39,119]: 406.00  39.00  0.00  0.00  0.00  0.00  1.00  70.00  1328.00
Cell [39,120]: 434.00  4.00  9.00  5.00  10.00  46.00  14.00  32.00  1387.00
Cell [39,121]: 113.00  87.00  41.00  2.00  0.00  13.00  46.00  62.00  2502.00
Cell [39,122]: 25.00  10.00  7.00  1.00  0.00  0.00  1.00  8.00  28.00
Cell [39,123]: 16.00  42.00  6.00  7.00  1.00  3.00  1.00  2.00  4.00
Cell [39,124]: 44.00  155.00  43.00  0.00  0.00  0.00  0.00  0.00  3.00
Cell [39,125]: 0.00  21.00  66.00  38.00  68.00  3.00  0.00  0.00  0.00
Cell [39,126]: 0.00  0.00  3.00  10.00  151.00  12.00  1.00  0.00  0.00
Cell [39,127]: 0.00  25.00  40.00  126.00  5.00  0.00  0.00  0.00  0.00
Cell [40,0]: 0.00  21.00  96.00  37.00  13.00  6.00  0.00  0.00  0.00
Cell [40,1]: 0.00  2.00  2.00  5.00  5.00  24.00  23.00  24.00  0.00
Cell [40,2]: 3.00  3.00  3.00  10.00  0.00  0.00  0.00  0.00  1.00
Cell [40,3]: 95.00  3.00  0.00  0.00  0.00  0.00  0.00  1.00  66.00
Cell [40,4]: 247.00  0.00  0.00  0.00  0.00  0.00  0.00  0.00  25.00
Cell [40,5]: 201.00  1.00  0.00  0.00  0.00  0.00  0.00  0.00  159.00
Cell [40,6]: 69.00  0.00  0.00  0.00  0.00  0.00  0.00  0.00  1220.00
Cell [40,7]: 76.00  0.00  0.00  1.00  3.00  8.00  8.00  24.00  367.00
Cell [40,8]: 27.00  103.00  14.00  7.00  5.00  6.00  8.00  11.00  44.00
Cell [40,9]: 54.00  78.00  42.00  10.00  0.00  0.00  2.00  6.00  36.00
Cell [40,10]: 0.00  0.00  0.00  0.00  13.00  20.00  148.00  70.00  2.00
Cell [40,11]: 0.00  0.00  0.00  0.00  0.00  129.00  105.00  18.00  0.00
Cell [40,12]: 2781.00  90.00  0.00  0.00  0.00  13.00  76.00  35.00  105.00
Cell [40,13]: 151.00  119.00  69.00  22.00  61.00  154.00  2190.00  66.00  1.00
Cell [40,14]: 167.00  245.00  127.00  145.00  116.00  177.00  169.00  692.00  648.00
Cell [40,15]: 94.00  1.00  0.00  0.00  0.00  0.00  0.00  0.00  77.00
Cell [40,16]: 27.00  3.00  0.00  0.00  0.00  0.00  0.00  2.00  99.00
Cell [40,17]: 1.00  0.00  0.00  0.00  1.00  0.00  1.00  5.00  5.00
Cell [40,18]: 1.00  1.00  0.00  0.00  0.00  1.00  1.00  15.00  7.00
Cell [40,19]: 9.00  0.00  0.00  0.00  0.00  0.00  0.00  34.00  42.00
Cell [40,20]: 82.00  4.00  0.00  1.00  0.00  0.00  2.00  4.00  49.00
Cell [40,21]: 116.00  0.00  0.00  0.00  0.00  0.00  0.00  16.00  96.00
Cell [40,22]: 16.00  0.00  0.00  0.00  0.00  0.00  21.00  37.00  37.00
Cell [40,23]: 71.00  16.00  5.00  2.00  2.00  2.00  7.00  16.00  22.00
Cell [40,24]: 6135.00  17.00  0.00  0.00  0.00  0.00  0.00  0.00  77.00
Cell [40,25]: 157.00  0.00  0.00  0.00  0.00  0.00  2.00  12.00  328.00
Cell [40,26]: 418.00  10.00  3.00  0.00  3.00  24.00  176.00  253.00  760.00
Cell [40,27]: 276.00  13.00  1898.00  1137.00  248.00  289.00  193.00  158.00  185.00
Cell [40,28]: 29.00  34.00  1168.00  65.00  8.00  50.00  39.00  120.00  2239.00
Cell [40,29]: 85.00  0.00  0.00  0.00  0.00  7.00  43.00  152.00  880.00
Cell [40,30]: 100.00  6.00  5.00  0.00  8.00  27.00  172.00  235.00  162.00
Cell [40,31]: 139.00  47.00  37.00  21.00  16.00  0.00  0.00  56.00  372.00
Cell [40,32]: 144.00  16.00  0.00  0.00  0.00  0.00  0.00  144.00  250.00
Cell [40,33]: 5.00  3.00  0.00  0.00  17.00  20.00  25.00  29.00  14.00
Cell [40,34]: 2.00  3.00  10.00  6.00  7.00  16.00  11.00  1.00  4.00
Cell [40,35]: 223.00  23.00  0.00  0.00  0.00  0.00  0.00  0.00  257.00
Cell [40,36]: 0.00  0.00  0.00  0.00  4.00  105.00  106.00  108.00  38.00
Cell [40,37]: 7.00  2.00  0.00  0.00  1.00  19.00  77.00  63.00  57.00
Cell [40,38]: 4.00  1.00  1.00  2.00  4.00  6.00  52.00  212.00  56.00
Cell [40,39]: 0.00  30.00  129.00  20.00  15.00  24.00  38.00  12.00  0.00
Cell [40,40]: 1189.00  104.00  50.00  0.00  2.00  9.00  22.00  0.00  0.00
Cell [40,41]: 18.00  30.00  71.00  61.00  26.00  44.00  48.00  79.00  14.00
Cell [40,42]: 112.00  255.00  29.00  21.00  12.00  0.00  0.00  0.00  32.00
Cell [40,43]: 3.00  3.00  3.00  4.00  3.00  22.00  26.00  17.00  12.00
Cell [40,44]: 0.00  0.00  0.00  1.00  5.00  2.00  2.00  30.00  6.00
Cell [40,45]: 0.00  0.00  1.00  1.00  3.00  1.00  8.00  36.00  56.00
Cell [40,46]: 48.00  0.00  0.00  0.00  0.00  0.00  0.00  16.00  235.00
Cell [40,47]: 71.00  6.00  0.00  0.00  0.00  0.00  0.00  9.00  221.00
Cell [40,48]: 69.00  0.00  0.00  0.00  0.00  0.00  0.00  0.00  1081.00
Cell [40,49]: 217.00  9.00  2.00  0.00  0.00  0.00  0.00  5.00  939.00
Cell [40,50]: 23.00  7.00  17.00  31.00  27.00  9.00  31.00  66.00  34.00
Cell [40,51]: 19.00  53.00  275.00  0.00  0.00  0.00  0.00  0.00  0.00
Cell [40,52]: 0.00  0.00  66.00  28.00  14.00  20.00  88.00  110.00  0.00
Cell [40,53]: 0.00  0.00  0.00  0.00  36.00  105.00  275.00  53.00  0.00
Cell [40,54]: 0.00  2.00  0.00  7.00  90.00  281.00  31.00  0.00  0.00
Cell [40,55]: 588.00  69.00  1.00  0.00  0.00  20.00  69.00  408.00  590.00
Cell [40,56]: 302.00  38.00  33.00  0.00  0.00  52.00  526.00  1656.00  1023.00
Cell [40,57]: 934.00  215.00  82.00  35.00  130.00  0.00  247.00  381.00  1078.00
Cell [40,58]: 387.00  4164.00  392.00  13.00  68.00  70.00  0.00  103.00  217.00
Cell [40,59]: 93.00  4884.00  184.00  18.00  0.00  16.00  0.00  0.00  0.00
Cell [40,60]: 72.00  446.00  294.00  278.00  375.00  21.00  17.00  0.00  43.00
Cell [40,61]: 12.00  27.00  17.00  32.00  60.00  471.00  890.00  362.00  66.00
Cell [40,62]: 0.00  0.00  10.00  0.00  0.00  3.00  1733.00  4429.00  84.00
Cell [40,63]: 0.00  0.00  7.00  0.00  22.00  116.00  1733.00  4955.00  45.00
Cell [40,64]: 76.00  4080.00  1308.00  177.00  258.00  105.00  0.00  0.00  6.00
Cell [40,65]: 25.00  4984.00  1797.00  0.00  10.00  0.00  4.00  0.00  17.00
Cell [40,66]: 122.00  789.00  260.00  50.00  41.00  32.00  28.00  18.00  22.00
Cell [40,67]: 140.00  24.00  242.00  226.00  44.00  428.00  466.00  28.00  38.00
Cell [40,68]: 7.00  0.00  17.00  59.00  58.00  118.00  1695.00  1573.00  0.00
Cell [40,69]: 0.00  24.00  20.00  0.00  49.00  90.00  1722.00  5318.00  223.00
Cell [40,70]: 1415.00  560.00  286.00  26.00  93.00  0.00  72.00  844.00  1776.00
Cell [40,71]: 762.00  3868.00  629.00  213.00  55.00  45.00  0.00  232.00  133.00
Cell [40,72]: 2308.00  600.00  0.00  98.00  27.00  89.00  130.00  712.00  774.00
Cell [40,73]: 142.00  0.00  0.00  0.00  0.00  0.00  15.00  516.00  357.00
Cell [40,74]: 62.00  24.00  10.00  7.00  6.00  2.00  42.00  233.00  224.00
Cell [40,75]: 65.00  0.00  0.00  0.00  0.00  0.00  0.00  233.00  602.00
Cell [40,76]: 103.00  14.00  0.00  0.00  0.00  0.00  46.00  90.00  98.00
Cell [40,77]: 2.00  4.00  29.00  24.00  10.00  17.00  15.00  5.00  2.00
Cell [40,78]: 88.00  6.00  1.00  0.00  1.00  1.00  10.00  45.00  121.00
Cell [40,79]: 298.00  0.00  0.00  17.00  19.00  18.00  16.00  47.00  276.00
Cell [40,80]: 22.00  0.00  0.00  61.00  81.00  204.00  100.00  61.00  4.00
Cell [40,81]: 39.00  12.00  9.00  7.00  18.00  53.00  35.00  73.00  32.00
Cell [40,82]: 71.00  11.00  1.00  0.00  24.00  24.00  248.00  172.00  91.00
Cell [40,83]: 84.00  322.00  106.00  35.00  29.00  5.00  0.00  0.00  3.00
Cell [40,84]: 0.00  1.00  0.00  9.00  26.00  56.00  245.00  189.00  89.00
Cell [40,85]: 47.00  433.00  172.00  57.00  0.00  0.00  0.00  0.00  0.00
Cell [40,86]: 0.00  87.00  347.00  245.00  0.00  0.00  0.00  0.00  0.00
Cell [40,87]: 520.00  119.00  82.00  45.00  10.00  0.00  0.00  0.00  259.00
Cell [40,88]: 0.00  0.00  0.00  0.00  0.00  0.00  0.00  101.00  855.00
Cell [40,89]: 114.00  25.00  14.00  6.00  6.00  9.00  19.00  67.00  0.00
Cell [40,90]: 147.00  4.00  1.00  6.00  2.00  1.00  2.00  3.00  42.00
Cell [40,91]: 141.00  97.00  11.00  0.00  0.00  0.00  0.00  0.00  26.00
Cell [40,92]: 2381.00  164.00  0.00  0.00  0.00  0.00  0.00  2.00  63.00
Cell [40,93]: 980.00  16.00  2.00  3.00  3.00  3.00  6.00  16.00  113.00
Cell [40,94]: 2807.00  5.00  0.00  0.00  0.00  0.00  5.00  12.00  146.00
Cell [40,95]: 266.00  66.00  0.00  0.00  0.00  0.00  0.00  0.00  158.00
Cell [40,96]: 9.00  51.00  22.00  3.00  5.00  119.00  97.00  14.00  9.00
Cell [40,97]: 51.00  31.00  224.00  227.00  291.00  211.00  24.00  2.00  34.00
Cell [40,98]: 50.00  274.00  122.00  0.00  0.00  0.00  1.00  0.00  0.00
Cell [40,99]: 1.00  0.00  10.00  20.00  14.00  28.00  40.00  38.00  0.00
Cell [40,100]: 34.00  60.00  24.00  5.00  5.00  3.00  17.00  0.00  0.00
Cell [40,101]: 5.00  10.00  12.00  3.00  1.00  0.00  1.00  1.00  6.00
Cell [40,102]: 0.00  0.00  1.00  3.00  14.00  2.00  2.00  4.00  4.00
Cell [40,103]: 4.00  148.00  8.00  1.00  1.00  5.00  5.00  14.00  10.00
Cell [40,104]: 1688.00  2468.00  139.00  32.00  84.00  64.00  267.00  306.00  195.00
Cell [40,105]: 0.00  0.00  0.00  8.00  3.00  26.00  375.00  5644.00  33.00
Cell [40,106]: 114.00  681.00  560.00  126.00  164.00  152.00  214.00  1048.00  108.00
Cell [40,107]: 155.00  2278.00  2638.00  228.00  77.00  41.00  0.00  105.00  69.00
Cell [40,108]: 14.00  3.00  0.00  0.00  0.00  301.00  321.00  1790.00  1796.00
Cell [40,109]: 1.00  1.00  1.00  1.00  0.00  35.00  30.00  26.00  24.00
Cell [40,110]: 5.00  0.00  3.00  3.00  30.00  13.00  34.00  12.00  9.00
Cell [40,111]: 13.00  12.00  4.00  7.00  4.00  0.00  0.00  4.00  23.00
Cell [40,112]: 2.00  2.00  0.00  5.00  12.00  25.00  40.00  57.00  9.00
Cell [40,113]: 0.00  0.00  0.00  22.00  117.00  242.00  86.00  18.00  0.00
Cell [40,114]: 0.00  0.00  37.00  114.00  409.00  156.00  83.00  91.00  0.00
Cell [40,115]: 195.00  54.00  3.00  3.00  3.00  0.00  9.00  282.00  178.00
Cell [40,116]: 217.00  210.00  236.00  15.00  0.00  0.00  0.00  0.00  48.00
Cell [40,117]: 837.00  103.00  81.00  70.00  5.00  4.00  71.00  39.00  436.00
Cell [40,118]: 3004.00  0.00  9.00  0.00  0.00  0.00  0.00  0.00  2099.00
Cell [40,119]: 956.00  33.00  0.00  0.00  0.00  0.00  0.00  77.00  863.00
Cell [40,120]: 426.00  15.00  4.00  0.00  0.00  4.00  32.00  153.00  1287.00
Cell [40,121]: 68.00  24.00  3.00  29.00  13.00  17.00  14.00  25.00  2475.00
Cell [40,122]: 0.00  2.00  9.00  6.00  5.00  60.00  46.00  8.00  79.00
Cell [40,123]: 0.00  6.00  115.00  26.00  19.00  20.00  0.00  0.00  0.00
Cell [40,124]: 20.00  275.00  69.00  0.00  0.00  0.00  0.00  0.00  0.00
Cell [40,125]: 0.00  4.00  144.00  56.00  29.00  6.00  0.00  0.00  0.00
Cell [40,126]: 0.00  0.00  14.00  81.00  120.00  28.00  0.00  0.00  0.00
Cell [40,127]: 0.00  0.00  20.00  167.00  62.00  1.00  0.00  0.00  0.00
Cell [41,0]: 6.00  3.00  0.00  0.00  0.00  30.00  137.00  14.00  3.00
Cell [41,1]: 3.00  1.00  2.00  1.00  3.00  13.00  8.00  23.00  11.00
Cell [41,2]: 0.00  3.00  6.00  7.00  4.00  13.00  2.00  0.00  0.00
Cell [41,3]: 159.00  16.00  4.00  2.00  0.00  0.00  0.00  0.00  0.00
Cell [41,4]: 208.00  0.00  0.00  0.00  0.00  0.00  0.00  0.00  53.00
Cell [41,5]: 166.00  7.00  4.00  0.00  4.00  0.00  0.00  7.00  159.00
Cell [41,6]: 480.00  0.00  0.00  0.00  0.00  0.00  0.00  0.00  711.00
Cell [41,7]: 3.00  1.00  0.00  0.00  0.00  7.00  20.00  27.00  425.00
Cell [41,8]: 20.00  1.00  0.00  0.00  0.00  2.00  15.00  107.00  102.00
Cell [41,9]: 0.00  0.00  0.00  0.00  17.00  90.00  101.00  35.00  12.00
Cell [41,10]: 9.00  21.00  10.00  6.00  5.00  16.00  73.00  13.00  16.00
Cell [41,11]: 56.00  77.00  9.00  0.00  0.00  0.00  0.00  3.00  17.00
Cell [41,12]: 3537.00  27.00  5.00  0.00  0.00  0.00  0.00  0.00  6.00
Cell [41,13]: 22.00  8.00  15.00  12.00  17.00  13.00  1.00  8.00  0.00
Cell [41,14]: 53.00  3.00  3.00  17.00  17.00  24.00  17.00  1.00  2.00
Cell [41,15]: 70.00  18.00  3.00  0.00  0.00  0.00  0.00  0.00  45.00
Cell [41,16]: 55.00  26.00  0.00  0.00  0.00  0.00  0.00  0.00  44.00
Cell [41,17]: 11.00  1.00  0.00  0.00  0.00  0.00  0.00  0.00  2.00
Cell [41,18]: 2.00  3.00  0.00  0.00  0.00  0.00  0.00  5.00  1.00
Cell [41,19]: 8.00  4.00  3.00  1.00  4.00  0.00  0.00  5.00  28.00
Cell [41,20]: 92.00  10.00  3.00  3.00  2.00  2.00  2.00  3.00  15.00
Cell [41,21]: 172.00  0.00  0.00  0.00  0.00  0.00  0.00  15.00  58.00
Cell [41,22]: 9.00  0.00  0.00  0.00  0.00  2.00  3.00  29.00  47.00
Cell [41,23]: 1543.00  22.00  4.00  3.00  4.00  9.00  3.00  1.00  4.00
Cell [41,24]: 4536.00  0.00  0.00  0.00  0.00  0.00  0.00  0.00  297.00
Cell [41,25]: 199.00  6.00  0.00  0.00  0.00  0.00  0.00  0.00  296.00
Cell [41,26]: 4.00  5.00  3.00  4.00  17.00  44.00  9.00  2.00  4.00
Cell [41,27]: 8.00  13.00  19.00  56.00  39.00  5.00  2.00  4.00  6.00
Cell [41,28]: 19.00  0.00  0.00  0.00  0.00  0.00  0.00  3.00  1521.00
Cell [41,29]: 6.00  6.00  0.00  0.00  0.00  12.00  92.00  49.00  1768.00
Cell [41,30]: 6.00  0.00  0.00  0.00  5.00  173.00  317.00  99.00  14.00
Cell [41,31]: 0.00  84.00  179.00  199.00  189.00  0.00  0.00  0.00  0.00
Cell [41,32]: 46.00  401.00  70.00  0.00  0.00  0.00  0.00  0.00  0.00
Cell [41,33]: 24.00  32.00  11.00  19.00  9.00  6.00  5.00  5.00  8.00
Cell [41,34]: 0.00  5.00  51.00  67.00  25.00  0.00  0.00  0.00  0.00
Cell [41,35]: 81.00  76.00  76.00  11.00  0.00  0.00  0.00  0.00  77.00
Cell [41,36]: 23.00  7.00  5.00  9.00  22.00  26.00  15.00  25.00  18.00
Cell [41,37]: 13.00  0.00  0.00  0.00  0.00  0.00  0.00  148.00  216.00
Cell [41,38]: 81.00  16.00  10.00  0.00  0.00  7.00  4.00  33.00  67.00
Cell [41,39]: 94.00  50.00  9.00  2.00  2.00  0.00  3.00  8.00  68.00
Cell [41,40]: 138.00  19.00  0.00  0.00  0.00  0.00  18.00  63.00  875.00
Cell [41,41]: 58.00  72.00  19.00  2.00  5.00  12.00  19.00  42.00  70.00
Cell [41,42]: 57.00  129.00  23.00  10.00  13.00  0.00  34.00  73.00  42.00
Cell [41,43]: 11.00  4.00  2.00  1.00  2.00  6.00  29.00  105.00  126.00
Cell [41,44]: 26.00  5.00  3.00  0.00  3.00  0.00  0.00  26.00  36.00
Cell [41,45]: 27.00  0.00  0.00  0.00  0.00  0.00  4.00  22.00  47.00
Cell [41,46]: 231.00  0.00  0.00  0.00  0.00  0.00  0.00  0.00  101.00
Cell [41,47]: 134.00  1.00  0.00  0.00  0.00  0.00  0.00  0.00  101.00
Cell [41,48]: 79.00  0.00  0.00  0.00  0.00  0.00  0.00  0.00  913.00
Cell [41,49]: 0.00  0.00  0.00  0.00  0.00  0.00  0.00  38.00  1182.00
Cell [41,50]: 14.00  25.00  34.00  19.00  1.00  28.00  5.00  45.00  42.00
Cell [41,51]: 32.00  0.00  0.00  0.00  12.00  26.00  18.00  35.00  188.00
Cell [41,52]: 7.00  8.00  13.00  2.00  5.00  57.00  108.00  32.00  14.00
Cell [41,53]: 28.00  3.00  3.00  0.00  0.00  19.00  34.00  85.00  136.00
Cell [41,54]: 2.00  10.00  3.00  0.00  28.00  24.00  55.00  3.00  2.00
Cell [41,55]: 113.00  315.00  161.00  162.00  93.00  44.00  67.00  274.00  350.00
Cell [41,56]: 0.00  0.00  0.00  0.00  0.00  82.00  137.00  3173.00  49.00
Cell [41,57]: 704.00  1140.00  207.00  144.00  114.00  212.00  143.00  141.00  789.00
Cell [41,58]: 791.00  3682.00  346.00  356.00  74.00  6.00  125.00  53.00  57.00
Cell [41,59]: 173.00  543.00  664.00  63.00  24.00  0.00  47.00  17.00  58.00
Cell [41,60]: 67.00  182.00  4329.00  273.00  667.00  12.00  0.00  0.00  48.00
Cell [41,61]: 0.00  20.00  46.00  0.00  113.00  474.00  2752.00  1796.00  61.00
Cell [41,62]: 26.00  5.00  0.00  3.00  8.00  7.00  698.00  1182.00  106.00
Cell [41,63]: 0.00  0.00  0.00  0.00  27.00  239.00  1313.00  4810.00  104.00
Cell [41,64]: 0.00  4817.00  725.00  452.00  556.00  40.00  10.00  0.00  3.00
Cell [41,65]: 111.00  1576.00  449.00  88.00  37.00  0.00  10.00  30.00  36.00
Cell [41,66]: 12.00  1898.00  1901.00  54.00  0.00  13.00  0.00  6.00  10.00
Cell [41,67]: 70.00  127.00  388.00  248.00  230.00  596.00  3229.00  551.00  12.00
Cell [41,68]: 90.00  6.00  0.00  14.00  42.00  103.00  928.00  944.00  298.00
Cell [41,69]: 0.00  27.00  0.00  11.00  138.00  139.00  789.00  4088.00  172.00
Cell [41,70]: 1365.00  383.00  150.00  113.00  205.00  404.00  383.00  2568.00  602.00
Cell [41,71]: 71.00  4929.00  462.00  284.00  478.00  89.00  430.00  766.00  94.00
Cell [41,72]: 614.00  1231.00  461.00  66.00  48.00  23.00  43.00  102.00  996.00
Cell [41,73]: 15.00  31.00  0.00  6.00  17.00  0.00  108.00  603.00  119.00
Cell [41,74]: 0.00  0.00  41.00  171.00  371.00  207.00  198.00  40.00  0.00
Cell [41,75]: 127.00  327.00  172.00  180.00  29.00  0.00  0.00  0.00  0.00
Cell [41,76]: 88.00  175.00  40.00  24.00  11.00  8.00  16.00  13.00  13.00
Cell [41,77]: 13.00  15.00  1.00  0.00  0.00  0.00  3.00  60.00  41.00
Cell [41,78]: 15.00  17.00  14.00  16.00  21.00  28.00  38.00  15.00  30.00
Cell [41,79]: 66.00  44.00  28.00  31.00  10.00  26.00  34.00  101.00  91.00
Cell [41,80]: 102.00  21.00  25.00  26.00  5.00  9.00  28.00  78.00  131.00
Cell [41,81]: 13.00  0.00  2.00  0.00  0.00  39.00  101.00  214.00  94.00
Cell [41,82]: 90.00  158.00  19.00  0.00  0.00  20.00  58.00  119.00  50.00
Cell [41,83]: 345.00  24.00  15.00  0.00  7.00  1.00  6.00  2.00  48.00
Cell [41,84]: 502.00  42.00  2.00  0.00  4.00  0.00  0.00  7.00  75.00
Cell [41,85]: 462.00  79.00  45.00  12.00  0.00  0.00  0.00  0.00  384.00
Cell [41,86]: 33.00  44.00  157.00  127.00  41.00  25.00  10.00  21.00  24.00
Cell [41,87]: 122.00  23.00  6.00  55.00  14.00  46.00  3.00  76.00  436.00
Cell [41,88]: 0.00  0.00  0.00  0.00  0.00  0.00  0.00  0.00  888.00
Cell [41,89]: 37.00  41.00  22.00  3.00  0.00  7.00  2.00  50.00  83.00
Cell [41,90]: 57.00  60.00  15.00  24.00  21.00  11.00  1.00  0.00  2.00
Cell [41,91]: 198.00  0.00  0.00  0.00  0.00  3.00  15.00  30.00  108.00
Cell [41,92]: 3079.00  0.00  1.00  0.00  0.00  0.00  0.00  0.00  85.00
Cell [41,93]: 734.00  66.00  27.00  31.00  3.00  6.00  10.00  0.00  93.00
Cell [41,94]: 1970.00  110.00  0.00  0.00  1.00  0.00  0.00  43.00  520.00
Cell [41,95]: 435.00  57.00  0.00  0.00  0.00  0.00  0.00  1.00  2.00
Cell [41,96]: 51.00  73.00  3.00  11.00  3.00  7.00  13.00  43.00  33.00
Cell [41,97]: 134.00  44.00  1.00  0.00  3.00  11.00  43.00  21.00  99.00
Cell [41,98]: 110.00  55.00  0.00  19.00  30.00  4.00  32.00  51.00  38.00
Cell [41,99]: 12.00  6.00  7.00  4.00  1.00  7.00  8.00  8.00  7.00
Cell [41,100]: 16.00  51.00  5.00  3.00  0.00  1.00  4.00  6.00  20.00
Cell [41,101]: 8.00  5.00  2.00  1.00  2.00  1.00  2.00  2.00  10.00
Cell [41,102]: 4.00  13.00  5.00  0.00  4.00  4.00  13.00  6.00  0.00
Cell [41,103]: 1206.00  1001.00  4.00  3.00  7.00  10.00  5.00  1.00  341.00
Cell [41,104]: 258.00  1403.00  313.00  63.00  54.00  35.00  125.00  927.00  436.00
Cell [41,105]: 4.00  0.00  11.00  0.00  3.00  52.00  259.00  1986.00  146.00
Cell [41,106]: 102.00  1403.00  1312.00  386.00  228.00  490.00  948.00  1498.00  0.00
Cell [41,107]: 0.00  2383.00  831.00  72.00  0.00  10.00  0.00  0.00  65.00
Cell [41,108]: 535.00  0.00  27.00  67.00  98.00  0.00  266.00  1771.00  2433.00
Cell [41,109]: 127.00  9.00  0.00  0.00  13.00  14.00  10.00  84.00  55.00
Cell [41,110]: 2.00  1.00  3.00  13.00  5.00  6.00  7.00  3.00  2.00
Cell [41,111]: 4.00  10.00  5.00  6.00  10.00  17.00  8.00  11.00  6.00
Cell [41,112]: 12.00  6.00  6.00  9.00  7.00  16.00  19.00  6.00  6.00
Cell [41,113]: 2.00  7.00  17.00  21.00  16.00  12.00  6.00  4.00  4.00
Cell [41,114]: 57.00  66.00  34.00  15.00  6.00  4.00  1.00  43.00  1.00
Cell [41,115]: 145.00  212.00  6.00  0.00  0.00  0.00  2.00  102.00  637.00
Cell [41,116]: 264.00  0.00  0.00  0.00  0.00  0.00  0.00  0.00  467.00
Cell [41,117]: 162.00  52.00  3.00  0.00  0.00  0.00  1.00  0.00  604.00
Cell [41,118]: 1787.00  28.00  19.00  0.00  0.00  0.00  0.00  0.00  2669.00
Cell [41,119]: 876.00  11.00  16.00  0.00  0.00  0.00  9.00  10.00  885.00
Cell [41,120]: 750.00  15.00  14.00  0.00  0.00  24.00  10.00  40.00  1151.00
Cell [41,121]: 120.00  5.00  147.00  76.00  25.00  15.00  25.00  0.00  2159.00
Cell [41,122]: 0.00  7.00  18.00  11.00  21.00  98.00  13.00  16.00  262.00
Cell [41,123]: 0.00  4.00  39.00  21.00  52.00  31.00  4.00  0.00  0.00
Cell [41,124]: 109.00  20.00  0.00  0.00  0.00  0.00  0.00  39.00  88.00
Cell [41,125]: 6.00  0.00  0.00  0.00  3.00  47.00  65.00  7.00  4.00
Cell [41,126]: 5.00  8.00  4.00  1.00  0.00  8.00  62.00  14.00  10.00
Cell [41,127]: 40.00  15.00  11.00  5.00  3.00  0.00  0.00  2.00  3.00
Cell [42,0]: 17.00  0.00  0.00  0.00  0.00  15.00  44.00  80.00  74.00
Cell [42,1]: 40.00  12.00  0.00  0.00  1.00  0.00  20.00  11.00  30.00
Cell [42,2]: 2.00  13.00  28.00  38.00  13.00  0.00  0.00  0.00  0.00
Cell [42,3]: 69.00  50.00  47.00  14.00  0.00  0.00  0.00  0.00  0.00
Cell [42,4]: 152.00  60.00  0.00  0.00  0.00  0.00  0.00  0.00  7.00
Cell [42,5]: 23.00  1.00  0.00  0.00  0.00  0.00  0.00  0.00  369.00
Cell [42,6]: 164.00  0.00  0.00  0.00  0.00  0.00  0.00  0.00  1012.00
Cell [42,7]: 266.00  68.00  11.00  0.00  0.00  0.00  0.00  0.00  189.00
Cell [42,8]: 15.00  31.00  118.00  36.00  10.00  0.00  0.00  0.00  6.00
Cell [42,9]: 1.00  3.00  3.00  6.00  31.00  50.00  15.00  19.00  4.00
Cell [42,10]: 29.00  16.00  7.00  3.00  2.00  2.00  9.00  54.00  40.00
Cell [42,11]: 87.00  68.00  7.00  1.00  0.00  0.00  0.00  0.00  4.00
Cell [42,12]: 3440.00  10.00  1.00  0.00  0.00  0.00  0.00  0.00  0.00
Cell [42,13]: 2.00  11.00  2.00  2.00  2.00  4.00  2.00  7.00  3.00
Cell [42,14]: 42.00  1.00  0.00  0.00  0.00  0.00  0.00  1.00  38.00
Cell [42,15]: 46.00  1.00  0.00  0.00  0.00  0.00  0.00  0.00  88.00
Cell [42,16]: 69.00  0.00  0.00  0.00  0.00  0.00  3.00  8.00  52.00
Cell [42,17]: 5.00  0.00  0.00  0.00  5.00  1.00  2.00  4.00  4.00
Cell [42,18]: 0.00  2.00  3.00  2.00  12.00  6.00  5.00  0.00  0.00
Cell [42,19]: 1.00  11.00  3.00  0.00  1.00  0.00  1.00  4.00  2.00
Cell [42,20]: 35.00  9.00  1.00  2.00  2.00  2.00  4.00  3.00  79.00
Cell [42,21]: 55.00  21.00  2.00  5.00  1.00  2.00  0.00  3.00  130.00
Cell [42,22]: 10.00  3.00  1.00  0.00  0.00  1.00  5.00  26.00  13.00
Cell [42,23]: 4262.00  17.00  1.00  2.00  1.00  1.00  1.00  8.00  1.00
Cell [42,24]: 1906.00  22.00  0.00  0.00  0.00  0.00  0.00  0.00  149.00
Cell [42,25]: 199.00  2.00  0.00  0.00  0.00  0.00  0.00  0.00  395.00
Cell [42,26]: 13.00  10.00  10.00  6.00  2.00  6.00  2.00  2.00  4.00
Cell [42,27]: 9.00  9.00  6.00  1.00  3.00  5.00  7.00  15.00  8.00
Cell [42,28]: 11.00  1.00  1.00  1.00  0.00  0.00  5.00  69.00  505.00
Cell [42,29]: 54.00  30.00  68.00  6.00  0.00  0.00  0.00  0.00  2677.00
Cell [42,30]: 18.00  13.00  36.00  15.00  15.00  5.00  7.00  8.00  22.00
Cell [42,31]: 36.00  79.00  46.00  36.00  14.00  0.00  0.00  0.00  4.00
Cell [42,32]: 105.00  28.00  18.00  15.00  6.00  6.00  5.00  8.00  39.00
Cell [42,33]: 0.00  137.00  304.00  23.00  0.00  0.00  0.00  0.00  0.00
Cell [42,34]: 0.00  0.00  38.00  386.00  171.00  0.00  0.00  0.00  0.00
Cell [42,35]: 0.00  0.00  43.00  377.00  96.00  0.00  0.00  0.00  0.00
Cell [42,36]: 0.00  4.00  11.00  47.00  137.00  154.00  0.00  0.00  0.00
Cell [42,37]: 55.00  127.00  173.00  24.00  0.00  0.00  0.00  0.00  0.00
Cell [42,38]: 6.00  12.00  46.00  19.00  7.00  14.00  59.00  67.00  18.00
Cell [42,39]: 18.00  20.00  7.00  6.00  3.00  16.00  28.00  4.00  7.00
Cell [42,40]: 654.00  5.00  7.00  1.00  0.00  1.00  2.00  13.00  413.00
Cell [42,41]: 5.00  2.00  3.00  5.00  8.00  23.00  119.00  27.00  31.00
Cell [42,42]: 0.00  0.00  0.00  0.00  0.00  30.00  288.00  82.00  63.00
Cell [42,43]: 24.00  23.00  16.00  22.00  12.00  40.00  14.00  16.00  19.00
Cell [42,44]: 10.00  62.00  55.00  16.00  5.00  0.00  0.00  0.00  0.00
Cell [42,45]: 4.00  50.00  14.00  8.00  27.00  33.00  9.00  8.00  4.00
Cell [42,46]: 150.00  140.00  0.00  0.00  0.00  0.00  0.00  0.00  14.00
Cell [42,47]: 100.00  13.00  0.00  0.00  0.00  0.00  0.00  12.00  83.00
Cell [42,48]: 431.00  0.00  0.00  0.00  0.00  0.00  0.00  0.00  456.00
Cell [42,49]: 308.00  0.00  0.00  0.00  0.00  0.00  0.00  18.00  842.00
Cell [42,50]: 14.00  16.00  6.00  5.00  4.00  0.00  8.00  9.00  28.00
Cell [42,51]: 5.00  17.00  26.00  27.00  48.00  27.00  13.00  56.00  38.00
Cell [42,52]: 40.00  5.00  3.00  1.00  3.00  101.00  118.00  53.00  61.00
Cell [42,53]: 163.00  68.00  2.00  4.00  7.00  3.00  3.00  11.00  12.00
Cell [42,54]: 85.00  59.00  20.00  17.00  15.00  32.00  16.00  0.00  0.00
Cell [42,55]: 351.00  49.00  21.00  65.00  46.00  89.00  205.00  953.00  883.00
Cell [42,56]: 36.00  14.00  0.00  64.00  350.00  146.00  482.00  557.00  429.00
Cell [42,57]: 269.00  499.00  380.00  217.00  114.00  121.00  82.00  95.00  377.00
Cell [42,58]: 925.00  846.00  341.00  240.00  39.00  43.00  7.00  88.00  246.00
Cell [42,59]: 0.00  1899.00  2640.00  66.00  37.00  31.00  41.00  64.00  15.00
Cell [42,60]: 48.00  2713.00  759.00  268.00  148.00  0.00  0.00  0.00  6.00
Cell [42,61]: 16.00  0.00  0.00  8.00  80.00  214.00  813.00  3028.00  56.00
Cell [42,62]: 0.00  0.00  9.00  31.00  32.00  16.00  2017.00  2120.00  65.00
Cell [42,63]: 6.00  22.00  0.00  67.00  31.00  330.00  920.00  818.00  102.00
Cell [42,64]: 49.00  761.00  1059.00  508.00  577.00  67.00  0.00  24.00  0.00
Cell [42,65]: 68.00  1375.00  1542.00  52.00  19.00  28.00  4.00  8.00  21.00
Cell [42,66]: 0.00  3171.00  1491.00  113.00  0.00  0.00  0.00  0.00  0.00
Cell [42,67]: 0.00  11.00  174.00  188.00  115.00  388.00  899.00  1400.00  0.00
Cell [42,68]: 0.00  7.00  17.00  0.00  3.00  42.00  2782.00  3171.00  0.00
Cell [42,69]: 47.00  36.00  22.00  4.00  15.00  16.00  369.00  1555.00  323.00
Cell [42,70]: 232.00  127.00  72.00  68.00  263.00  197.00  223.00  1255.00  429.00
Cell [42,71]: 108.00  508.00  392.00  298.00  509.00  278.00  402.00  216.00  45.00
Cell [42,72]: 1230.00  1012.00  94.00  289.00  126.00  130.00  115.00  219.00  122.00
Cell [42,73]: 54.00  117.00  40.00  0.00  0.00  0.00  33.00  363.00  762.00
Cell [42,74]: 10.00  14.00  11.00  20.00  41.00  11.00  17.00  33.00  25.00
Cell [42,75]: 112.00  27.00  15.00  12.00  29.00  19.00  4.00  4.00  25.00
Cell [42,76]: 70.00  110.00  15.00  2.00  4.00  0.00  1.00  10.00  103.00
Cell [42,77]: 21.00  43.00  307.00  148.00  0.00  0.00  0.00  0.00  0.00
Cell [42,78]: 0.00  0.00  28.00  165.00  218.00  115.00  0.00  0.00  0.00
Cell [42,79]: 0.00  124.00  215.00  102.00  53.00  60.00  0.00  0.00  0.00
Cell [42,80]: 29.00  27.00  33.00  86.00  56.00  36.00  146.00  0.00  16.00
Cell [42,81]: 74.00  137.00  131.00  61.00  0.00  0.00  9.00  16.00  45.00
Cell [42,82]: 80.00  21.00  3.00  33.00  23.00  7.00  34.00  110.00  79.00
Cell [42,83]: 100.00  87.00  92.00  15.00  13.00  4.00  7.00  9.00  27.00
Cell [42,84]: 153.00  90.00  3.00  3.00  3.00  26.00  51.00  17.00  51.00
Cell [42,85]: 91.00  5.00  0.00  0.00  0.00  6.00  5.00  14.00  806.00
Cell [42,86]: 0.00  0.00  568.00  73.00  11.00  5.00  5.00  16.00  0.00
Cell [42,87]: 75.00  0.00  0.00  94.00  0.00  14.00  48.00  108.00  1164.00
Cell [42,88]: 50.00  0.00  0.00  0.00  0.00  0.00  0.00  0.00  841.00
Cell [42,89]: 113.00  6.00  0.00  0.00  0.00  1.00  5.00  13.00  103.00
Cell [42,90]: 114.00  106.00  34.00  18.00  16.00  18.00  4.00  14.00  7.00
Cell [42,91]: 0.00  0.00  0.00  0.00  0.00  0.00  11.00  65.00  463.00
Cell [42,92]: 3180.00  14.00  0.00  0.00  1.00  0.00  0.00  6.00  141.00
Cell [42,93]: 1294.00  64.00  27.00  16.00  0.00  3.00  1.00  8.00  105.00
Cell [42,94]: 2885.00  49.00  0.00  0.00  0.00  0.00  0.00  1.00  243.00
Cell [42,95]: 250.00  35.00  1.00  0.00  0.00  0.00  0.00  0.00  93.00
Cell [42,96]: 240.00  4.00  0.00  0.00  0.00  0.00  0.00  0.00  8.00
Cell [42,97]: 252.00  111.00  4.00  0.00  2.00  0.00  0.00  6.00  50.00
Cell [42,98]: 1344.00  392.00  311.00  122.00  338.00  828.00  0.00  0.00  350.00
Cell [42,99]: 4.00  6.00  0.00  1.00  1.00  663.00  1722.00  315.00  10.00
Cell [42,100]: 44.00  8.00  0.00  1.00  11.00  103.00  214.00  9.00  27.00
Cell [42,101]: 10.00  1.00  1.00  1.00  7.00  13.00  1.00  6.00  11.00
Cell [42,102]: 2.00  4.00  9.00  6.00  7.00  4.00  4.00  13.00  7.00
Cell [42,103]: 509.00  352.00  397.00  51.00  176.00  90.00  23.00  1740.00  556.00
Cell [42,104]: 0.00  14.00  9.00  6.00  29.00  43.00  766.00  3228.00  224.00
Cell [42,105]: 48.00  10.00  20.00  16.00  36.00  51.00  747.00  649.00  113.00
Cell [42,106]: 146.00  851.00  237.00  355.00  350.00  252.00  185.00  220.00  335.00
Cell [42,107]: 74.00  1648.00  443.00  7.00  10.00  24.00  0.00  0.00  49.00
Cell [42,108]: 2144.00  1461.00  395.00  23.00  24.00  65.00  51.00  573.00  634.00
Cell [42,109]: 202.00  460.00  29.00  28.00  6.00  22.00  111.00  452.00  206.00
Cell [42,110]: 3.00  7.00  2.00  7.00  3.00  9.00  20.00  5.00  2.00
Cell [42,111]: 10.00  15.00  13.00  6.00  4.00  3.00  7.00  5.00  12.00
Cell [42,112]: 25.00  27.00  349.00  150.00  1.00  2.00  23.00  29.00  15.00
Cell [42,113]: 1.00  0.00  14.00  4648.00  54.00  13.00  2.00  1.00  0.00
Cell [42,114]: 203.00  3.00  10.00  772.00  1153.00  583.00  440.00  918.00  465.00
Cell [42,115]: 241.00  142.00  16.00  0.00  3.00  3.00  3.00  0.00  924.00
Cell [42,116]: 160.00  0.00  0.00  0.00  0.00  0.00  0.00  0.00  614.00
Cell [42,117]: 184.00  16.00  14.00  24.00  44.00  5.00  18.00  78.00  225.00
Cell [42,118]: 1598.00  14.00  32.00  0.00  8.00  0.00  9.00  43.00  2522.00
Cell [42,119]: 286.00  23.00  0.00  0.00  5.00  14.00  3.00  62.00  1474.00
Cell [42,120]: 602.00  5.00  0.00  0.00  4.00  0.00  6.00  139.00  1323.00
Cell [42,121]: 22.00  51.00  120.00  23.00  0.00  6.00  133.00  120.00  1555.00
Cell [42,122]: 0.00  14.00  20.00  12.00  14.00  47.00  30.00  0.00  677.00
Cell [42,123]: 0.00  0.00  0.00  2.00  5.00  10.00  62.00  34.00  0.00
Cell [42,124]: 52.00  48.00  28.00  6.00  0.00  0.00  0.00  4.00  12.00
Cell [42,125]: 2.00  5.00  5.00  2.00  5.00  8.00  15.00  3.00  0.00
Cell [42,126]: 0.00  0.00  0.00  0.00  0.00  0.00  23.00  136.00  27.00
Cell [42,127]: 3.00  0.00  0.00  0.00  3.00  3.00  7.00  49.00  63.00
Cell [43,0]: 223.00  24.00  2.00  0.00  0.00  0.00  0.00  0.00  0.00
Cell [43,1]: 118.00  31.00  0.00  0.00  0.00  0.00  0.00  0.00  3.00
Cell [43,2]: 35.00  60.00  11.00  24.00  3.00  0.00  0.00  1.00  0.00
Cell [43,3]: 24.00  30.00  32.00  5.00  0.00  0.00  0.00  2.00  33.00
Cell [43,4]: 116.00  27.00  0.00  0.00  0.00  0.00  0.00  0.00  39.00
Cell [43,5]: 157.00  11.00  0.00  1.00  0.00  0.00  0.00  2.00  201.00
Cell [43,6]: 950.00  0.00  0.00  0.00  0.00  0.00  0.00  0.00  361.00
Cell [43,7]: 497.00  108.00  46.00  0.00  0.00  0.00  0.00  0.00  0.00
Cell [43,8]: 0.00  112.00  135.00  35.00  9.00  0.00  0.00  0.00  0.00
Cell [43,9]: 0.00  0.00  0.00  0.00  50.00  75.00  79.00  39.00  0.00
Cell [43,10]: 5.00  20.00  19.00  8.00  7.00  9.00  11.00  10.00  9.00
Cell [43,11]: 425.00  0.00  0.00  0.00  0.00  0.00  6.00  65.00  50.00
Cell [43,12]: 3002.00  4.00  0.00  0.00  0.00  0.00  0.00  0.00  0.00
Cell [43,13]: 4.00  0.00  0.00  0.00  1.00  3.00  8.00  10.00  4.00
Cell [43,14]: 18.00  15.00  0.00  1.00  0.00  0.00  0.00  3.00  27.00
Cell [43,15]: 9.00  1.00  0.00  0.00  0.00  0.00  0.00  0.00  120.00
Cell [43,16]: 50.00  0.00  0.00  0.00  0.00  0.00  2.00  3.00  64.00
Cell [43,17]: 2.00  4.00  3.00  1.00  2.00  1.00  4.00  0.00  0.00
Cell [43,18]: 0.00  0.00  2.00  5.00  2.00  2.00  2.00  1.00  0.00
Cell [43,19]: 0.00  3.00  0.00  0.00  1.00  5.00  7.00  2.00  0.00
Cell [43,20]: 40.00  1.00  0.00  0.00  0.00  0.00  0.00  6.00  58.00
Cell [43,21]: 15.00  29.00  3.00  3.00  0.00  2.00  2.00  0.00  88.00
Cell [43,22]: 2.00  4.00  12.00  6.00  1.00  0.00  0.00  1.00  1.00
Cell [43,23]: 5669.00  73.00  4.00  0.00  0.00  0.00  1.00  2.00  5.00
Cell [43,24]: 407.00  82.00  6.00  0.00  0.00  0.00  0.00  0.00  140.00
Cell [43,25]: 262.00  0.00  0.00  0.00  0.00  0.00  0.00  0.00  320.00
Cell [43,26]: 8.00  3.00  2.00  1.00  2.00  0.00  7.00  9.00  24.00
Cell [43,27]: 31.00  4.00  1.00  1.00  4.00  2.00  0.00  8.00  48.00
Cell [43,28]: 25.00  0.00  2.00  0.00  0.00  1.00  10.00  32.00  73.00
Cell [43,29]: 17.00  0.00  1.00  4.00  3.00  2.00  0.00  21.00  3281.00
Cell [43,30]: 13.00  1.00  9.00  3.00  2.00  1.00  0.00  13.00  53.00
Cell [43,31]: 4.00  0.00  0.00  0.00  0.00  0.00  46.00  74.00  66.00
Cell [43,32]: 54.00  25.00  15.00  3.00  4.00  8.00  34.00  38.00  9.00
Cell [43,33]: 455.00  250.00  38.00  0.00  0.00  0.00  0.00  0.00  0.00
Cell [43,34]: 13.00  134.00  161.00  179.00  171.00  15.00  4.00  0.00  0.00
Cell [43,35]: 0.00  0.00  0.00  0.00  323.00  85.00  26.00  17.00  0.00
Cell [43,36]: 0.00  0.00  0.00  0.00  53.00  78.00  199.00  9.00  0.00
Cell [43,37]: 0.00  164.00  188.00  26.00  0.00  0.00  0.00  0.00  0.00
Cell [43,38]: 0.00  0.00  8.00  32.00  16.00  20.00  38.00  128.00  53.00
Cell [43,39]: 48.00  10.00  3.00  4.00  2.00  4.00  2.00  29.00  74.00
Cell [43,40]: 1164.00  0.00  5.00  12.00  8.00  0.00  0.00  4.00  73.00
Cell [43,41]: 2.00  3.00  0.00  0.00  5.00  36.00  68.00  77.00  13.00
Cell [43,42]: 323.00  17.00  0.00  0.00  0.00  0.00  0.00  3.00  61.00
Cell [43,43]: 9.00  3.00  5.00  5.00  1.00  2.00  5.00  9.00  16.00
Cell [43,44]: 156.00  26.00  8.00  9.00  9.00  0.00  0.00  0.00  70.00
Cell [43,45]: 7.00  46.00  11.00  2.00  8.00  7.00  25.00  38.00  2.00
Cell [43,46]: 185.00  83.00  29.00  0.00  0.00  0.00  0.00  0.00  0.00
Cell [43,47]: 17.00  26.00  36.00  21.00  12.00  4.00  0.00  16.00  50.00
Cell [43,48]: 401.00  0.00  0.00  0.00  0.00  0.00  0.00  0.00  525.00
Cell [43,49]: 1161.00  99.00  0.00  0.00  0.00  0.00  0.00  0.00  0.00
Cell [43,50]: 0.00  95.00  91.00  74.00  31.00  0.00  0.00  0.00  0.00
Cell [43,51]: 0.00  29.00  110.00  71.00  42.00  91.00  83.00  6.00  0.00
Cell [43,52]: 80.00  23.00  9.00  12.00  14.00  34.00  67.00  19.00  12.00
Cell [43,53]: 34.00  2.00  1.00  0.00  3.00  0.00  6.00  18.00  156.00
Cell [43,54]: 64.00  166.00  177.00  43.00  7.00  2.00  19.00  7.00  89.00
Cell [43,55]: 81.00  76.00  68.00  93.00  180.00  144.00  319.00  671.00  1561.00
Cell [43,56]: 226.00  160.00  54.00  24.00  30.00  26.00  107.00  762.00  588.00
Cell [43,57]: 253.00  817.00  137.00  14.00  44.00  0.00  34.00  12.00  163.00
Cell [43,58]: 313.00  2055.00  689.00  61.00  40.00  29.00  14.00  0.00  203.00
Cell [43,59]: 9.00  3008.00  1251.00  0.00  0.00  0.00  0.00  0.00  0.00
Cell [43,60]: 55.00  881.00  2162.00  319.00  449.00  0.00  0.00  15.00  55.00
Cell [43,61]: 5.00  16.00  0.00  50.00  134.00  321.00  1841.00  1546.00  5.00
Cell [43,62]: 0.00  0.00  0.00  0.00  0.00  0.00  2515.00  2180.00  9.00
Cell [43,63]: 27.00  32.00  0.00  27.00  37.00  171.00  1835.00  1217.00  45.00
Cell [43,64]: 60.00  518.00  1590.00  196.00  55.00  89.00  24.00  11.00  5.00
Cell [43,65]: 0.00  3309.00  1662.00  0.00  0.00  0.00  0.00  0.00  5.00
Cell [43,66]: 33.00  1777.00  1340.00  9.00  0.00  0.00  3.00  0.00  0.00
Cell [43,67]: 41.00  103.00  574.00  459.00  88.00  511.00  2041.00  134.00  20.00
Cell [43,68]: 9.00  3.00  0.00  0.00  0.00  189.00  1443.00  2210.00  10.00
Cell [43,69]: 62.00  14.00  28.00  31.00  0.00  35.00  1183.00  3541.00  183.00
Cell [43,70]: 11.00  14.00  80.00  30.00  2.00  50.00  102.00  1779.00  255.00
Cell [43,71]: 739.00  969.00  39.00  147.00  89.00  111.00  309.00  906.00  370.00
Cell [43,72]: 2622.00  1423.00  331.00  10.00  36.00  0.00  0.00  72.00  62.00
Cell [43,73]: 533.00  207.00  648.00  189.00  197.00  158.00  6.00  10.00  1198.00
Cell [43,74]: 176.00  13.00  0.00  0.00  3.00  2.00  4.00  26.00  85.00
Cell [43,75]: 28.00  18.00  18.00  12.00  30.00  18.00  13.00  7.00  19.00
Cell [43,76]: 182.00  224.00  19.00  2.00  0.00  2.00  5.00  11.00  30.00
Cell [43,77]: 87.00  315.00  509.00  14.00  0.00  0.00  0.00  0.00  0.00
Cell [43,78]: 0.00  0.00  39.00  163.00  262.00  309.00  45.00  8.00  0.00
Cell [43,79]: 0.00  0.00  25.00  287.00  103.00  48.00  35.00  29.00  22.00
Cell [43,80]: 8.00  65.00  24.00  12.00  16.00  22.00  61.00  70.00  105.00
Cell [43,81]: 0.00  282.00  85.00  8.00  22.00  0.00  0.00  0.00  0.00
Cell [43,82]: 6.00  3.00  0.00  5.00  7.00  21.00  71.00  173.00  56.00
Cell [43,83]: 78.00  78.00  22.00  3.00  8.00  8.00  0.00  12.00  46.00
Cell [43,84]: 97.00  13.00  28.00  26.00  33.00  18.00  91.00  80.00  99.00
Cell [43,85]: 43.00  16.00  8.00  13.00  24.00  8.00  33.00  138.00  294.00
Cell [43,86]: 68.00  188.00  177.00  0.00  0.00  0.00  0.00  6.00  72.00
Cell [43,87]: 315.00  0.00  0.00  12.00  0.00  0.00  1.00  0.00  1405.00
Cell [43,88]: 847.00  0.00  0.00  0.00  0.00  0.00  0.00  0.00  52.00
Cell [43,89]: 133.00  21.00  7.00  2.00  1.00  1.00  0.00  4.00  89.00
Cell [43,90]: 88.00  1.00  1.00  0.00  2.00  0.00  11.00  56.00  138.00
Cell [43,91]: 288.00  3.00  0.00  0.00  0.00  0.00  0.00  0.00  234.00
Cell [43,92]: 3183.00  0.00  3.00  0.00  0.00  2.00  4.00  0.00  69.00
Cell [43,93]: 1735.00  26.00  0.00  6.00  4.00  0.00  0.00  1.00  46.00
Cell [43,94]: 2152.00  65.00  4.00  0.00  0.00  0.00  0.00  0.00  249.00
Cell [43,95]: 92.00  132.00  31.00  5.00  3.00  0.00  2.00  0.00  21.00
Cell [43,96]: 85.00  2.00  2.00  0.00  0.00  0.00  0.00  6.00  136.00
Cell [43,97]: 936.00  2.00  0.00  0.00  1.00  0.00  0.00  2.00  143.00
Cell [43,98]: 793.00  171.00  0.00  33.00  0.00  27.00  0.00  65.00  1620.00
Cell [43,99]: 1009.00  336.00  82.00  61.00  0.00  138.00  650.00  337.00  689.00
Cell [43,100]: 329.00  1241.00  634.00  266.00  204.00  7.00  253.00  103.00  140.00
Cell [43,101]: 2.00  0.00  64.00  176.00  356.00  2430.00  122.00  3.00  0.00
Cell [43,102]: 252.00  454.00  21.00  2.00  161.00  271.00  297.00  89.00  17.00
Cell [43,103]: 981.00  897.00  510.00  83.00  401.00  142.00  805.00  2048.00  159.00
Cell [43,104]: 19.00  0.00  1.00  0.00  0.00  0.00  309.00  5670.00  38.00
Cell [43,105]: 3.00  0.00  0.00  4.00  0.00  5.00  397.00  3112.00  115.00
Cell [43,106]: 56.00  877.00  120.00  113.00  153.00  180.00  163.00  580.00  95.00
Cell [43,107]: 116.00  2861.00  1450.00  9.00  0.00  8.00  4.00  16.00  0.00
Cell [43,108]: 134.00  4835.00  1139.00  20.00  28.00  7.00  14.00  0.00  38.00
Cell [43,109]: 72.00  169.00  761.00  498.00  142.00  134.00  158.00  380.00  574.00
Cell [43,110]: 4.00  14.00  492.00  797.00  231.00  9.00  9.00  1.00  5.00
Cell [43,111]: 0.00  0.00  116.00  3023.00  1016.00  449.00  192.00  7.00  5.00
Cell [43,112]: 357.00  645.00  1235.00  667.00  62.00  70.00  581.00  1962.00  470.00
Cell [43,113]: 1028.00  193.00  629.00  815.00  110.00  123.00  85.00  1149.00  152.00
Cell [43,114]: 1549.00  583.00  0.00  34.00  31.00  0.00  33.00  6.00  1608.00
Cell [43,115]: 207.00  16.00  4.00  6.00  0.00  0.00  0.00  14.00  2065.00
Cell [43,116]: 434.00  0.00  0.00  0.00  0.00  0.00  0.00  0.00  205.00
Cell [43,117]: 139.00  11.00  0.00  0.00  15.00  16.00  55.00  42.00  189.00
Cell [43,118]: 1598.00  5.00  0.00  0.00  0.00  1.00  0.00  0.00  3180.00
Cell [43,119]: 312.00  0.00  0.00  0.00  0.00  0.00  0.00  22.00  1707.00
Cell [43,120]: 648.00  16.00  0.00  2.00  2.00  0.00  20.00  77.00  742.00
Cell [43,121]: 189.00  53.00  14.00  28.00  30.00  50.00  184.00  164.00  1251.00
Cell [43,122]: 17.00  10.00  3.00  0.00  0.00  5.00  15.00  15.00  1231.00
Cell [43,123]: 0.00  6.00  5.00  7.00  2.00  6.00  12.00  44.00  46.00
Cell [43,124]: 0.00  125.00  72.00  7.00  0.00  0.00  0.00  0.00  0.00
Cell [43,125]: 4.00  2.00  1.00  5.00  12.00  15.00  18.00  44.00  100.00
Cell [43,126]: 5.00  1.00  1.00  0.00  2.00  1.00  25.00  90.00  28.00
Cell [43,127]: 23.00  0.00  0.00  0.00  1.00  3.00  5.00  86.00  52.00
Cell [44,0]: 64.00  113.00  19.00  12.00  0.00  0.00  0.00  0.00  0.00
Cell [44,1]: 66.00  132.00  0.00  0.00  0.00  0.00  0.00  0.00  0.00
Cell [44,2]: 25.00  87.00  11.00  1.00  1.00  5.00  4.00  12.00  0.00
Cell [44,3]: 33.00  9.00  5.00  0.00  2.00  0.00  5.00  1.00  7.00
Cell [44,4]: 57.00  0.00  0.00  0.00  0.00  0.00  0.00  0.00  161.00
Cell [44,5]: 290.00  1.00  0.00  0.00  0.00  0.00  0.00  1.00  110.00
Cell [44,6]: 1044.00  0.00  0.00  0.00  0.00  0.00  0.00  0.00  283.00
Cell [44,7]: 139.00  13.00  0.00  0.00  0.00  0.00  0.00  105.00  470.00
Cell [44,8]: 42.00  54.00  0.00  0.00  0.00  0.00  18.00  62.00  41.00
Cell [44,9]: 39.00  26.00  3.00  5.00  5.00  3.00  5.00  16.00  41.00
Cell [44,10]: 3.00  2.00  4.00  3.00  16.00  14.00  9.00  6.00  3.00
Cell [44,11]: 1531.00  0.00  0.00  0.00  0.00  0.00  2.00  27.00  97.00
Cell [44,12]: 1959.00  3.00  0.00  0.00  1.00  0.00  0.00  0.00  3.00
Cell [44,13]: 4.00  5.00  0.00  0.00  0.00  6.00  2.00  3.00  12.00
Cell [44,14]: 6.00  7.00  5.00  1.00  2.00  0.00  0.00  0.00  1.00
Cell [44,15]: 2.00  0.00  0.00  0.00  0.00  0.00  2.00  8.00  100.00
Cell [44,16]: 41.00  6.00  1.00  1.00  0.00  0.00  1.00  5.00  62.00
Cell [44,17]: 4.00  8.00  2.00  0.00  0.00  2.00  3.00  4.00  2.00
Cell [44,18]: 1.00  4.00  4.00  2.00  3.00  1.00  2.00  6.00  0.00
Cell [44,19]: 0.00  0.00  0.00  0.00  3.00  6.00  2.00  5.00  2.00
Cell [44,20]: 53.00  0.00  0.00  0.00  0.00  1.00  2.00  11.00  31.00
Cell [44,21]: 61.00  2.00  0.00  1.00  1.00  0.00  1.00  4.00  45.00
Cell [44,22]: 83.00  5.00  4.00  7.00  3.00  2.00  1.00  1.00  0.00
Cell [44,23]: 5865.00  81.00  7.00  0.00  0.00  0.00  0.00  0.00  2.00
Cell [44,24]: 44.00  20.00  5.00  7.00  5.00  5.00  0.00  37.00  231.00
Cell [44,25]: 344.00  37.00  0.00  0.00  0.00  0.00  0.00  0.00  275.00
Cell [44,26]: 6.00  6.00  5.00  3.00  20.00  6.00  1.00  3.00  3.00
Cell [44,27]: 21.00  5.00  7.00  9.00  9.00  4.00  7.00  2.00  18.00
Cell [44,28]: 13.00  9.00  5.00  2.00  4.00  5.00  6.00  14.00  27.00
Cell [44,29]: 18.00  0.00  1.00  0.00  0.00  3.00  2.00  3.00  3326.00
Cell [44,30]: 1.00  4.00  22.00  56.00  27.00  7.00  3.00  3.00  0.00
Cell [44,31]: 0.00  0.00  0.00  8.00  69.00  82.00  108.00  0.00  0.00
Cell [44,32]: 12.00  20.00  29.00  25.00  24.00  41.00  141.00  0.00  0.00
Cell [44,33]: 617.00  61.00  0.00  0.00  0.00  0.00  0.00  0.00  94.00
Cell [44,34]: 95.00  18.00  77.00  65.00  26.00  22.00  14.00  51.00  87.00
Cell [44,35]: 9.00  16.00  28.00  74.00  39.00  22.00  52.00  3.00  1.00
Cell [44,36]: 2.00  2.00  2.00  4.00  18.00  29.00  80.00  22.00  4.00
Cell [44,37]: 28.00  198.00  72.00  45.00  0.00  0.00  0.00  0.00  0.00
Cell [44,38]: 0.00  0.00  0.00  8.00  24.00  19.00  18.00  113.00  168.00
Cell [44,39]: 1.00  0.00  7.00  8.00  12.00  3.00  19.00  143.00  128.00
Cell [44,40]: 910.00  29.00  6.00  3.00  0.00  0.00  0.00  0.00  458.00
Cell [44,41]: 12.00  5.00  3.00  6.00  6.00  17.00  116.00  150.00  24.00
Cell [44,42]: 309.00  85.00  19.00  3.00  14.00  4.00  20.00  0.00  0.00
Cell [44,43]: 4.00  14.00  18.00  10.00  3.00  28.00  36.00  3.00  1.00
Cell [44,44]: 81.00  231.00  12.00  6.00  0.00  0.00  0.00  0.00  0.00
Cell [44,45]: 15.00  6.00  2.00  4.00  3.00  9.00  22.00  22.00  13.00
Cell [44,46]: 97.00  0.00  0.00  0.00  0.00  0.00  1.00  14.00  165.00
Cell [44,47]: 51.00  27.00  5.00  6.00  3.00  0.00  0.00  24.00  118.00
Cell [44,48]: 576.00  0.00  0.00  0.00  0.00  0.00  0.00  0.00  509.00
Cell [44,49]: 974.00  12.00  0.00  0.00  0.00  0.00  0.00  0.00  367.00
Cell [44,50]: 22.00  109.00  87.00  25.00  0.00  0.00  0.00  26.00  27.00
Cell [44,51]: 34.00  68.00  5.00  3.00  0.00  9.00  4.00  60.00  55.00
Cell [44,52]: 5.00  7.00  29.00  4.00  8.00  15.00  15.00  81.00  51.00
Cell [44,53]: 26.00  3.00  12.00  11.00  0.00  11.00  13.00  34.00  157.00
Cell [44,54]: 455.00  949.00  9.00  0.00  0.00  20.00  421.00  235.00  466.00
Cell [44,55]: 31.00  3.00  0.00  192.00  0.00  0.00  258.00  2187.00  2256.00
Cell [44,56]: 190.00  550.00  191.00  178.00  135.00  252.00  233.00  903.00  504.00
Cell [44,57]: 683.00  1010.00  159.00  133.00  103.00  178.00  202.00  198.00  176.00
Cell [44,58]: 380.00  3098.00  265.00  115.00  39.00  0.00  0.00  0.00  48.00
Cell [44,59]: 58.00  1088.00  2222.00  207.00  34.00  9.00  0.00  9.00  0.00
Cell [44,60]: 30.00  1121.00  4309.00  276.00  590.00  0.00  0.00  0.00  9.00
Cell [44,61]: 0.00  0.00  0.00  0.00  45.00  111.00  2261.00  3471.00  89.00
Cell [44,62]: 8.00  0.00  0.00  10.00  0.00  0.00  542.00  2509.00  45.00
Cell [44,63]: 0.00  0.00  34.00  0.00  17.00  91.00  1275.00  3661.00  42.00
Cell [44,64]: 63.00  2586.00  1337.00  411.00  302.00  314.00  0.00  0.00  0.00
Cell [44,65]: 102.00  1774.00  830.00  58.00  10.00  8.00  0.00  0.00  8.00
Cell [44,66]: 0.00  2794.00  3207.00  0.00  0.00  4.00  0.00  0.00  0.00
Cell [44,67]: 0.00  93.00  694.00  447.00  115.00  520.00  2414.00  974.00  24.00
Cell [44,68]: 0.00  0.00  0.00  0.00  9.00  21.00  297.00  3946.00  78.00
Cell [44,69]: 0.00  0.00  0.00  19.00  0.00  16.00  1327.00  2503.00  263.00
Cell [44,70]: 48.00  27.00  181.00  117.00  258.00  410.00  129.00  2194.00  274.00
Cell [44,71]: 142.00  439.00  426.00  459.00  291.00  111.00  338.00  1604.00  42.00
Cell [44,72]: 4451.00  2197.00  46.00  0.00  0.00  0.00  17.00  0.00  0.00
Cell [44,73]: 1065.00  595.00  624.00  119.00  214.00  306.00  305.00  559.00  105.00
Cell [44,74]: 29.00  16.00  10.00  18.00  43.00  63.00  19.00  31.00  23.00
Cell [44,75]: 0.00  0.00  0.00  0.00  0.00  120.00  132.00  15.00  9.00
Cell [44,76]: 60.00  33.00  12.00  22.00  60.00  16.00  4.00  11.00  253.00
Cell [44,77]: 335.00  88.00  0.00  0.00  0.00  9.00  10.00  48.00  603.00
Cell [44,78]: 51.00  122.00  237.00  67.00  27.00  11.00  11.00  20.00  26.00
Cell [44,79]: 6.00  4.00  19.00  20.00  10.00  23.00  52.00  156.00  13.00
Cell [44,80]: 2.00  33.00  41.00  21.00  12.00  40.00  119.00  125.00  11.00
Cell [44,81]: 0.00  335.00  71.00  20.00  9.00  0.00  2.00  3.00  0.00
Cell [44,82]: 11.00  0.00  0.00  0.00  0.00  16.00  67.00  97.00  347.00
Cell [44,83]: 47.00  13.00  8.00  2.00  1.00  10.00  16.00  200.00  146.00
Cell [44,84]: 229.00  105.00  1.00  7.00  8.00  7.00  0.00  95.00  154.00
Cell [44,85]: 231.00  56.00  29.00  0.00  5.00  5.00  14.00  10.00  251.00
Cell [44,86]: 8.00  5.00  0.00  0.00  17.00  53.00  61.00  218.00  59.00
Cell [44,87]: 1419.00  78.00  1.00  40.00  0.00  0.00  0.00  0.00  206.00
Cell [44,88]: 516.00  0.00  0.00  0.00  0.00  0.00  0.00  0.00  394.00
Cell [44,89]: 69.00  5.00  0.00  0.00  0.00  0.00  1.00  19.00  147.00
Cell [44,90]: 0.00  0.00  0.00  18.00  22.00  15.00  38.00  90.00  91.00
Cell [44,91]: 190.00  190.00  76.00  5.00  0.00  0.00  0.00  0.00  5.00
Cell [44,92]: 3126.00  0.00  10.00  0.00  0.00  0.00  5.00  5.00  48.00
Cell [44,93]: 1534.00  30.00  5.00  0.00  0.00  0.00  16.00  58.00  204.00
Cell [44,94]: 1908.00  75.00  6.00  0.00  0.00  0.00  1.00  8.00  56.00
Cell [44,95]: 146.00  5.00  0.00  0.00  0.00  0.00  0.00  11.00  99.00
Cell [44,96]: 21.00  4.00  0.00  0.00  1.00  0.00  3.00  29.00  91.00
Cell [44,97]: 1732.00  0.00  0.00  0.00  2.00  0.00  2.00  3.00  241.00
Cell [44,98]: 224.00  186.00  16.00  0.00  10.00  57.00  173.00  1057.00  1800.00
Cell [44,99]: 196.00  2891.00  288.00  33.00  123.00  202.00  62.00  56.00  40.00
Cell [44,100]: 0.00  1245.00  2875.00  345.00  7.00  0.00  5.00  0.00  0.00
Cell [44,101]: 522.00  2935.00  172.00  447.00  554.00  147.00  253.00  92.00  78.00
Cell [44,102]: 352.00  720.00  648.00  513.00  472.00  384.00  251.00  1801.00  753.00
Cell [44,103]: 125.00  658.00  188.00  69.00  73.00  184.00  1062.00  724.00  267.00
Cell [44,104]: 6.00  17.00  0.00  0.00  0.00  4.00  247.00  6038.00  30.00
Cell [44,105]: 0.00  0.00  21.00  0.00  0.00  8.00  535.00  4979.00  24.00
Cell [44,106]: 83.00  500.00  1636.00  199.00  306.00  141.00  407.00  957.00  18.00
Cell [44,107]: 29.00  4989.00  827.00  30.00  0.00  0.00  0.00  9.00  14.00
Cell [44,108]: 10.00  4243.00  2052.00  201.00  67.00  65.00  0.00  62.00  112.00
Cell [44,109]: 197.00  439.00  177.00  1274.00  2216.00  433.00  268.00  345.00  209.00
Cell [44,110]: 525.00  2147.00  336.00  782.00  599.00  415.00  280.00  1218.00  254.00
Cell [44,111]: 115.00  61.00  145.00  242.00  29.00  408.00  634.00  3323.00  48.00
Cell [44,112]: 0.00  0.00  0.00  0.00  0.00  35.00  346.00  6201.00  0.00
Cell [44,113]: 421.00  129.00  115.00  283.00  176.00  111.00  339.00  2549.00  170.00
Cell [44,114]: 2198.00  2214.00  162.00  12.00  0.00  0.00  151.00  133.00  1030.00
Cell [44,115]: 458.00  0.00  0.00  0.00  0.00  0.00  0.00  12.00  2341.00
Cell [44,116]: 108.00  0.00  0.00  0.00  0.00  0.00  0.00  82.00  487.00
Cell [44,117]: 206.00  22.00  0.00  1.00  0.00  1.00  0.00  8.00  156.00
Cell [44,118]: 2368.00  3.00  2.00  1.00  0.00  0.00  0.00  83.00  1456.00
Cell [44,119]: 193.00  8.00  3.00  0.00  0.00  0.00  0.00  0.00  1564.00
Cell [44,120]: 228.00  95.00  0.00  0.00  0.00  2.00  2.00  135.00  825.00
Cell [44,121]: 600.00  163.00  102.00  35.00  153.00  23.00  40.00  56.00  705.00
Cell [44,122]: 0.00  0.00  3.00  1.00  0.00  0.00  9.00  31.00  1582.00
Cell [44,123]: 19.00  7.00  1.00  1.00  3.00  2.00  4.00  35.00  49.00
Cell [44,124]: 68.00  18.00  6.00  0.00  5.00  3.00  9.00  59.00  33.00
Cell [44,125]: 165.00  32.00  9.00  11.00  0.00  2.00  0.00  4.00  75.00
Cell [44,126]: 46.00  19.00  0.00  5.00  3.00  0.00  9.00  17.00  111.00
Cell [44,127]: 130.00  16.00  11.00  7.00  0.00  0.00  0.00  0.00  87.00
Cell [45,0]: 23.00  53.00  22.00  8.00  0.00  0.00  0.00  0.00  0.00
Cell [45,1]: 138.00  9.00  0.00  0.00  0.00  0.00  2.00  6.00  18.00
Cell [45,2]: 20.00  2.00  1.00  2.00  14.00  11.00  14.00  7.00  25.00
Cell [45,3]: 14.00  1.00  0.00  3.00  8.00  4.00  3.00  8.00  19.00
Cell [45,4]: 144.00  9.00  0.00  0.00  0.00  0.00  0.00  0.00  58.00
Cell [45,5]: 237.00  6.00  2.00  0.00  0.00  0.00  0.00  6.00  212.00
Cell [45,6]: 209.00  0.00  0.00  0.00  0.00  0.00  0.00  0.00  856.00
Cell [45,7]: 0.00  0.00  0.00  0.00  0.00  0.00  36.00  460.00  277.00
Cell [45,8]: 0.00  0.00  0.00  0.00  0.00  0.00  290.00  110.00  21.00
Cell [45,9]: 34.00  55.00  10.00  4.00  1.00  11.00  14.00  23.00  23.00
Cell [45,10]: 3.00  0.00  4.00  15.00  13.00  13.00  2.00  2.00  7.00
Cell [45,11]: 2400.00  4.00  1.00  1.00  0.00  0.00  0.00  0.00  361.00
Cell [45,12]: 744.00  6.00  0.00  4.00  4.00  95.00  1.00  52.00  10.00
Cell [45,13]: 7.00  5.00  2.00  8.00  1.00  0.00  2.00  0.00  0.00
Cell [45,14]: 0.00  0.00  5.00  2.00  3.00  8.00  6.00  0.00  0.00
Cell [45,15]: 19.00  2.00  2.00  0.00  0.00  0.00  5.00  12.00  52.00
Cell [45,16]: 4.00  1.00  0.00  1.00  1.00  1.00  3.00  5.00  159.00
Cell [45,17]: 1.00  1.00  5.00  0.00  1.00  2.00  1.00  3.00  1.00
Cell [45,18]: 0.00  0.00  0.00  0.00  5.00  5.00  0.00  8.00  5.00
Cell [45,19]: 0.00  0.00  0.00  0.00  0.00  3.00  1.00  0.00  0.00
Cell [45,20]: 30.00  16.00  13.00  2.00  1.00  0.00  0.00  6.00  43.00
Cell [45,21]: 6.00  1.00  0.00  0.00  0.00  1.00  7.00  6.00  77.00
Cell [45,22]: 1692.00  23.00  17.00  4.00  2.00  2.00  0.00  0.00  6.00
Cell [45,23]: 4245.00  100.00  19.00  9.00  7.00  10.00  25.00  81.00  49.00
Cell [45,24]: 152.00  95.00  31.00  78.00  5.00  0.00  2.00  20.00  32.00
Cell [45,25]: 558.00  19.00  0.00  0.00  0.00  0.00  0.00  0.00  7.00
Cell [45,26]: 2.00  6.00  8.00  20.00  16.00  9.00  7.00  9.00  0.00
Cell [45,27]: 22.00  4.00  3.00  5.00  2.00  3.00  7.00  8.00  1.00
Cell [45,28]: 8.00  2.00  10.00  7.00  25.00  38.00  10.00  8.00  7.00
Cell [45,29]: 129.00  0.00  11.00  4.00  2.00  7.00  4.00  0.00  3256.00
Cell [45,30]: 50.00  78.00  84.00  62.00  0.00  0.00  0.00  0.00  51.00
Cell [45,31]: 18.00  0.00  0.00  5.00  46.00  33.00  50.00  43.00  58.00
Cell [45,32]: 77.00  11.00  6.00  5.00  3.00  3.00  11.00  48.00  36.00
Cell [45,33]: 87.00  6.00  0.00  0.00  0.00  0.00  9.00  66.00  304.00
Cell [45,34]: 0.00  0.00  25.00  208.00  44.00  41.00  24.00  7.00  0.00
Cell [45,35]: 0.00  0.00  0.00  6.00  43.00  144.00  152.00  0.00  0.00
Cell [45,36]: 0.00  0.00  0.00  0.00  63.00  175.00  96.00  20.00  0.00
Cell [45,37]: 63.00  6.00  3.00  0.00  29.00  35.00  83.00  126.00  94.00
Cell [45,38]: 37.00  42.00  191.00  99.00  2.00  0.00  1.00  15.00  61.00
Cell [45,39]: 22.00  41.00  30.00  20.00  8.00  7.00  10.00  53.00  35.00
Cell [45,40]: 1089.00  21.00  10.00  12.00  1.00  0.00  1.00  0.00  169.00
Cell [45,41]: 14.00  19.00  8.00  6.00  3.00  3.00  2.00  22.00  39.00
Cell [45,42]: 93.00  85.00  21.00  11.00  0.00  2.00  6.00  17.00  27.00
Cell [45,43]: 17.00  60.00  11.00  7.00  12.00  7.00  0.00  4.00  9.00
Cell [45,44]: 90.00  81.00  2.00  4.00  4.00  11.00  7.00  8.00  27.00
Cell [45,45]: 10.00  0.00  3.00  1.00  3.00  0.00  9.00  38.00  36.00
Cell [45,46]: 71.00  3.00  0.00  0.00  0.00  0.00  0.00  5.00  140.00
Cell [45,47]: 58.00  15.00  0.00  0.00  0.00  0.00  0.00  11.00  237.00
Cell [45,48]: 1029.00  0.00  0.00  0.00  0.00  0.00  0.00  0.00  209.00
Cell [45,49]: 148.00  0.00  0.00  0.00  0.00  0.00  0.00  341.00  597.00
Cell [45,50]: 0.00  0.00  0.00  0.00  0.00  28.00  228.00  255.00  0.00
Cell [45,51]: 49.00  21.00  0.00  3.00  3.00  6.00  18.00  150.00  23.00
Cell [45,52]: 115.00  54.00  33.00  20.00  19.00  21.00  32.00  4.00  0.00
Cell [45,53]: 65.00  17.00  1.00  5.00  2.00  5.00  35.00  36.00  77.00
Cell [45,54]: 119.00  31.00  10.00  6.00  22.00  32.00  19.00  338.00  387.00
Cell [45,55]: 108.00  0.00  0.00  49.00  0.00  0.00  97.00  2466.00  3200.00
Cell [45,56]: 205.00  1571.00  71.00  79.00  68.00  204.00  120.00  512.00  561.00
Cell [45,57]: 843.00  561.00  268.00  191.00  55.00  18.00  16.00  153.00  412.00
Cell [45,58]: 414.00  1508.00  1289.00  99.00  21.00  0.00  19.00  0.00  62.00
Cell [45,59]: 18.00  3251.00  2693.00  49.00  6.00  0.00  0.00  12.00  0.00
Cell [45,60]: 62.00  1087.00  2085.00  343.00  219.00  90.00  0.00  21.00  0.00
Cell [45,61]: 19.00  0.00  0.00  14.00  25.00  75.00  1143.00  3502.00  16.00
Cell [45,62]: 0.00  0.00  0.00  0.00  0.00  7.00  4018.00  1849.00  0.00
Cell [45,63]: 27.00  11.00  7.00  29.00  0.00  133.00  1391.00  1456.00  125.00
Cell [45,64]: 75.00  1582.00  671.00  128.00  384.00  62.00  37.00  0.00  62.00
Cell [45,65]: 53.00  1907.00  3030.00  0.00  0.00  0.00  0.00  0.00  0.00
Cell [45,66]: 34.00  2716.00  2429.00  36.00  14.00  0.00  0.00  0.00  0.00
Cell [45,67]: 40.00  61.00  244.00  169.00  158.00  263.00  1819.00  225.00  0.00
Cell [45,68]: 5.00  0.00  0.00  0.00  0.00  0.00  3936.00  1948.00  0.00
Cell [45,69]: 19.00  0.00  0.00  0.00  0.00  13.00  261.00  3951.00  26.00
Cell [45,70]: 225.00  104.00  60.00  146.00  196.00  226.00  435.00  1596.00  619.00
Cell [45,71]: 197.00  233.00  243.00  153.00  210.00  99.00  539.00  2894.00  191.00
Cell [45,72]: 3869.00  3935.00  0.00  38.00  7.00  0.00  0.00  4.00  101.00
Cell [45,73]: 2179.00  396.00  492.00  348.00  125.00  58.00  80.00  207.00  1132.00
Cell [45,74]: 80.00  41.00  95.00  46.00  48.00  94.00  27.00  16.00  35.00
Cell [45,75]: 23.00  0.00  0.00  0.00  0.00  79.00  143.00  105.00  35.00
Cell [45,76]: 76.00  48.00  11.00  11.00  9.00  32.00  19.00  26.00  76.00
Cell [45,77]: 124.00  0.00  0.00  40.00  35.00  29.00  37.00  149.00  317.00
Cell [45,78]: 0.00  0.00  313.00  119.00  33.00  27.00  23.00  11.00  19.00
Cell [45,79]: 0.00  0.00  0.00  0.00  32.00  36.00  50.00  172.00  91.00
Cell [45,80]: 47.00  49.00  9.00  44.00  74.00  34.00  23.00  74.00  80.00
Cell [45,81]: 33.00  150.00  79.00  37.00  19.00  9.00  12.00  65.00  50.00
Cell [45,82]: 44.00  75.00  108.00  93.00  0.00  0.00  38.00  26.00  98.00
Cell [45,83]: 121.00  126.00  45.00  2.00  2.00  17.00  0.00  121.00  93.00
Cell [45,84]: 115.00  110.00  11.00  16.00  3.00  2.00  40.00  174.00  52.00
Cell [45,85]: 50.00  68.00  84.00  15.00  37.00  3.00  13.00  14.00  60.00
Cell [45,86]: 23.00  45.00  17.00  39.00  36.00  26.00  50.00  32.00  27.00
Cell [45,87]: 749.00  24.00  6.00  7.00  0.00  0.00  16.00  24.00  670.00
Cell [45,88]: 582.00  0.00  0.00  0.00  0.00  0.00  0.00  0.00  379.00
Cell [45,89]: 103.00  11.00  2.00  1.00  2.00  6.00  26.00  27.00  16.00
Cell [45,90]: 0.00  9.00  30.00  33.00  14.00  20.00  79.00  28.00  0.00
Cell [45,91]: 276.00  249.00  80.00  0.00  2.00  0.00  0.00  4.00  36.00
Cell [45,92]: 2969.00  56.00  11.00  0.00  1.00  0.00  2.00  0.00  9.00
Cell [45,93]: 1459.00  50.00  25.00  16.00  7.00  3.00  0.00  8.00  444.00
Cell [45,94]: 1147.00  112.00  62.00  3.00  1.00  2.00  0.00  7.00  39.00
Cell [45,95]: 110.00  4.00  0.00  0.00  0.00  0.00  0.00  3.00  109.00
Cell [45,96]: 29.00  5.00  1.00  1.00  2.00  1.00  6.00  19.00  68.00
Cell [45,97]: 2446.00  26.00  2.00  2.00  0.00  0.00  0.00  3.00  274.00
Cell [45,98]: 109.00  141.00  57.00  216.00  101.00  227.00  503.00  669.00  1123.00
Cell [45,99]: 0.00  2081.00  2944.00  150.00  170.00  32.00  0.00  0.00  17.00
Cell [45,100]: 19.00  1412.00  2871.00  11.00  0.00  0.00  3.00  0.00  3.00
Cell [45,101]: 5.00  5396.00  1211.00  0.00  0.00  0.00  0.00  0.00  0.00
Cell [45,102]: 44.00  129.00  338.00  85.00  232.00  102.00  657.00  4326.00  169.00
Cell [45,103]: 24.00  0.00  0.00  0.00  1.00  9.00  65.00  5574.00  41.00
Cell [45,104]: 17.00  0.00  0.00  3.00  13.00  22.00  107.00  3001.00  152.00
Cell [45,105]: 0.00  0.00  0.00  0.00  14.00  10.00  186.00  6863.00  0.00
Cell [45,106]: 50.00  2006.00  674.00  197.00  473.00  133.00  666.00  1269.00  166.00
Cell [45,107]: 3.00  6760.00  139.00  10.00  0.00  0.00  0.00  0.00  0.00
Cell [45,108]: 171.00  3153.00  346.00  69.00  69.00  23.00  23.00  38.00  7.00
Cell [45,109]: 0.00  6846.00  285.00  50.00  22.00  0.00  0.00  33.00  0.00
Cell [45,110]: 0.00  3643.00  722.00  445.00  377.00  166.00  1094.00  301.00  0.00
Cell [45,111]: 13.00  0.00  0.00  0.00  10.00  20.00  1959.00  5313.00  11.00
Cell [45,112]: 7.00  0.00  0.00  0.00  0.00  6.00  30.00  4377.00  16.00
Cell [45,113]: 56.00  529.00  277.00  238.00  208.00  318.00  975.00  3517.00  24.00
Cell [45,114]: 2164.00  2567.00  82.00  55.00  20.00  29.00  26.00  23.00  854.00
Cell [45,115]: 2407.00  35.00  12.00  0.00  0.00  0.00  0.00  2.00  1092.00
Cell [45,116]: 245.00  10.00  0.00  0.00  0.00  0.00  0.00  0.00  325.00
Cell [45,117]: 99.00  0.00  0.00  0.00  0.00  0.00  0.00  13.00  352.00
Cell [45,118]: 1421.00  261.00  23.00  22.00  26.00  19.00  31.00  60.00  212.00
Cell [45,119]: 381.00  18.00  0.00  0.00  0.00  0.00  0.00  6.00  1144.00
Cell [45,120]: 459.00  3.00  0.00  0.00  2.00  0.00  10.00  29.00  935.00
Cell [45,121]: 511.00  84.00  45.00  80.00  19.00  0.00  82.00  339.00  830.00
Cell [45,122]: 11.00  0.00  0.00  0.00  0.00  0.00  8.00  58.00  1970.00
Cell [45,123]: 102.00  11.00  2.00  1.00  2.00  0.00  0.00  0.00  74.00
Cell [45,124]: 0.00  1.00  1.00  25.00  29.00  31.00  68.00  52.00  0.00
Cell [45,125]: 18.00  112.00  76.00  53.00  0.00  0.00  0.00  0.00  0.00
Cell [45,126]: 61.00  5.00  3.00  6.00  1.00  1.00  0.00  4.00  137.00
Cell [45,127]: 164.00  23.00  11.00  5.00  0.00  0.00  0.00  0.00  206.00
Cell [46,0]: 32.00  3.00  0.00  0.00  1.00  3.00  2.00  4.00  40.00
Cell [46,1]: 31.00  9.00  7.00  0.00  0.00  0.00  3.00  13.00  26.00
Cell [46,2]: 4.00  3.00  15.00  2.00  2.00  3.00  13.00  11.00  7.00
Cell [46,3]: 62.00  25.00  10.00  6.00  0.00  0.00  0.00  0.00  3.00
Cell [46,4]: 207.00  81.00  0.00  0.00  0.00  0.00  0.00  0.00  0.00
Cell [46,5]: 261.00  15.00  7.00  8.00  5.00  0.00  3.00  19.00  274.00
Cell [46,6]: 663.00  0.00  0.00  0.00  0.00  0.00  0.00  0.00  230.00
Cell [46,7]: 132.00  0.00  0.00  0.00  0.00  0.00  0.00  15.00  465.00
Cell [46,8]: 0.00  0.00  0.00  0.00  0.00  0.00  0.00  31.00  347.00
Cell [46,9]: 0.00  0.00  0.00  0.00  0.00  0.00  11.00  125.00  56.00
Cell [46,10]: 0.00  2.00  9.00  8.00  15.00  18.00  23.00  16.00  0.00
Cell [46,11]: 18.00  0.00  0.00  0.00  0.00  179.00  454.00  275.00  202.00
Cell [46,12]: 0.00  0.00  0.00  0.00  1494.00  1741.00  39.00  10.00  0.00
Cell [46,13]: 1.00  1.00  2.00  0.00  2184.00  1125.00  4.00  0.00  0.00
Cell [46,14]: 0.00  0.00  0.00  0.00  3251.00  37.00  0.00  0.00  0.00
Cell [46,15]: 12.00  4.00  2.00  2.00  1695.00  912.00  316.00  0.00  3.00
Cell [46,16]: 0.00  0.00  3.00  13.00  239.00  479.00  82.00  41.00  26.00
Cell [46,17]: 0.00  0.00  0.00  2.00  365.00  14.00  1.00  1.00  0.00
Cell [46,18]: 2.00  1.00  4.00  18.00  298.00  13.00  0.00  0.00  2.00
Cell [46,19]: 0.00  139.00  272.00  689.00  19.00  11.00  1.00  1.00  1.00
Cell [46,20]: 9.00  4.00  14.00  121.00  2592.00  1.00  7.00  1.00  25.00
Cell [46,21]: 33.00  8.00  4.00  11.00  1791.00  502.00  169.00  77.00  8.00
Cell [46,22]: 2202.00  56.00  15.00  28.00  1.00  400.00  471.00  286.00  461.00
Cell [46,23]: 788.00  13.00  6.00  0.00  4348.00  334.00  126.00  67.00  171.00
Cell [46,24]: 39.00  0.00  0.00  0.00  4881.00  193.00  58.00  64.00  57.00
Cell [46,25]: 93.00  0.00  0.00  0.00  4121.00  805.00  232.00  39.00  34.00
Cell [46,26]: 0.00  2.00  1.00  1.00  3290.00  190.00  2.00  0.00  3.00
Cell [46,27]: 2.00  0.00  0.00  157.00  3410.00  5.00  5.00  0.00  0.00
Cell [46,28]: 0.00  0.00  5.00  3800.00  33.00  1.00  0.00  0.00  0.00
Cell [46,29]: 329.00  394.00  323.00  1886.00  456.00  0.00  0.00  0.00  0.00
Cell [46,30]: 90.00  62.00  58.00  50.00  8.00  6.00  0.00  0.00  0.00
Cell [46,31]: 84.00  0.00  0.00  0.00  0.00  0.00  10.00  80.00  53.00
Cell [46,32]: 37.00  22.00  15.00  0.00  10.00  2.00  19.00  87.00  52.00
Cell [46,33]: 236.00  40.00  0.00  0.00  0.00  0.00  0.00  3.00  21.00
Cell [46,34]: 0.00  143.00  59.00  50.00  3.00  0.00  0.00  0.00  0.00
Cell [46,35]: 0.00  0.00  0.00  7.00  32.00  171.00  47.00  12.00  0.00
Cell [46,36]: 0.00  0.00  0.00  0.00  29.00  102.00  128.00  21.00  0.00
Cell [46,37]: 0.00  0.00  0.00  34.00  63.00  72.00  246.00  42.00  0.00
Cell [46,38]: 0.00  9.00  97.00  192.00  34.00  20.00  12.00  6.00  10.00
Cell [46,39]: 36.00  15.00  3.00  6.00  4.00  26.00  16.00  17.00  23.00
Cell [46,40]: 726.00  5.00  4.00  8.00  0.00  0.00  0.00  10.00  674.00
Cell [46,41]: 26.00  19.00  16.00  0.00  8.00  0.00  14.00  31.00  19.00
Cell [46,42]: 33.00  5.00  3.00  2.00  0.00  0.00  2.00  14.00  63.00
Cell [46,43]: 8.00  0.00  0.00  0.00  0.00  2.00  11.00  71.00  16.00
Cell [46,44]: 0.00  0.00  0.00  0.00  17.00  28.00  67.00  82.00  3.00
Cell [46,45]: 15.00  16.00  20.00  8.00  7.00  10.00  4.00  8.00  2.00
Cell [46,46]: 188.00  40.00  0.00  0.00  0.00  0.00  0.00  0.00  4.00
Cell [46,47]: 117.00  60.00  7.00  0.00  0.00  8.00  2.00  13.00  71.00
Cell [46,48]: 1070.00  0.00  0.00  0.00  0.00  0.00  0.00  0.00  118.00
Cell [46,49]: 415.00  0.00  0.00  0.00  0.00  0.00  0.00  21.00  276.00
Cell [46,50]: 109.00  0.00  0.00  0.00  0.00  0.00  14.00  162.00  125.00
Cell [46,51]: 14.00  4.00  0.00  2.00  0.00  4.00  12.00  220.00  139.00
Cell [46,52]: 6.00  1.00  4.00  6.00  5.00  10.00  21.00  94.00  83.00
Cell [46,53]: 107.00  20.00  7.00  3.00  0.00  0.00  0.00  1.00  52.00
Cell [46,54]: 56.00  0.00  0.00  5.00  13.00  0.00  97.00  94.00  142.00
Cell [46,55]: 0.00  101.00  175.00  167.00  413.00  197.00  243.00  253.00  44.00
Cell [46,56]: 484.00  314.00  80.00  141.00  245.00  203.00  154.00  50.00  324.00
Cell [46,57]: 469.00  133.00  179.00  205.00  228.00  227.00  73.00  46.00  293.00
Cell [46,58]: 28.00  308.00  998.00  194.00  170.00  156.00  305.00  537.00  572.00
Cell [46,59]: 373.00  1166.00  182.00  13.00  701.00  1192.00  183.00  386.00  163.00
Cell [46,60]: 97.00  183.00  46.00  68.00  4373.00  490.00  128.00  11.00  0.00
Cell [46,61]: 0.00  13.00  165.00  218.00  4564.00  54.00  21.00  366.00  127.00
Cell [46,62]: 92.00  325.00  269.00  398.00  1356.00  77.00  879.00  1880.00  269.00
Cell [46,63]: 139.00  102.00  403.00  329.00  129.00  218.00  1036.00  1091.00  304.00
Cell [46,64]: 129.00  250.00  1385.00  440.00  24.00  77.00  79.00  109.00  59.00
Cell [46,65]: 659.00  1598.00  645.00  327.00  809.00  191.00  232.00  37.00  357.00
Cell [46,66]: 142.00  285.00  58.00  86.00  3377.00  718.00  51.00  100.00  54.00
Cell [46,67]: 64.00  72.00  10.00  576.00  3987.00  377.00  105.00  90.00  2.00
Cell [46,68]: 0.00  143.00  219.00  874.00  2426.00  109.00  725.00  514.00  230.00
Cell [46,69]: 445.00  234.00  178.00  223.00  19.00  232.00  581.00  2647.00  328.00
Cell [46,70]: 136.00  211.00  125.00  708.00  1078.00  142.00  59.00  302.00  217.00
Cell [46,71]: 196.00  97.00  0.00  520.00  277.00  206.00  444.00  893.00  410.00
Cell [46,72]: 597.00  288.00  344.00  363.00  200.00  157.00  67.00  172.00  83.00
Cell [46,73]: 35.00  115.00  208.00  288.00  114.00  87.00  0.00  0.00  0.00
Cell [46,74]: 49.00  33.00  43.00  14.00  8.00  5.00  1.00  12.00  32.00
Cell [46,75]: 287.00  20.00  12.00  0.00  0.00  0.00  0.00  0.00  88.00
Cell [46,76]: 141.00  131.00  25.00  0.00  13.00  4.00  9.00  43.00  67.00
Cell [46,77]: 145.00  116.00  16.00  12.00  0.00  0.00  11.00  25.00  89.00
Cell [46,78]: 47.00  88.00  53.00  17.00  7.00  23.00  87.00  43.00  7.00
Cell [46,79]: 0.00  0.00  3.00  53.00  82.00  81.00  161.00  14.00  7.00
Cell [46,80]: 0.00  0.00  18.00  22.00  96.00  54.00  137.00  224.00  0.00
Cell [46,81]: 0.00  0.00  165.00  202.00  79.00  75.00  155.00  57.00  0.00
Cell [46,82]: 10.00  21.00  337.00  89.00  69.00  23.00  16.00  23.00  48.00
Cell [46,83]: 33.00  25.00  12.00  17.00  12.00  21.00  21.00  29.00  17.00
Cell [46,84]: 40.00  137.00  32.00  25.00  13.00  4.00  19.00  24.00  20.00
Cell [46,85]: 19.00  75.00  26.00  31.00  7.00  8.00  30.00  97.00  67.00
Cell [46,86]: 25.00  148.00  27.00  17.00  28.00  120.00  34.00  3.00  13.00
Cell [46,87]: 564.00  0.00  0.00  0.00  0.00  12.00  32.00  70.00  1145.00
Cell [46,88]: 397.00  0.00  0.00  0.00  0.00  0.00  0.00  0.00  613.00
Cell [46,89]: 99.00  7.00  3.00  0.00  0.00  2.00  0.00  34.00  66.00
Cell [46,90]: 7.00  20.00  22.00  7.00  3.00  4.00  11.00  13.00  12.00
Cell [46,91]: 1299.00  25.00  0.00  0.00  0.00  0.00  0.00  0.00  19.00
Cell [46,92]: 2362.00  47.00  29.00  79.00  21.00  12.00  10.00  7.00  63.00
Cell [46,93]: 1539.00  1084.00  124.00  187.00  0.00  19.00  176.00  142.00  1061.00
Cell [46,94]: 443.00  60.00  10.00  1.00  0.00  1.00  0.00  2.00  962.00
Cell [46,95]: 117.00  4.00  1.00  0.00  0.00  0.00  0.00  1.00  93.00
Cell [46,96]: 51.00  9.00  1.00  1.00  1.00  0.00  1.00  8.00  29.00
Cell [46,97]: 743.00  33.00  0.00  0.00  2.00  0.00  0.00  0.00  1981.00
Cell [46,98]: 739.00  105.00  89.00  218.00  225.00  95.00  14.00  542.00  1317.00
Cell [46,99]: 261.00  2355.00  590.00  91.00  52.00  8.00  0.00  35.00  77.00
Cell [46,100]: 8.00  3174.00  4097.00  0.00  11.00  4.00  0.00  0.00  0.00
Cell [46,101]: 0.00  1077.00  2564.00  0.00  11.00  0.00  0.00  15.00  0.00
Cell [46,102]: 0.00  170.00  131.00  100.00  353.00  52.00  358.00  1282.00  276.00
Cell [46,103]: 0.00  0.00  0.00  0.00  0.00  0.00  64.00  7341.00  22.00
Cell [46,104]: 5.00  0.00  0.00  6.00  16.00  89.00  372.00  3910.00  31.00
Cell [46,105]: 0.00  21.00  0.00  0.00  0.00  0.00  387.00  4251.00  68.00
Cell [46,106]: 20.00  2000.00  935.00  328.00  576.00  322.00  1094.00  1073.00  0.00
Cell [46,107]: 47.00  3994.00  638.00  0.00  8.00  0.00  0.00  12.00  15.00
Cell [46,108]: 75.00  5098.00  168.00  24.00  0.00  4.00  8.00  0.00  2.00
Cell [46,109]: 20.00  7282.00  211.00  9.00  0.00  0.00  0.00  0.00  0.00
Cell [46,110]: 323.00  1452.00  429.00  309.00  468.00  291.00  271.00  260.00  91.00
Cell [46,111]: 0.00  0.00  0.00  0.00  41.00  0.00  741.00  4230.00  130.00
Cell [46,112]: 0.00  0.00  9.00  0.00  17.00  15.00  627.00  6346.00  35.00
Cell [46,113]: 30.00  43.00  281.00  243.00  170.00  376.00  1298.00  1401.00  59.00
Cell [46,114]: 3920.00  655.00  166.00  57.00  48.00  27.00  50.00  58.00  533.00
Cell [46,115]: 745.00  0.00  11.00  19.00  10.00  7.00  15.00  173.00  1375.00
Cell [46,116]: 206.00  11.00  0.00  134.00  0.00  0.00  0.00  19.00  212.00
Cell [46,117]: 41.00  0.00  0.00  33.00  4.00  34.00  40.00  90.00  139.00
Cell [46,118]: 369.00  8.00  53.00  11.00  0.00  14.00  51.00  33.00  723.00
Cell [46,119]: 1662.00  187.00  66.00  47.00  12.00  0.00  0.00  0.00  303.00
Cell [46,120]: 532.00  42.00  53.00  65.00  53.00  43.00  204.00  611.00  724.00
Cell [46,121]: 774.00  463.00  55.00  9.00  0.00  8.00  61.00  155.00  350.00
Cell [46,122]: 92.00  0.00  0.00  0.00  0.00  0.00  0.00  90.00  1983.00
Cell [46,123]: 15.00  0.00  0.00  0.00  0.00  0.00  0.00  44.00  217.00
Cell [46,124]: 20.00  4.00  1.00  2.00  36.00  7.00  3.00  0.00  16.00
Cell [46,125]: 6.00  32.00  43.00  9.00  7.00  0.00  2.00  13.00  3.00
Cell [46,126]: 23.00  1.00  6.00  3.00  3.00  0.00  3.00  4.00  177.00
Cell [46,127]: 245.00  17.00  0.00  0.00  0.00  0.00  0.00  0.00  245.00
Cell [47,0]: 38.00  121.00  5.00  2.00  0.00  0.00  0.00  1.00  4.00
Cell [47,1]: 4.00  65.00  88.00  48.00  0.00  0.00  0.00  0.00  0.00
Cell [47,2]: 0.00  0.00  14.00  139.00  15.00  0.00  0.00  0.00  0.00
Cell [47,3]: 0.00  27.00  103.00  46.00  4.00  0.00  0.00  0.00  0.00
Cell [47,4]: 163.00  173.00  0.00  0.00  0.00  0.00  0.00  0.00  3.00
Cell [47,5]: 516.00  1.00  12.00  0.00  3.00  5.00  0.00  12.00  243.00
Cell [47,6]: 909.00  37.00  0.00  0.00  0.00  0.00  0.00  0.00  0.00
Cell [47,7]: 357.00  26.00  0.00  0.00  0.00  0.00  0.00  0.00  62.00
Cell [47,8]: 0.00  0.00  0.00  0.00  0.00  0.00  0.00  150.00  159.00
Cell [47,9]: 0.00  0.00  0.00  0.00  0.00  0.00  16.00  223.00  25.00
Cell [47,10]: 12.00  4.00  5.00  5.00  12.00  19.00  14.00  10.00  6.00
Cell [47,11]: 51.00  65.00  4.00  0.00  0.00  0.00  0.00  1.00  18.00
Cell [47,12]: 14.00  112.00  26.00  0.00  0.00  0.00  1.00  13.00  12.00
Cell [47,13]: 2.00  64.00  19.00  25.00  36.00  25.00  5.00  5.00  8.00
Cell [47,14]: 18.00  7.00  3.00  1.00  9.00  13.00  19.00  16.00  21.00
Cell [47,15]: 35.00  1.00  1.00  1.00  37.00  22.00  33.00  58.00  1409.00
Cell [47,16]: 0.00  0.00  0.00  0.00  0.00  93.00  153.00  365.00  405.00
Cell [47,17]: 0.00  0.00  0.00  207.00  198.00  110.00  67.00  30.00  12.00
Cell [47,18]: 1.00  2.00  0.00  24.00  258.00  209.00  157.00  10.00  10.00
Cell [47,19]: 2475.00  286.00  122.00  52.00  0.00  0.00  0.00  0.00  56.00
Cell [47,20]: 230.00  74.00  0.00  71.00  549.00  44.00  0.00  1.00  63.00
Cell [47,21]: 152.00  56.00  0.00  0.00  141.00  55.00  67.00  158.00  1576.00
Cell [47,22]: 25.00  0.00  12.00  4.00  49.00  34.00  48.00  100.00  711.00
Cell [47,23]: 8.00  21.00  567.00  231.00  348.00  0.00  2.00  1.00  1.00
Cell [47,24]: 0.00  7.00  163.00  976.00  830.00  0.00  0.00  0.00  0.00
Cell [47,25]: 416.00  634.00  523.00  791.00  238.00  38.00  46.00  69.00  153.00
Cell [47,26]: 150.00  50.00  14.00  21.00  47.00  3.00  28.00  11.00  111.00
Cell [47,27]: 31.00  83.00  81.00  51.00  51.00  0.00  0.00  0.00  4.00
Cell [47,28]: 0.00  40.00  85.00  101.00  26.00  0.00  0.00  0.00  0.00
Cell [47,29]: 0.00  0.00  0.00  33.00  188.00  27.00  9.00  0.00  0.00
Cell [47,30]: 0.00  0.00  0.00  10.00  28.00  31.00  62.00  18.00  2.00
Cell [47,31]: 0.00  0.00  0.00  0.00  0.00  0.00  22.00  112.00  45.00
Cell [47,32]: 87.00  8.00  3.00  4.00  1.00  0.00  8.00  53.00  102.00
Cell [47,33]: 8.00  5.00  8.00  0.00  8.00  3.00  10.00  93.00  85.00
Cell [47,34]: 134.00  114.00  3.00  0.00  0.00  0.00  0.00  0.00  5.00
Cell [47,35]: 76.00  5.00  0.00  4.00  0.00  3.00  5.00  23.00  33.00
Cell [47,36]: 19.00  5.00  0.00  0.00  0.00  4.00  26.00  18.00  7.00
Cell [47,37]: 163.00  75.00  21.00  27.00  9.00  2.00  0.00  13.00  67.00
Cell [47,38]: 7.00  4.00  5.00  5.00  19.00  71.00  59.00  21.00  28.00
Cell [47,39]: 156.00  19.00  0.00  0.00  0.00  0.00  1.00  3.00  24.00
Cell [47,40]: 1250.00  10.00  0.00  0.00  4.00  2.00  3.00  8.00  242.00
Cell [47,41]: 39.00  5.00  3.00  1.00  2.00  5.00  6.00  53.00  29.00
Cell [47,42]: 37.00  1.00  1.00  3.00  1.00  1.00  5.00  15.00  50.00
Cell [47,43]: 18.00  32.00  21.00  8.00  8.00  1.00  0.00  7.00  10.00
Cell [47,44]: 29.00  36.00  59.00  34.00  0.00  0.00  1.00  2.00  10.00
Cell [47,45]: 22.00  41.00  16.00  12.00  3.00  1.00  0.00  0.00  0.00
Cell [47,46]: 252.00  36.00  6.00  0.00  0.00  0.00  0.00  0.00  0.00
Cell [47,47]: 107.00  96.00  35.00  0.00  0.00  18.00  2.00  35.00  144.00
Cell [47,48]: 1015.00  0.00  0.00  0.00  0.00  0.00  0.00  0.00  403.00
Cell [47,49]: 600.00  0.00  0.00  0.00  0.00  0.00  0.00  0.00  17.00
Cell [47,50]: 190.00  15.00  0.00  0.00  0.00  0.00  0.00  9.00  87.00
Cell [47,51]: 30.00  0.00  0.00  0.00  0.00  0.00  26.00  97.00  144.00
Cell [47,52]: 8.00  4.00  14.00  4.00  15.00  13.00  12.00  8.00  10.00
Cell [47,53]: 79.00  38.00  0.00  3.00  3.00  0.00  3.00  2.00  29.00
Cell [47,54]: 21.00  36.00  20.00  20.00  15.00  6.00  0.00  35.00  12.00
Cell [47,55]: 148.00  67.00  47.00  3.00  0.00  0.00  0.00  35.00  49.00
Cell [47,56]: 24.00  12.00  60.00  57.00  26.00  6.00  6.00  8.00  26.00
Cell [47,57]: 11.00  19.00  39.00  8.00  3.00  3.00  3.00  31.00  34.00
Cell [47,58]: 728.00  0.00  0.00  1.00  1.00  2.00  39.00  80.00  657.00
Cell [47,59]: 54.00  0.00  0.00  0.00  12.00  29.00  160.00  247.00  426.00
Cell [47,60]: 0.00  0.00  0.00  281.00  369.00  139.00  105.00  44.00  0.00
Cell [47,61]: 0.00  2.00  12.00  55.00  463.00  587.00  183.00  3.00  0.00
Cell [47,62]: 1728.00  63.00  41.00  21.00  20.00  22.00  44.00  23.00  739.00
Cell [47,63]: 289.00  97.00  26.00  0.00  0.00  31.00  18.00  18.00  517.00
Cell [47,64]: 95.00  197.00  18.00  16.00  6.00  4.00  26.00  23.00  13.00
Cell [47,65]: 87.00  5.00  2.00  0.00  0.00  0.00  3.00  88.00  2389.00
Cell [47,66]: 25.00  270.00  141.00  25.00  45.00  32.00  50.00  34.00  34.00
Cell [47,67]: 65.00  505.00  531.00  1105.00  0.00  0.00  0.00  0.00  0.00
Cell [47,68]: 0.00  79.00  237.00  2186.00  260.00  0.00  0.00  0.00  0.00
Cell [47,69]: 0.00  232.00  681.00  927.00  92.00  46.00  42.00  107.00  301.00
Cell [47,70]: 73.00  65.00  27.00  0.00  0.00  0.00  0.00  6.00  49.00
Cell [47,71]: 0.00  77.00  220.00  38.00  0.00  0.00  0.00  0.00  0.00
Cell [47,72]: 7.00  20.00  54.00  77.00  23.00  50.00  29.00  2.00  8.00
Cell [47,73]: 0.00  0.00  41.00  20.00  46.00  157.00  11.00  0.00  0.00
Cell [47,74]: 8.00  2.00  4.00  0.00  6.00  10.00  24.00  31.00  53.00
Cell [47,75]: 0.00  0.00  0.00  0.00  41.00  24.00  25.00  200.00  71.00
Cell [47,76]: 134.00  27.00  12.00  3.00  5.00  10.00  38.00  107.00  132.00
Cell [47,77]: 132.00  65.00  2.00  0.00  2.00  2.00  2.00  78.00  67.00
Cell [47,78]: 189.00  58.00  13.00  12.00  9.00  23.00  24.00  7.00  2.00
Cell [47,79]: 21.00  0.00  6.00  4.00  9.00  9.00  54.00  137.00  47.00
Cell [47,80]: 52.00  32.00  40.00  16.00  6.00  11.00  17.00  83.00  17.00
Cell [47,81]: 30.00  157.00  62.00  72.00  46.00  121.00  64.00  17.00  23.00
Cell [47,82]: 197.00  39.00  9.00  10.00  11.00  28.00  173.00  33.00  25.00
Cell [47,83]: 87.00  8.00  2.00  3.00  0.00  4.00  8.00  19.00  166.00
Cell [47,84]: 68.00  78.00  17.00  8.00  5.00  0.00  0.00  0.00  27.00
Cell [47,85]: 14.00  0.00  2.00  0.00  2.00  7.00  35.00  22.00  28.00
Cell [47,86]: 10.00  9.00  3.00  2.00  12.00  24.00  38.00  56.00  18.00
Cell [47,87]: 1012.00  4.00  0.00  0.00  0.00  0.00  0.00  0.00  864.00
Cell [47,88]: 13.00  0.00  0.00  0.00  0.00  0.00  0.00  0.00  1048.00
Cell [47,89]: 71.00  10.00  0.00  0.00  0.00  0.00  2.00  2.00  168.00
Cell [47,90]: 12.00  4.00  0.00  0.00  0.00  1.00  0.00  18.00  60.00
Cell [47,91]: 666.00  8.00  0.00  0.00  8.00  12.00  147.00  159.00  354.00
Cell [47,92]: 564.00  79.00  103.00  27.00  45.00  2832.00  415.00  202.00  6.00
Cell [47,93]: 1988.00  653.00  289.00  105.00  432.00  71.00  104.00  491.00  2446.00
Cell [47,94]: 650.00  453.00  115.00  62.00  207.00  99.00  3.00  107.00  672.00
Cell [47,95]: 0.00  439.00  672.00  1652.00  387.00  0.00  2.00  26.00  0.00
Cell [47,96]: 10.00  0.00  42.00  169.00  2442.00  732.00  615.00  450.00  9.00
Cell [47,97]: 776.00  298.00  84.00  0.00  0.00  21.00  80.00  609.00  327.00
Cell [47,98]: 233.00  393.00  342.00  155.00  42.00  37.00  38.00  62.00  2723.00
Cell [47,99]: 219.00  2076.00  4237.00  65.00  0.00  13.00  8.00  0.00  14.00
Cell [47,100]: 102.00  3225.00  544.00  42.00  0.00  7.00  0.00  0.00  15.00
Cell [47,101]: 32.00  1921.00  1727.00  37.00  18.00  3.00  0.00  3.00  16.00
Cell [47,102]: 48.00  9.00  13.00  121.00  167.00  21.00  477.00  2393.00  89.00
Cell [47,103]: 0.00  19.00  0.00  0.00  0.00  30.00  613.00  4243.00  91.00
Cell [47,104]: 0.00  0.00  0.00  0.00  0.00  21.00  173.00  7293.00  12.00
Cell [47,105]: 27.00  2.00  6.00  4.00  7.00  11.00  146.00  2653.00  34.00
Cell [47,106]: 92.00  1308.00  585.00  349.00  430.00  207.00  716.00  604.00  45.00
Cell [47,107]: 92.00  3361.00  467.00  10.00  0.00  10.00  7.00  17.00  14.00
Cell [47,108]: 0.00  7590.00  251.00  15.00  0.00  0.00  0.00  8.00  20.00
Cell [47,109]: 137.00  3049.00  939.00  51.00  0.00  0.00  0.00  0.00  0.00
Cell [47,110]: 23.00  1275.00  863.00  237.00  216.00  432.00  466.00  14.00  0.00
Cell [47,111]: 0.00  18.00  0.00  0.00  17.00  96.00  2228.00  1262.00  111.00
Cell [47,112]: 0.00  0.00  7.00  7.00  3.00  91.00  1361.00  4125.00  106.00
Cell [47,113]: 78.00  0.00  47.00  0.00  40.00  291.00  156.00  5247.00  367.00
Cell [47,114]: 4451.00  433.00  240.00  185.00  36.00  44.00  12.00  71.00  218.00
Cell [47,115]: 247.00  746.00  1251.00  561.00  88.00  53.00  107.00  293.00  1348.00
Cell [47,116]: 36.00  309.00  428.00  2082.00  2066.00  0.00  0.00  0.00  0.00
Cell [47,117]: 0.00  0.00  9.00  24.00  1292.00  3176.00  648.00  120.00  11.00
Cell [47,118]: 94.00  50.00  8.00  111.00  1795.00  2171.00  168.00  0.00  71.00
Cell [47,119]: 241.00  135.00  143.00  308.00  1525.00  1348.00  27.00  126.00  662.00
Cell [47,120]: 142.00  747.00  103.00  535.00  1788.00  290.00  126.00  176.00  58.00
Cell [47,121]: 20.00  37.00  86.00  1601.00  1146.00  273.00  274.00  140.00  0.00
Cell [47,122]: 411.00  379.00  329.00  117.00  0.00  0.00  0.00  49.00  406.00
Cell [47,123]: 304.00  68.00  0.00  0.00  0.00  0.00  0.00  0.00  67.00
Cell [47,124]: 11.00  12.00  17.00  3.00  5.00  3.00  2.00  2.00  2.00
Cell [47,125]: 0.00  2.00  2.00  3.00  11.00  13.00  10.00  7.00  0.00
Cell [47,126]: 62.00  20.00  11.00  10.00  5.00  14.00  11.00  12.00  61.00
Cell [47,127]: 41.00  0.00  0.00  0.00  0.00  0.00  24.00  37.00  427.00
Cell [48,0]: 16.00  197.00  14.00  9.00  0.00  0.00  0.00  0.00  3.00
Cell [48,1]: 0.00  103.00  110.00  27.00  0.00  0.00  0.00  0.00  0.00
Cell [48,2]: 0.00  0.00  34.00  43.00  47.00  6.00  4.00  0.00  0.00
Cell [48,3]: 0.00  52.00  57.00  26.00  11.00  0.00  0.00  0.00  0.00
Cell [48,4]: 38.00  176.00  12.00  0.00  0.00  0.00  0.00  0.00  12.00
Cell [48,5]: 855.00  4.00  0.00  0.00  3.00  2.00  3.00  7.00  71.00
Cell [48,6]: 924.00  68.00  0.00  0.00  0.00  0.00  0.00  0.00  0.00
Cell [48,7]: 76.00  58.00  11.00  5.00  4.00  1.00  2.00  13.00  16.00
Cell [48,8]: 54.00  2.00  1.00  0.00  0.00  0.00  69.00  92.00  50.00
Cell [48,9]: 0.00  0.00  0.00  0.00  0.00  0.00  6.00  92.00  171.00
Cell [48,10]: 0.00  0.00  13.00  46.00  31.00  28.00  12.00  6.00  0.00
Cell [48,11]: 0.00  53.00  66.00  58.00  0.00  0.00  0.00  0.00  0.00
Cell [48,12]: 34.00  185.00  15.00  0.00  0.00  0.00  0.00  0.00  0.00
Cell [48,13]: 18.00  52.00  15.00  8.00  1.00  5.00  2.00  16.00  60.00
Cell [48,14]: 47.00  23.00  10.00  4.00  4.00  3.00  7.00  12.00  59.00
Cell [48,15]: 62.00  1.00  2.00  2.00  0.00  3.00  3.00  3.00  1233.00
Cell [48,16]: 0.00  0.00  24.00  37.00  19.00  39.00  87.00  154.00  440.00
Cell [48,17]: 0.00  258.00  294.00  402.00  37.00  22.00  0.00  0.00  0.00
Cell [48,18]: 0.00  0.00  36.00  36.00  217.00  281.00  837.00  0.00  0.00
Cell [48,19]: 2002.00  481.00  9.00  152.00  24.00  272.00  0.00  0.00  0.00
Cell [48,20]: 107.00  7.00  1.00  3.00  1.00  0.00  0.00  32.00  127.00
Cell [48,21]: 63.00  21.00  0.00  0.00  0.00  0.00  0.00  110.00  1285.00
Cell [48,22]: 85.00  87.00  12.00  23.00  2.00  0.00  29.00  61.00  1130.00
Cell [48,23]: 687.00  507.00  136.00  0.00  0.00  0.00  0.00  0.00  233.00
Cell [48,24]: 185.00  586.00  369.00  373.00  25.00  0.00  0.00  0.00  55.00
Cell [48,25]: 0.00  0.00  750.00  307.00  25.00  28.00  35.00  54.00  161.00
Cell [48,26]: 60.00  0.00  0.00  0.00  2.00  0.00  0.00  7.00  194.00
Cell [48,27]: 33.00  4.00  0.00  0.00  0.00  0.00  23.00  78.00  135.00
Cell [48,28]: 21.00  25.00  5.00  3.00  0.00  27.00  55.00  52.00  38.00
Cell [48,29]: 5.00  3.00  5.00  27.00  26.00  68.00  8.00  8.00  7.00
Cell [48,30]: 16.00  6.00  2.00  3.00  0.00  0.00  15.00  55.00  26.00
Cell [48,31]: 91.00  2.00  0.00  0.00  0.00  0.00  11.00  16.00  88.00
Cell [48,32]: 212.00  11.00  2.00  1.00  2.00  0.00  0.00  9.00  103.00
Cell [48,33]: 135.00  8.00  4.00  0.00  0.00  2.00  1.00  6.00  60.00
Cell [48,34]: 179.00  18.00  0.00  0.00  0.00  0.00  0.00  1.00  19.00
Cell [48,35]: 109.00  56.00  1.00  2.00  0.00  0.00  0.00  0.00  4.00
Cell [48,36]: 26.00  3.00  1.00  3.00  0.00  1.00  2.00  17.00  30.00
Cell [48,37]: 56.00  1.00  0.00  0.00  26.00  0.00  50.00  139.00  166.00
Cell [48,38]: 41.00  30.00  95.00  27.00  2.00  1.00  1.00  3.00  17.00
Cell [48,39]: 169.00  10.00  6.00  0.00  0.00  5.00  1.00  1.00  42.00
Cell [48,40]: 1433.00  15.00  0.00  0.00  1.00  1.00  1.00  19.00  25.00
Cell [48,41]: 35.00  4.00  4.00  12.00  13.00  2.00  13.00  73.00  58.00
Cell [48,42]: 64.00  76.00  6.00  9.00  7.00  0.00  0.00  0.00  0.00
Cell [48,43]: 29.00  131.00  85.00  75.00  0.00  0.00  0.00  0.00  0.00
Cell [48,44]: 0.00  0.00  85.00  116.00  37.00  2.00  0.00  0.00  0.00
Cell [48,45]: 3.00  19.00  17.00  15.00  23.00  67.00  9.00  0.00  0.00
Cell [48,46]: 187.00  110.00  11.00  0.00  0.00  0.00  0.00  0.00  0.00
Cell [48,47]: 358.00  6.00  0.00  0.00  0.00  0.00  0.00  4.00  40.00
Cell [48,48]: 1555.00  0.00  0.00  0.00  0.00  0.00  0.00  0.00  0.00
Cell [48,49]: 508.00  17.00  0.00  0.00  0.00  0.00  0.00  0.00  20.00
Cell [48,50]: 6.00  0.00  0.00  1.00  18.00  38.00  62.00  24.00  37.00
Cell [48,51]: 9.00  0.00  0.00  0.00  0.00  0.00  63.00  171.00  65.00
Cell [48,52]: 8.00  1.00  0.00  0.00  2.00  24.00  42.00  66.00  12.00
Cell [48,53]: 108.00  75.00  58.00  12.00  0.00  0.00  0.00  1.00  2.00
Cell [48,54]: 86.00  59.00  14.00  12.00  11.00  8.00  0.00  0.00  0.00
Cell [48,55]: 110.00  270.00  22.00  2.00  4.00  0.00  0.00  0.00  0.00
Cell [48,56]: 85.00  109.00  35.00  0.00  1.00  0.00  6.00  15.00  107.00
Cell [48,57]: 4.00  0.00  36.00  14.00  14.00  14.00  44.00  24.00  11.00
Cell [48,58]: 52.00  47.00  0.00  9.00  6.00  7.00  3.00  29.00  1081.00
Cell [48,59]: 0.00  0.00  64.00  51.00  27.00  40.00  33.00  95.00  449.00
Cell [48,60]: 102.00  276.00  349.00  240.00  19.00  0.00  0.00  0.00  0.00
Cell [48,61]: 0.00  93.00  114.00  88.00  61.00  103.00  250.00  580.00  0.00
Cell [48,62]: 1638.00  497.00  31.00  130.00  23.00  91.00  302.00  145.00  0.00
Cell [48,63]: 368.00  88.00  23.00  0.00  1.00  0.00  0.00  13.00  101.00
Cell [48,64]: 73.00  99.00  27.00  27.00  11.00  14.00  14.00  41.00  57.00
Cell [48,65]: 111.00  26.00  11.00  5.00  0.00  0.00  5.00  28.00  2347.00
Cell [48,66]: 277.00  66.00  9.00  8.00  2.00  13.00  8.00  146.00  341.00
Cell [48,67]: 984.00  0.00  0.00  0.00  0.00  0.00  0.00  120.00  1037.00
Cell [48,68]: 312.00  411.00  404.00  300.00  16.00  0.00  0.00  0.00  157.00
Cell [48,69]: 321.00  276.00  212.00  12.00  11.00  10.00  9.00  37.00  1111.00
Cell [48,70]: 248.00  41.00  28.00  0.00  0.00  0.00  13.00  8.00  49.00
Cell [48,71]: 32.00  73.00  19.00  17.00  0.00  14.00  13.00  77.00  24.00
Cell [48,72]: 14.00  18.00  39.00  111.00  38.00  6.00  9.00  19.00  28.00
Cell [48,73]: 5.00  3.00  2.00  1.00  27.00  47.00  76.00  43.00  10.00
Cell [48,74]: 0.00  0.00  0.00  0.00  55.00  154.00  22.00  0.00  2.00
Cell [48,75]: 149.00  0.00  0.00  0.00  31.00  19.00  28.00  36.00  190.00
Cell [48,76]: 338.00  44.00  0.00  0.00  0.00  5.00  1.00  6.00  89.00
Cell [48,77]: 279.00  127.00  17.00  4.00  10.00  4.00  0.00  25.00  116.00
Cell [48,78]: 222.00  81.00  8.00  0.00  2.00  1.00  1.00  3.00  55.00
Cell [48,79]: 80.00  122.00  3.00  5.00  0.00  1.00  6.00  12.00  17.00
Cell [48,80]: 198.00  39.00  1.00  3.00  0.00  2.00  1.00  14.00  103.00
Cell [48,81]: 164.00  82.00  83.00  40.00  37.00  46.00  85.00  117.00  62.00
Cell [48,82]: 99.00  222.00  4.00  1.00  1.00  2.00  2.00  61.00  107.00
Cell [48,83]: 51.00  0.00  0.00  0.00  1.00  1.00  2.00  21.00  210.00
Cell [48,84]: 5.00  0.00  0.00  0.00  0.00  0.00  22.00  190.00  110.00
Cell [48,85]: 34.00  12.00  2.00  0.00  0.00  5.00  32.00  39.00  49.00
Cell [48,86]: 3.00  1.00  4.00  26.00  27.00  35.00  40.00  15.00  5.00
Cell [48,87]: 1019.00  5.00  14.00  0.00  0.00  0.00  0.00  1.00  742.00
Cell [48,88]: 0.00  0.00  0.00  0.00  0.00  0.00  0.00  0.00  1040.00
Cell [48,89]: 3.00  21.00  22.00  11.00  3.00  13.00  12.00  62.00  150.00
Cell [48,90]: 5.00  15.00  13.00  2.00  2.00  1.00  6.00  20.00  22.00
Cell [48,91]: 4.00  0.00  0.00  0.00  0.00  12.00  28.00  88.00  63.00
Cell [48,92]: 2.00  0.00  0.00  0.00  9.00  463.00  99.00  41.00  0.00
Cell [48,93]: 4.00  7.00  68.00  102.00  250.00  463.00  226.00  119.00  55.00
Cell [48,94]: 492.00  18.00  76.00  154.00  1905.00  667.00  68.00  129.00  149.00
Cell [48,95]: 1365.00  187.00  38.00  0.00  26.00  0.00  0.00  24.00  570.00
Cell [48,96]: 71.00  56.00  15.00  17.00  0.00  17.00  34.00  138.00  1435.00
Cell [48,97]: 458.00  51.00  22.00  0.00  8.00  46.00  127.00  1018.00  2088.00
Cell [48,98]: 88.00  1651.00  626.00  326.00  185.00  154.00  144.00  424.00  1402.00
Cell [48,99]: 125.00  4137.00  393.00  18.00  8.00  0.00  0.00  11.00  0.00
Cell [48,100]: 150.00  2541.00  724.00  41.00  14.00  0.00  4.00  8.00  24.00
Cell [48,101]: 43.00  1782.00  1636.00  746.00  16.00  0.00  8.00  0.00  0.00
Cell [48,102]: 9.00  29.00  15.00  52.00  123.00  528.00  1455.00  1790.00  91.00
Cell [48,103]: 39.00  0.00  32.00  0.00  13.00  29.00  1030.00  3225.00  126.00
Cell [48,104]: 1.00  0.00  0.00  0.00  7.00  33.00  286.00  6074.00  22.00
Cell [48,105]: 7.00  0.00  24.00  3.00  0.00  29.00  1621.00  4744.00  16.00
Cell [48,106]: 61.00  658.00  269.00  201.00  231.00  206.00  177.00  320.00  9.00
Cell [48,107]: 14.00  6170.00  1088.00  22.00  15.00  14.00  0.00  13.00  33.00
Cell [48,108]: 86.00  4346.00  540.00  50.00  10.00  0.00  0.00  0.00  22.00
Cell [48,109]: 23.00  2885.00  462.00  10.00  0.00  0.00  7.00  0.00  17.00
Cell [48,110]: 14.00  1630.00  732.00  255.00  567.00  448.00  241.00  5.00  47.00
Cell [48,111]: 7.00  8.00  7.00  0.00  4.00  13.00  3042.00  898.00  45.00
Cell [48,112]: 22.00  20.00  1.00  1.00  7.00  72.00  1024.00  1913.00  127.00
Cell [48,113]: 18.00  0.00  0.00  0.00  15.00  0.00  93.00  6548.00  105.00
Cell [48,114]: 1846.00  1684.00  305.00  160.00  100.00  101.00  654.00  23.00  267.00
Cell [48,115]: 1463.00  923.00  169.00  0.00  40.00  0.00  0.00  15.00  465.00
Cell [48,116]: 853.00  159.00  58.00  35.00  0.00  0.00  0.00  0.00  172.00
Cell [48,117]: 28.00  27.00  12.00  18.00  6.00  26.00  42.00  111.00  690.00
Cell [48,118]: 58.00  15.00  6.00  9.00  0.00  0.00  8.00  5.00  753.00
Cell [48,119]: 57.00  6.00  8.00  3.00  27.00  148.00  213.00  139.00  116.00
Cell [48,120]: 0.00  43.00  166.00  48.00  198.00  41.00  172.00  96.00  21.00
Cell [48,121]: 0.00  0.00  0.00  172.00  179.00  85.00  43.00  0.00  0.00
Cell [48,122]: 0.00  222.00  179.00  95.00  14.00  0.00  0.00  0.00  0.00
Cell [48,123]: 71.00  349.00  4.00  0.00  0.00  0.00  0.00  0.00  0.00
Cell [48,124]: 4.00  4.00  9.00  0.00  6.00  2.00  10.00  20.00  75.00
Cell [48,125]: 24.00  24.00  7.00  5.00  6.00  11.00  0.00  0.00  4.00
Cell [48,126]: 42.00  12.00  13.00  11.00  5.00  17.00  30.00  2.00  0.00
Cell [48,127]: 55.00  7.00  2.00  0.00  0.00  0.00  5.00  33.00  246.00
Cell [49,0]: 204.00  77.00  6.00  4.00  0.00  0.00  0.00  0.00  0.00
Cell [49,1]: 40.00  92.00  56.00  0.00  0.00  0.00  0.00  0.00  0.00
Cell [49,2]: 0.00  0.00  7.00  26.00  73.00  12.00  1.00  0.00  0.00
Cell [49,3]: 8.00  54.00  60.00  44.00  3.00  0.00  0.00  0.00  0.00
Cell [49,4]: 74.00  68.00  47.00  12.00  8.00  3.00  2.00  2.00  12.00
Cell [49,5]: 563.00  0.00  0.00  0.00  0.00  0.00  3.00  10.00  548.00
Cell [49,6]: 1011.00  0.00  0.00  0.00  0.00  0.00  0.00  0.00  0.00
Cell [49,7]: 50.00  52.00  14.00  10.00  33.00  9.00  0.00  0.00  0.00
Cell [49,8]: 60.00  22.00  8.00  23.00  14.00  3.00  3.00  5.00  19.00
Cell [49,9]: 0.00  0.00  0.00  48.00  83.00  70.00  39.00  31.00  31.00
Cell [49,10]: 0.00  0.00  10.00  209.00  275.00  0.00  0.00  0.00  0.00
Cell [49,11]: 0.00  0.00  0.00  38.00  184.00  135.00  0.00  0.00  0.00
Cell [49,12]: 37.00  114.00  38.00  38.00  29.00  0.00  0.00  0.00  0.00
Cell [49,13]: 36.00  13.00  7.00  0.00  3.00  1.00  3.00  21.00  93.00
Cell [49,14]: 0.00  0.00  0.00  0.00  51.00  14.00  15.00  61.00  40.00
Cell [49,15]: 1112.00  14.00  6.00  12.00  30.00  24.00  0.00  0.00  50.00
Cell [49,16]: 301.00  27.00  31.00  7.00  1.00  9.00  5.00  50.00  256.00
Cell [49,17]: 264.00  175.00  313.00  219.00  0.00  0.00  0.00  0.00  120.00
Cell [49,18]: 0.00  0.00  126.00  111.00  34.00  88.00  264.00  130.00  24.00
Cell [49,19]: 131.00  1211.00  146.00  93.00  53.00  54.00  0.00  0.00  0.00
Cell [49,20]: 0.00  0.00  2.00  4.00  9.00  29.00  42.00  40.00  0.00
Cell [49,21]: 0.00  0.00  0.00  0.00  0.00  0.00  0.00  252.00  433.00
Cell [49,22]: 46.00  11.00  12.00  1.00  10.00  4.00  18.00  82.00  1864.00
Cell [49,23]: 483.00  0.00  0.00  0.00  0.00  0.00  0.00  315.00  574.00
Cell [49,24]: 146.00  34.00  0.00  0.00  0.00  0.00  0.00  0.00  1700.00
Cell [49,25]: 270.00  108.00  64.00  35.00  0.00  0.00  0.00  118.00  755.00
Cell [49,26]: 3.00  1.00  0.00  0.00  0.00  0.00  0.00  51.00  193.00
Cell [49,27]: 0.00  0.00  0.00  0.00  0.00  0.00  41.00  147.00  21.00
Cell [49,28]: 0.00  0.00  0.00  0.00  34.00  161.00  40.00  3.00  0.00
Cell [49,29]: 0.00  0.00  0.00  0.00  20.00  211.00  45.00  2.00  0.00
Cell [49,30]: 0.00  8.00  19.00  33.00  48.00  28.00  15.00  0.00  0.00
Cell [49,31]: 56.00  24.00  16.00  0.00  0.00  0.00  3.00  2.00  69.00
Cell [49,32]: 0.00  6.00  1.00  1.00  4.00  1.00  10.00  20.00  223.00
Cell [49,33]: 26.00  18.00  21.00  3.00  2.00  6.00  1.00  13.00  34.00
Cell [49,34]: 29.00  36.00  27.00  12.00  9.00  6.00  7.00  11.00  14.00
Cell [49,35]: 0.00  108.00  61.00  10.00  3.00  3.00  3.00  5.00  3.00
Cell [49,36]: 17.00  5.00  2.00  1.00  0.00  2.00  5.00  28.00  83.00
Cell [49,37]: 0.00  0.00  0.00  0.00  4.00  3.00  25.00  69.00  175.00
Cell [49,38]: 7.00  0.00  6.00  7.00  3.00  0.00  0.00  4.00  35.00
Cell [49,39]: 117.00  9.00  3.00  1.00  2.00  2.00  0.00  0.00  198.00
Cell [49,40]: 1301.00  20.00  1.00  0.00  3.00  4.00  9.00  0.00  90.00
Cell [49,41]: 9.00  1.00  2.00  5.00  6.00  5.00  8.00  62.00  56.00
Cell [49,42]: 68.00  137.00  11.00  10.00  6.00  4.00  0.00  0.00  0.00
Cell [49,43]: 74.00  182.00  61.00  16.00  0.00  0.00  0.00  0.00  0.00
Cell [49,44]: 0.00  7.00  46.00  30.00  15.00  17.00  11.00  3.00  0.00
Cell [49,45]: 6.00  46.00  11.00  5.00  5.00  7.00  43.00  16.00  7.00
Cell [49,46]: 60.00  137.00  60.00  18.00  3.00  0.00  0.00  0.00  0.00
Cell [49,47]: 302.00  12.00  8.00  5.00  4.00  1.00  0.00  0.00  88.00
Cell [49,48]: 1478.00  0.00  0.00  0.00  0.00  0.00  0.00  0.00  198.00
Cell [49,49]: 204.00  142.00  30.00  2.00  2.00  0.00  3.00  0.00  23.00
Cell [49,50]: 9.00  9.00  3.00  8.00  13.00  12.00  5.00  9.00  31.00
Cell [49,51]: 61.00  0.00  0.00  0.00  0.00  12.00  15.00  23.00  165.00
Cell [49,52]: 0.00  0.00  0.00  101.00  88.00  44.00  8.00  5.00  10.00
Cell [49,53]: 0.00  13.00  158.00  164.00  82.00  0.00  0.00  0.00  0.00
Cell [49,54]: 69.00  46.00  42.00  24.00  6.00  17.00  6.00  0.00  12.00
Cell [49,55]: 264.00  56.00  6.00  0.00  2.00  1.00  1.00  0.00  5.00
Cell [49,56]: 75.00  0.00  0.00  0.00  0.00  0.00  0.00  138.00  133.00
Cell [49,57]: 0.00  0.00  1.00  3.00  64.00  97.00  77.00  0.00  1.00
Cell [49,58]: 1010.00  14.00  0.00  6.00  15.00  3.00  71.00  4.00  97.00
Cell [49,59]: 222.00  70.00  33.00  17.00  2.00  18.00  30.00  31.00  242.00
Cell [49,60]: 266.00  284.00  231.00  288.00  0.00  0.00  0.00  0.00  105.00
Cell [49,61]: 33.00  0.00  89.00  265.00  74.00  34.00  231.00  92.00  72.00
Cell [49,62]: 205.00  732.00  167.00  96.00  118.00  93.00  100.00  0.00  21.00
Cell [49,63]: 11.00  6.00  9.00  7.00  5.00  30.00  92.00  87.00  4.00
Cell [49,64]: 21.00  7.00  6.00  33.00  25.00  18.00  39.00  163.00  41.00
Cell [49,65]: 56.00  22.00  11.00  0.00  0.00  7.00  18.00  107.00  1511.00
Cell [49,66]: 149.00  36.00  5.00  16.00  1.00  6.00  17.00  121.00  944.00
Cell [49,67]: 317.00  0.00  0.00  0.00  0.00  0.00  0.00  401.00  1258.00
Cell [49,68]: 72.00  29.00  0.00  0.00  0.00  0.00  0.00  682.00  1352.00
Cell [49,69]: 71.00  51.00  4.00  0.00  2.00  0.00  9.00  18.00  2012.00
Cell [49,70]: 34.00  0.00  0.00  0.00  0.00  16.00  28.00  45.00  132.00
Cell [49,71]: 50.00  0.00  0.00  3.00  2.00  23.00  49.00  63.00  57.00
Cell [49,72]: 0.00  0.00  7.00  12.00  26.00  295.00  62.00  0.00  0.00
Cell [49,73]: 2.00  2.00  5.00  6.00  56.00  192.00  0.00  0.00  0.00
Cell [49,74]: 0.00  5.00  82.00  41.00  33.00  3.00  4.00  3.00  2.00
Cell [49,75]: 196.00  12.00  2.00  5.00  8.00  2.00  5.00  0.00  220.00
Cell [49,76]: 109.00  34.00  4.00  4.00  1.00  0.00  0.00  16.00  224.00
Cell [49,77]: 38.00  114.00  29.00  28.00  13.00  28.00  48.00  33.00  23.00
Cell [49,78]: 13.00  148.00  43.00  24.00  18.00  26.00  11.00  7.00  8.00
Cell [49,79]: 0.00  129.00  50.00  20.00  6.00  12.00  15.00  57.00  86.00
Cell [49,80]: 15.00  2.00  3.00  0.00  0.00  0.00  7.00  87.00  146.00
Cell [49,81]: 2.00  23.00  33.00  14.00  22.00  5.00  43.00  151.00  26.00
Cell [49,82]: 21.00  72.00  7.00  0.00  4.00  0.00  3.00  5.00  121.00
Cell [49,83]: 68.00  34.00  14.00  9.00  3.00  1.00  2.00  6.00  106.00
Cell [49,84]: 84.00  0.00  0.00  0.00  8.00  11.00  20.00  38.00  285.00
Cell [49,85]: 2.00  2.00  4.00  4.00  3.00  8.00  24.00  24.00  22.00
Cell [49,86]: 22.00  26.00  24.00  10.00  39.00  19.00  10.00  6.00  14.00
Cell [49,87]: 1210.00  4.00  0.00  6.00  0.00  0.00  2.00  26.00  499.00
Cell [49,88]: 59.00  0.00  0.00  0.00  0.00  0.00  0.00  0.00  895.00
Cell [49,89]: 120.00  32.00  10.00  5.00  1.00  0.00  2.00  2.00  122.00
Cell [49,90]: 9.00  18.00  52.00  26.00  23.00  7.00  0.00  0.00  2.00
Cell [49,91]: 21.00  22.00  38.00  28.00  23.00  11.00  13.00  3.00  3.00
Cell [49,92]: 35.00  14.00  10.00  8.00  12.00  20.00  19.00  43.00  85.00
Cell [49,93]: 53.00  6.00  1.00  0.00  0.00  0.00  2.00  12.00  107.00
Cell [49,94]: 1318.00  5.00  3.00  3.00  3.00  2.00  5.00  9.00  16.00
Cell [49,95]: 1742.00  60.00  0.00  0.00  0.00  0.00  0.00  0.00  0.00
Cell [49,96]: 191.00  166.00  31.00  2.00  0.00  0.00  11.00  59.00  145.00
Cell [49,97]: 282.00  0.00  0.00  0.00  4.00  0.00  0.00  90.00  3416.00
Cell [49,98]: 889.00  1282.00  90.00  290.00  193.00  28.00  135.00  136.00  778.00
Cell [49,99]: 430.00  1263.00  646.00  159.00  39.00  22.00  12.00  30.00  34.00
Cell [49,100]: 28.00  2691.00  1328.00  21.00  4.00  6.00  0.00  3.00  0.00
Cell [49,101]: 12.00  5167.00  719.00  297.00  7.00  8.00  0.00  0.00  0.00
Cell [49,102]: 0.00  0.00  0.00  2.00  85.00  144.00  435.00  5604.00  64.00
Cell [49,103]: 12.00  6.00  9.00  5.00  30.00  22.00  423.00  3368.00  25.00
Cell [49,104]: 15.00  10.00  10.00  0.00  0.00  24.00  1464.00  2877.00  37.00
Cell [49,105]: 0.00  0.00  0.00  0.00  0.00  28.00  263.00  6919.00  24.00
Cell [49,106]: 0.00  2077.00  1498.00  68.00  586.00  220.00  578.00  1859.00  0.00
Cell [49,107]: 97.00  4998.00  1127.00  13.00  13.00  0.00  0.00  0.00  13.00
Cell [49,108]: 269.00  1842.00  601.00  102.00  10.00  0.00  6.00  12.00  29.00
Cell [49,109]: 56.00  3354.00  403.00  18.00  0.00  5.00  7.00  6.00  8.00
Cell [49,110]: 25.00  4482.00  522.00  142.00  165.00  155.00  152.00  112.00  0.00
Cell [49,111]: 0.00  8.00  0.00  0.00  21.00  43.00  5419.00  1892.00  17.00
Cell [49,112]: 0.00  6.00  0.00  16.00  3.00  51.00  1029.00  1773.00  106.00
Cell [49,113]: 0.00  46.00  10.00  0.00  33.00  46.00  259.00  2449.00  356.00
Cell [49,114]: 1967.00  684.00  254.00  95.00  600.00  255.00  304.00  306.00  697.00
Cell [49,115]: 1380.00  176.00  7.00  26.00  14.00  0.00  16.00  88.00  218.00
Cell [49,116]: 411.00  0.00  0.00  0.00  27.00  57.00  122.00  382.00  772.00
Cell [49,117]: 71.00  29.00  3.00  16.00  0.00  0.00  90.00  174.00  305.00
Cell [49,118]: 64.00  19.00  8.00  7.00  15.00  9.00  3.00  0.00  1329.00
Cell [49,119]: 21.00  82.00  54.00  11.00  0.00  0.00  0.00  9.00  12.00
Cell [49,120]: 14.00  16.00  69.00  11.00  6.00  5.00  9.00  35.00  11.00
Cell [49,121]: 11.00  8.00  22.00  83.00  29.00  8.00  6.00  7.00  32.00
Cell [49,122]: 32.00  60.00  51.00  73.00  7.00  0.00  0.00  0.00  6.00
Cell [49,123]: 100.00  21.00  0.00  0.00  0.00  0.00  9.00  23.00  64.00
Cell [49,124]: 25.00  146.00  70.00  3.00  6.00  1.00  0.00  0.00  3.00
Cell [49,125]: 6.00  19.00  232.00  107.00  3.00  0.00  0.00  0.00  0.00
Cell [49,126]: 0.00  0.00  0.00  32.00  226.00  104.00  0.00  0.00  0.00
Cell [49,127]: 24.00  136.00  180.00  99.00  18.00  0.00  0.00  0.00  0.00
Cell [50,0]: 120.00  127.00  15.00  16.00  0.00  0.00  0.00  0.00  0.00
Cell [50,1]: 82.00  142.00  21.00  3.00  0.00  0.00  0.00  0.00  0.00
Cell [50,2]: 0.00  7.00  16.00  64.00  47.00  0.00  0.00  0.00  0.00
Cell [50,3]: 0.00  7.00  17.00  38.00  39.00  0.00  0.00  0.00  0.00
Cell [50,4]: 26.00  8.00  0.00  1.00  1.00  0.00  1.00  22.00  59.00
Cell [50,5]: 908.00  3.00  0.00  0.00  0.00  0.00  0.00  0.00  298.00
Cell [50,6]: 1048.00  0.00  0.00  0.00  0.00  0.00  0.00  0.00  0.00
Cell [50,7]: 69.00  69.00  12.00  9.00  4.00  0.00  0.00  0.00  0.00
Cell [50,8]: 13.00  10.00  0.00  0.00  10.00  12.00  2.00  3.00  6.00
Cell [50,9]: 76.00  43.00  89.00  33.00  0.00  0.00  0.00  0.00  86.00
Cell [50,10]: 27.00  20.00  37.00  165.00  71.00  46.00  6.00  5.00  21.00
Cell [50,11]: 22.00  0.00  0.00  0.00  0.00  97.00  107.00  57.00  49.00
Cell [50,12]: 0.00  0.00  32.00  125.00  28.00  23.00  0.00  0.00  0.00
Cell [50,13]: 0.00  0.00  2.00  6.00  16.00  19.00  34.00  147.00  0.00
Cell [50,14]: 0.00  0.00  0.00  0.00  41.00  18.00  45.00  16.00  0.00
Cell [50,15]: 1107.00  18.00  2.00  6.00  14.00  5.00  0.00  0.00  12.00
Cell [50,16]: 81.00  38.00  87.00  92.00  51.00  73.00  53.00  51.00  81.00
Cell [50,17]: 419.00  754.00  257.00  44.00  0.00  0.00  0.00  0.00  130.00
Cell [50,18]: 0.00  0.00  44.00  608.00  360.00  106.00  62.00  13.00  0.00
Cell [50,19]: 143.00  94.00  77.00  80.00  29.00  27.00  34.00  29.00  28.00
Cell [50,20]: 0.00  1.00  1.00  2.00  0.00  1.00  12.00  11.00  4.00
Cell [50,21]: 82.00  9.00  0.00  0.00  0.00  0.00  0.00  13.00  288.00
Cell [50,22]: 0.00  16.00  8.00  39.00  23.00  8.00  0.00  73.00  1995.00
Cell [50,23]: 64.00  145.00  211.00  126.00  0.00  0.00  0.00  244.00  189.00
Cell [50,24]: 1680.00  0.00  0.00  0.00  0.00  0.00  0.00  33.00  727.00
Cell [50,25]: 572.00  65.00  0.00  0.00  0.00  0.00  13.00  57.00  943.00
Cell [50,26]: 69.00  30.00  12.00  6.00  3.00  0.00  0.00  0.00  314.00
Cell [50,27]: 25.00  16.00  13.00  0.00  0.00  0.00  2.00  4.00  51.00
Cell [50,28]: 2.00  0.00  0.00  1.00  5.00  12.00  21.00  14.00  11.00
Cell [50,29]: 27.00  15.00  1.00  0.00  0.00  0.00  5.00  24.00  19.00
Cell [50,30]: 67.00  31.00  10.00  7.00  0.00  0.00  0.00  8.00  13.00
Cell [50,31]: 0.00  1.00  1.00  3.00  8.00  14.00  23.00  40.00  119.00
Cell [50,32]: 35.00  10.00  8.00  5.00  0.00  4.00  2.00  24.00  144.00
Cell [50,33]: 0.00  41.00  30.00  15.00  8.00  9.00  17.00  12.00  0.00
Cell [50,34]: 18.00  14.00  9.00  4.00  5.00  7.00  20.00  41.00  0.00
Cell [50,35]: 52.00  35.00  3.00  2.00  8.00  2.00  2.00  0.00  11.00
Cell [50,36]: 1.00  0.00  0.00  0.00  0.00  2.00  10.00  100.00  62.00
Cell [50,37]: 164.00  4.00  0.00  0.00  0.00  0.00  0.00  0.00  116.00
Cell [50,38]: 12.00  28.00  18.00  11.00  15.00  3.00  2.00  0.00  5.00
Cell [50,39]: 341.00  21.00  0.00  0.00  0.00  0.00  0.00  0.00  8.00
Cell [50,40]: 50.00  0.00  0.00  0.00  0.00  0.00  0.00  5.00  1332.00
Cell [50,41]: 23.00  6.00  3.00  0.00  3.00  7.00  104.00  57.00  9.00
Cell [50,42]: 196.00  30.00  13.00  5.00  4.00  11.00  6.00  0.00  22.00
Cell [50,43]: 172.00  30.00  20.00  8.00  0.00  0.00  0.00  0.00  44.00
Cell [50,44]: 0.00  55.00  107.00  14.00  9.00  3.00  0.00  0.00  0.00
Cell [50,45]: 0.00  3.00  11.00  25.00  51.00  118.00  59.00  0.00  0.00
Cell [50,46]: 57.00  104.00  31.00  14.00  6.00  0.00  0.00  8.00  40.00
Cell [50,47]: 3.00  2.00  5.00  6.00  29.00  17.00  0.00  0.00  394.00
Cell [50,48]: 1237.00  0.00  0.00  0.00  0.00  0.00  0.00  0.00  484.00
Cell [50,49]: 349.00  25.00  13.00  10.00  0.00  0.00  0.00  0.00  70.00
Cell [50,50]: 4.00  0.00  2.00  10.00  43.00  48.00  44.00  11.00  6.00
Cell [50,51]: 21.00  21.00  14.00  20.00  51.00  10.00  6.00  25.00  46.00
Cell [50,52]: 60.00  83.00  157.00  400.00  28.00  0.00  0.00  0.00  0.00
Cell [50,53]: 0.00  0.00  0.00  139.00  229.00  171.00  53.00  35.00  20.00
Cell [50,54]: 19.00  4.00  10.00  11.00  38.00  62.00  209.00  41.00  18.00
Cell [50,55]: 93.00  73.00  35.00  7.00  4.00  5.00  5.00  15.00  119.00
Cell [50,56]: 6.00  0.00  3.00  1.00  2.00  4.00  6.00  106.00  116.00
Cell [50,57]: 12.00  4.00  8.00  18.00  30.00  19.00  32.00  11.00  5.00
Cell [50,58]: 1053.00  5.00  8.00  4.00  0.00  0.00  30.00  35.00  47.00
Cell [50,59]: 98.00  147.00  195.00  64.00  29.00  14.00  11.00  10.00  57.00
Cell [50,60]: 385.00  829.00  263.00  0.00  0.00  0.00  0.00  0.00  80.00
Cell [50,61]: 0.00  0.00  132.00  548.00  309.00  109.00  59.00  10.00  0.00
Cell [50,62]: 44.00  15.00  14.00  25.00  68.00  78.00  68.00  143.00  274.00
Cell [50,63]: 7.00  2.00  0.00  0.00  1.00  2.00  12.00  54.00  73.00
Cell [50,64]: 58.00  5.00  2.00  0.00  0.00  0.00  0.00  3.00  407.00
Cell [50,65]: 141.00  8.00  7.00  1.00  2.00  1.00  8.00  33.00  508.00
Cell [50,66]: 13.00  51.00  112.00  27.00  25.00  12.00  6.00  82.00  1729.00
Cell [50,67]: 340.00  115.00  125.00  133.00  0.00  0.00  0.00  230.00  592.00
Cell [50,68]: 2052.00  0.00  0.00  0.00  0.00  0.00  0.00  0.00  562.00
Cell [50,69]: 344.00  31.00  6.00  0.00  0.00  0.00  0.00  49.00  1890.00
Cell [50,70]: 97.00  0.00  0.00  0.00  0.00  0.00  0.00  3.00  290.00
Cell [50,71]: 0.00  0.00  0.00  7.00  29.00  22.00  15.00  39.00  19.00
Cell [50,72]: 5.00  5.00  10.00  5.00  2.00  5.00  17.00  27.00  12.00
Cell [50,73]: 26.00  25.00  9.00  20.00  11.00  55.00  33.00  17.00  13.00
Cell [50,74]: 19.00  20.00  32.00  16.00  10.00  19.00  13.00  5.00  0.00
Cell [50,75]: 201.00  2.00  0.00  0.00  0.00  0.00  8.00  20.00  121.00
Cell [50,76]: 36.00  134.00  22.00  6.00  3.00  4.00  7.00  3.00  109.00
Cell [50,77]: 15.00  27.00  54.00  14.00  17.00  14.00  24.00  52.00  55.00
Cell [50,78]: 78.00  23.00  8.00  0.00  4.00  6.00  6.00  40.00  64.00
Cell [50,79]: 130.00  23.00  17.00  11.00  9.00  16.00  12.00  24.00  60.00
Cell [50,80]: 8.00  4.00  1.00  2.00  2.00  1.00  9.00  65.00  148.00
Cell [50,81]: 104.00  12.00  11.00  0.00  0.00  10.00  1.00  77.00  100.00
Cell [50,82]: 43.00  5.00  0.00  2.00  1.00  5.00  25.00  43.00  47.00
Cell [50,83]: 180.00  13.00  6.00  0.00  0.00  7.00  0.00  0.00  203.00
Cell [50,84]: 317.00  0.00  0.00  0.00  0.00  0.00  0.00  14.00  144.00
Cell [50,85]: 30.00  154.00  47.00  8.00  3.00  0.00  2.00  6.00  16.00
Cell [50,86]: 3.00  32.00  93.00  44.00  57.00  27.00  8.00  12.00  6.00
Cell [50,87]: 1417.00  0.00  0.00  0.00  8.00  3.00  6.00  18.00  282.00
Cell [50,88]: 746.00  0.00  0.00  0.00  0.00  0.00  0.00  0.00  321.00
Cell [50,89]: 311.00  65.00  29.00  0.00  0.00  0.00  0.00  0.00  0.00
Cell [50,90]: 5.00  96.00  96.00  35.00  2.00  0.00  0.00  0.00  0.00
Cell [50,91]: 0.00  27.00  43.00  41.00  51.00  89.00  0.00  0.00  0.00
Cell [50,92]: 0.00  14.00  20.00  19.00  36.00  88.00  22.00  6.00  0.00
Cell [50,93]: 126.00  47.00  4.00  4.00  0.00  0.00  0.00  0.00  0.00
Cell [50,94]: 1480.00  10.00  1.00  0.00  0.00  4.00  0.00  7.00  19.00
Cell [50,95]: 664.00  79.00  11.00  0.00  0.00  0.00  0.00  0.00  1048.00
Cell [50,96]: 151.00  105.00  99.00  144.00  290.00  285.00  65.00  17.00  133.00
Cell [50,97]: 1275.00  82.00  19.00  43.00  0.00  0.00  0.00  0.00  1746.00
Cell [50,98]: 658.00  428.00  220.00  168.00  66.00  48.00  59.00  39.00  283.00
Cell [50,99]: 85.00  3190.00  298.00  22.00  11.00  9.00  8.00  5.00  11.00
Cell [50,100]: 52.00  2207.00  4384.00  75.00  5.00  0.00  14.00  21.00  0.00
Cell [50,101]: 42.00  3752.00  1167.00  413.00  105.00  99.00  25.00  8.00  45.00
Cell [50,102]: 7.00  7.00  0.00  55.00  0.00  448.00  926.00  4457.00  66.00
Cell [50,103]: 0.00  0.00  1.00  4.00  34.00  13.00  258.00  5954.00  14.00
Cell [50,104]: 2.00  4.00  24.00  1.00  10.00  2.00  278.00  3461.00  0.00
Cell [50,105]: 11.00  0.00  0.00  0.00  9.00  123.00  927.00  3568.00  44.00
Cell [50,106]: 62.00  2502.00  669.00  233.00  623.00  162.00  719.00  1720.00  66.00
Cell [50,107]: 10.00  3310.00  936.00  27.00  0.00  8.00  0.00  0.00  8.00
Cell [50,108]: 11.00  2963.00  292.00  23.00  21.00  0.00  0.00  22.00  10.00
Cell [50,109]: 8.00  6574.00  383.00  17.00  3.00  0.00  0.00  0.00  4.00
Cell [50,110]: 243.00  4556.00  597.00  390.00  116.00  349.00  195.00  6.00  30.00
Cell [50,111]: 0.00  0.00  0.00  27.00  8.00  40.00  3158.00  3060.00  51.00
Cell [50,112]: 1.00  21.00  0.00  24.00  0.00  0.00  327.00  6443.00  54.00
Cell [50,113]: 79.00  41.00  17.00  5.00  4.00  23.00  560.00  1356.00  199.00
Cell [50,114]: 1939.00  343.00  106.00  156.00  189.00  137.00  137.00  359.00  845.00
Cell [50,115]: 1800.00  180.00  44.00  0.00  0.00  0.00  0.00  0.00  1312.00
Cell [50,116]: 0.00  96.00  188.00  70.00  0.00  121.00  176.00  743.00  2170.00
Cell [50,117]: 63.00  64.00  19.00  0.00  14.00  0.00  24.00  266.00  187.00
Cell [50,118]: 84.00  4.00  13.00  6.00  5.00  7.00  0.00  0.00  1683.00
Cell [50,119]: 9.00  129.00  87.00  7.00  0.00  0.00  0.00  0.00  0.00
Cell [50,120]: 2.00  7.00  37.00  33.00  3.00  5.00  5.00  6.00  9.00
Cell [50,121]: 16.00  0.00  0.00  0.00  0.00  0.00  0.00  38.00  136.00
Cell [50,122]: 11.00  3.00  0.00  0.00  0.00  0.00  4.00  15.00  62.00
Cell [50,123]: 0.00  10.00  13.00  18.00  8.00  12.00  14.00  42.00  39.00
Cell [50,124]: 64.00  260.00  180.00  2.00  0.00  0.00  0.00  0.00  0.00
Cell [50,125]: 0.00  43.00  402.00  145.00  0.00  0.00  0.00  0.00  0.00
Cell [50,126]: 0.00  0.00  0.00  42.00  313.00  233.00  0.00  0.00  0.00
Cell [50,127]: 0.00  0.00  248.00  179.00  72.00  0.00  0.00  0.00  0.00
Cell [51,0]: 116.00  59.00  14.00  12.00  0.00  0.00  0.00  0.00  0.00
Cell [51,1]: 91.00  6.00  0.00  0.00  0.00  0.00  0.00  0.00  122.00
Cell [51,2]: 10.00  9.00  10.00  3.00  0.00  1.00  2.00  0.00  14.00
Cell [51,3]: 4.00  4.00  2.00  0.00  0.00  0.00  1.00  3.00  7.00
Cell [51,4]: 23.00  7.00  15.00  2.00  0.00  0.00  7.00  19.00  27.00
Cell [51,5]: 10.00  0.00  3.00  0.00  0.00  0.00  0.00  8.00  1176.00
Cell [51,6]: 255.00  0.00  0.00  0.00  0.00  0.00  0.00  0.00  861.00
Cell [51,7]: 29.00  3.00  14.00  25.00  5.00  2.00  4.00  15.00  41.00
Cell [51,8]: 0.00  18.00  51.00  45.00  0.00  0.00  0.00  0.00  0.00
Cell [51,9]: 192.00  51.00  15.00  3.00  0.00  0.00  0.00  0.00  42.00
Cell [51,10]: 125.00  16.00  0.00  0.00  0.00  0.00  0.00  3.00  88.00
Cell [51,11]: 216.00  3.00  0.00  0.00  0.00  0.00  0.00  0.00  9.00
Cell [51,12]: 23.00  44.00  4.00  2.00  4.00  1.00  3.00  4.00  31.00
Cell [51,13]: 67.00  7.00  2.00  1.00  0.00  3.00  4.00  61.00  38.00
Cell [51,14]: 53.00  25.00  1.00  0.00  0.00  11.00  6.00  20.00  15.00
Cell [51,15]: 1077.00  6.00  0.00  0.00  0.00  0.00  1.00  5.00  9.00
Cell [51,16]: 338.00  428.00  228.00  32.00  0.00  0.00  0.00  0.00  11.00
Cell [51,17]: 0.00  1605.00  198.00  0.00  0.00  0.00  0.00  0.00  0.00
Cell [51,18]: 0.00  0.00  82.00  86.00  98.00  139.00  212.00  148.00  0.00
Cell [51,19]: 10.00  3.00  1.00  0.00  2.00  2.00  24.00  139.00  343.00
Cell [51,20]: 0.00  0.00  12.00  17.00  22.00  28.00  25.00  4.00  0.00
Cell [51,21]: 86.00  130.00  42.00  0.00  0.00  0.00  0.00  0.00  32.00
Cell [51,22]: 573.00  35.00  31.00  25.00  0.00  0.00  0.00  0.00  1218.00
Cell [51,23]: 649.00  170.00  72.00  27.00  0.00  0.00  0.00  0.00  0.00
Cell [51,24]: 2271.00  119.00  0.00  0.00  0.00  0.00  0.00  0.00  0.00
Cell [51,25]: 521.00  39.00  0.00  0.00  0.00  12.00  2.00  1.00  945.00
Cell [51,26]: 371.00  0.00  12.00  86.00  37.00  0.00  0.00  0.00  419.00
Cell [51,27]: 0.00  1.00  14.00  29.00  30.00  11.00  17.00  17.00  1.00
Cell [51,28]: 13.00  5.00  3.00  5.00  17.00  7.00  7.00  44.00  11.00
Cell [51,29]: 34.00  0.00  0.00  0.00  0.00  0.00  0.00  30.00  122.00
Cell [51,30]: 15.00  0.00  0.00  0.00  0.00  0.00  0.00  37.00  103.00
Cell [51,31]: 6.00  2.00  0.00  0.00  0.00  0.00  1.00  49.00  121.00
Cell [51,32]: 0.00  0.00  9.00  10.00  3.00  10.00  24.00  107.00  69.00
Cell [51,33]: 0.00  49.00  32.00  12.00  18.00  17.00  13.00  0.00  0.00
Cell [51,34]: 0.00  0.00  66.00  35.00  34.00  52.00  24.00  9.00  0.00
Cell [51,35]: 0.00  9.00  130.00  76.00  51.00  24.00  18.00  11.00  0.00
Cell [51,36]: 8.00  0.00  0.00  0.00  0.00  0.00  18.00  85.00  171.00
Cell [51,37]: 205.00  67.00  0.00  0.00  0.00  0.00  0.00  2.00  42.00
Cell [51,38]: 8.00  27.00  3.00  6.00  5.00  7.00  5.00  2.00  14.00
Cell [51,39]: 323.00  57.00  11.00  0.00  0.00  0.00  0.00  0.00  0.00
Cell [51,40]: 1349.00  63.00  25.00  7.00  8.00  3.00  1.00  0.00  0.00
Cell [51,41]: 6.00  54.00  39.00  9.00  20.00  18.00  88.00  30.00  0.00
Cell [51,42]: 96.00  47.00  26.00  22.00  26.00  20.00  22.00  3.00  0.00
Cell [51,43]: 164.00  58.00  24.00  0.00  0.00  0.00  0.00  30.00  78.00
Cell [51,44]: 10.00  19.00  62.00  3.00  0.00  0.00  0.00  0.00  19.00
Cell [51,45]: 3.00  3.00  4.00  5.00  17.00  49.00  24.00  2.00  1.00
Cell [51,46]: 24.00  16.00  5.00  9.00  15.00  5.00  3.00  1.00  22.00
Cell [51,47]: 42.00  6.00  0.00  1.00  1.00  1.00  1.00  4.00  456.00
Cell [51,48]: 690.00  0.00  0.00  0.00  0.00  0.00  0.00  0.00  1201.00
Cell [51,49]: 285.00  0.00  0.00  0.00  0.00  0.00  2.00  5.00  55.00
Cell [51,50]: 2.00  11.00  18.00  21.00  20.00  5.00  3.00  0.00  1.00
Cell [51,51]: 24.00  48.00  27.00  24.00  0.00  0.00  0.00  9.00  88.00
Cell [51,52]: 146.00  12.00  0.00  0.00  0.00  0.00  0.00  73.00  356.00
Cell [51,53]: 275.00  102.00  10.00  1.00  5.00  7.00  19.00  12.00  18.00
Cell [51,54]: 21.00  25.00  33.00  23.00  29.00  23.00  20.00  42.00  77.00
Cell [51,55]: 20.00  44.00  83.00  25.00  3.00  7.00  17.00  15.00  24.00
Cell [51,56]: 7.00  0.00  0.00  5.00  0.00  0.00  13.00  75.00  189.00
Cell [51,57]: 17.00  52.00  15.00  10.00  0.00  1.00  0.00  0.00  4.00
Cell [51,58]: 983.00  49.00  3.00  2.00  2.00  0.00  4.00  10.00  60.00
Cell [51,59]: 762.00  419.00  156.00  0.00  0.00  0.00  0.00  0.00  45.00
Cell [51,60]: 0.00  730.00  824.00  31.00  0.00  0.00  0.00  0.00  0.00
Cell [51,61]: 0.00  0.00  128.00  151.00  158.00  33.00  107.00  11.00  0.00
Cell [51,62]: 88.00  0.00  0.00  0.00  0.00  0.00  0.00  97.00  1037.00
Cell [51,63]: 25.00  0.00  56.00  14.00  7.00  6.00  9.00  16.00  39.00
Cell [51,64]: 100.00  85.00  14.00  0.00  0.00  7.00  4.00  18.00  73.00
Cell [51,65]: 162.00  24.00  13.00  2.00  13.00  6.00  17.00  19.00  98.00
Cell [51,66]: 590.00  105.00  35.00  0.00  0.00  5.00  12.00  33.00  1227.00
Cell [51,67]: 764.00  360.00  116.00  0.00  0.00  0.00  0.00  0.00  220.00
Cell [51,68]: 2298.00  0.00  0.00  0.00  0.00  0.00  0.00  0.00  122.00
Cell [51,69]: 318.00  0.00  0.00  0.00  0.00  0.00  0.00  0.00  1706.00
Cell [51,70]: 93.00  74.00  44.00  0.00  0.00  0.00  0.00  22.00  510.00
Cell [51,71]: 30.00  11.00  16.00  9.00  11.00  6.00  12.00  17.00  16.00
Cell [51,72]: 4.00  6.00  4.00  7.00  21.00  58.00  66.00  46.00  55.00
Cell [51,73]: 13.00  15.00  11.00  6.00  19.00  40.00  14.00  27.00  28.00
Cell [51,74]: 29.00  8.00  3.00  0.00  2.00  2.00  42.00  69.00  50.00
Cell [51,75]: 2.00  1.00  2.00  3.00  4.00  2.00  9.00  42.00  358.00
Cell [51,76]: 114.00  35.00  5.00  1.00  0.00  2.00  8.00  61.00  88.00
Cell [51,77]: 82.00  24.00  6.00  4.00  2.00  5.00  21.00  38.00  32.00
Cell [51,78]: 32.00  32.00  182.00  12.00  7.00  4.00  6.00  7.00  19.00
Cell [51,79]: 6.00  10.00  76.00  69.00  44.00  34.00  65.00  37.00  24.00
Cell [51,80]: 48.00  21.00  15.00  0.00  0.00  5.00  0.00  60.00  195.00
Cell [51,81]: 309.00  49.00  6.00  8.00  0.00  10.00  4.00  6.00  49.00
Cell [51,82]: 39.00  33.00  8.00  0.00  7.00  6.00  44.00  12.00  22.00
Cell [51,83]: 392.00  15.00  7.00  0.00  0.00  3.00  3.00  4.00  11.00
Cell [51,84]: 27.00  0.00  0.00  0.00  0.00  20.00  41.00  131.00  250.00
Cell [51,85]: 3.00  172.00  41.00  33.00  24.00  7.00  3.00  1.00  1.00
Cell [51,86]: 30.00  14.00  3.00  11.00  15.00  19.00  4.00  24.00  13.00
Cell [51,87]: 845.00  7.00  0.00  0.00  0.00  0.00  3.00  4.00  777.00
Cell [51,88]: 415.00  0.00  0.00  0.00  0.00  0.00  0.00  0.00  727.00
Cell [51,89]: 177.00  57.00  0.00  0.00  0.00  0.00  0.00  0.00  219.00
Cell [51,90]: 60.00  79.00  47.00  3.00  0.00  0.00  0.00  0.00  0.00
Cell [51,91]: 66.00  20.00  4.00  2.00  7.00  7.00  5.00  0.00  2.00
Cell [51,92]: 12.00  20.00  11.00  2.00  4.00  10.00  28.00  25.00  9.00
Cell [51,93]: 63.00  28.00  13.00  0.00  3.00  7.00  4.00  11.00  9.00
Cell [51,94]: 1586.00  304.00  13.00  6.00  12.00  20.00  0.00  25.00  323.00
Cell [51,95]: 685.00  1109.00  78.00  8.00  13.00  7.00  9.00  22.00  211.00
Cell [51,96]: 1286.00  839.00  135.00  41.00  0.00  115.00  303.00  284.00  880.00
Cell [51,97]: 1414.00  104.00  57.00  0.00  34.00  7.00  0.00  58.00  1229.00
Cell [51,98]: 1291.00  622.00  113.00  32.00  0.00  130.00  188.00  177.00  240.00
Cell [51,99]: 221.00  2388.00  3363.00  110.00  24.00  0.00  22.00  0.00  102.00
Cell [51,100]: 69.00  4518.00  882.00  40.00  0.00  4.00  0.00  6.00  4.00
Cell [51,101]: 96.00  841.00  1085.00  202.00  350.00  30.00  37.00  0.00  4.00
Cell [51,102]: 0.00  0.00  29.00  26.00  27.00  154.00  839.00  2528.00  162.00
Cell [51,103]: 5.00  0.00  18.00  0.00  8.00  0.00  669.00  5454.00  284.00
Cell [51,104]: 31.00  7.00  13.00  27.00  10.00  31.00  149.00  5138.00  32.00
Cell [51,105]: 8.00  16.00  0.00  17.00  0.00  21.00  738.00  4010.00  83.00
Cell [51,106]: 103.00  1330.00  400.00  258.00  760.00  284.00  444.00  976.00  21.00
Cell [51,107]: 119.00  2767.00  951.00  0.00  0.00  7.00  2.00  8.00  0.00
Cell [51,108]: 46.00  5939.00  464.00  0.00  23.00  17.00  0.00  26.00  0.00
Cell [51,109]: 0.00  6198.00  282.00  8.00  0.00  8.00  3.00  0.00  7.00
Cell [51,110]: 251.00  1222.00  419.00  135.00  42.00  33.00  33.00  98.00  158.00
Cell [51,111]: 83.00  9.00  37.00  0.00  76.00  337.00  914.00  1411.00  243.00
Cell [51,112]: 3.00  0.00  0.00  0.00  8.00  11.00  561.00  6181.00  17.00
Cell [51,113]: 0.00  0.00  0.00  3.00  17.00  0.00  223.00  4468.00  837.00
Cell [51,114]: 955.00  280.00  97.00  111.00  42.00  104.00  14.00  250.00  1899.00
Cell [51,115]: 2195.00  0.00  13.00  29.00  15.00  9.00  10.00  175.00  2386.00
Cell [51,116]: 940.00  246.00  39.00  6.00  0.00  75.00  206.00  856.00  2046.00
Cell [51,117]: 32.00  71.00  251.00  147.00  31.00  127.00  246.00  677.00  19.00
Cell [51,118]: 616.00  464.00  200.00  75.00  0.00  0.00  0.00  2.00  130.00
Cell [51,119]: 48.00  4.00  0.00  0.00  0.00  4.00  22.00  13.00  46.00
Cell [51,120]: 13.00  8.00  3.00  15.00  27.00  15.00  2.00  2.00  0.00
Cell [51,121]: 8.00  0.00  1.00  2.00  12.00  49.00  16.00  20.00  63.00
Cell [51,122]: 0.00  0.00  0.00  0.00  0.00  73.00  86.00  13.00  0.00
Cell [51,123]: 8.00  8.00  10.00  12.00  8.00  21.00  40.00  17.00  0.00
Cell [51,124]: 497.00  24.00  0.00  0.00  0.00  0.00  0.00  0.00  0.00
Cell [51,125]: 346.00  354.00  72.00  0.00  0.00  0.00  0.00  0.00  0.00
Cell [51,126]: 0.00  13.00  42.00  60.00  58.00  156.00  98.00  65.00  46.00
Cell [51,127]: 11.00  25.00  44.00  104.00  57.00  31.00  13.00  7.00  7.00
Cell [52,0]: 32.00  31.00  24.00  26.00  23.00  0.00  0.00  0.00  32.00
Cell [52,1]: 70.00  49.00  44.00  0.00  0.00  0.00  0.00  0.00  67.00
Cell [52,2]: 37.00  32.00  17.00  11.00  11.00  10.00  4.00  4.00  7.00
Cell [52,3]: 0.00  7.00  22.00  24.00  10.00  49.00  9.00  4.00  10.00
Cell [52,4]: 0.00  15.00  218.00  0.00  0.00  0.00  0.00  0.00  0.00
Cell [52,5]: 0.00  0.00  0.00  6.00  13.00  2.00  9.00  27.00  1080.00
Cell [52,6]: 0.00  0.00  0.00  0.00  0.00  0.00  9.00  228.00  964.00
Cell [52,7]: 0.00  0.00  0.00  86.00  90.00  61.00  69.00  13.00  0.00
Cell [52,8]: 0.00  0.00  0.00  134.00  60.00  10.00  1.00  2.00  1.00
Cell [52,9]: 16.00  10.00  8.00  9.00  15.00  15.00  12.00  19.00  48.00
Cell [52,10]: 14.00  5.00  8.00  28.00  46.00  99.00  31.00  69.00  6.00
Cell [52,11]: 54.00  18.00  35.00  39.00  8.00  0.00  1.00  6.00  22.00
Cell [52,12]: 4.00  2.00  0.00  67.00  43.00  8.00  6.00  7.00  7.00
Cell [52,13]: 14.00  56.00  31.00  56.00  51.00  0.00  0.00  0.00  0.00
Cell [52,14]: 36.00  16.00  7.00  0.00  0.00  1.00  1.00  4.00  18.00
Cell [52,15]: 1162.00  0.00  0.00  0.00  2.00  0.00  0.00  14.00  28.00
Cell [52,16]: 1040.00  0.00  0.00  0.00  0.00  0.00  0.00  0.00  599.00
Cell [52,17]: 990.00  418.00  10.00  0.00  0.00  0.00  0.00  0.00  0.00
Cell [52,18]: 0.00  7.00  21.00  43.00  136.00  25.00  39.00  107.00  159.00
Cell [52,19]: 60.00  5.00  4.00  3.00  13.00  1.00  0.00  0.00  983.00
Cell [52,20]: 0.00  37.00  34.00  46.00  20.00  6.00  4.00  0.00  0.00
Cell [52,21]: 0.00  155.00  208.00  0.00  0.00  0.00  0.00  0.00  0.00
Cell [52,22]: 1400.00  120.00  13.00  0.00  0.00  2.00  0.00  8.00  24.00
Cell [52,23]: 564.00  132.00  93.00  0.00  0.00  0.00  0.00  0.00  77.00
Cell [52,24]: 656.00  0.00  0.00  0.00  0.00  0.00  0.00  0.00  1653.00
Cell [52,25]: 826.00  24.00  0.00  2.00  0.00  0.00  0.00  11.00  390.00
Cell [52,26]: 790.00  15.00  13.00  10.00  46.00  28.00  0.00  0.00  287.00
Cell [52,27]: 0.00  0.00  0.00  0.00  42.00  49.00  63.00  59.00  0.00
Cell [52,28]: 6.00  8.00  6.00  9.00  10.00  15.00  32.00  67.00  8.00
Cell [52,29]: 62.00  8.00  0.00  0.00  0.00  6.00  6.00  6.00  23.00
Cell [52,30]: 5.00  0.00  0.00  0.00  0.00  2.00  13.00  50.00  74.00
Cell [52,31]: 64.00  21.00  10.00  15.00  26.00  7.00  11.00  18.00  25.00
Cell [52,32]: 0.00  0.00  0.00  8.00  36.00  67.00  171.00  45.00  0.00
Cell [52,33]: 0.00  0.00  16.00  102.00  78.00  6.00  0.00  0.00  0.00
Cell [52,34]: 0.00  24.00  67.00  130.00  44.00  22.00  0.00  0.00  0.00
Cell [52,35]: 0.00  54.00  67.00  21.00  8.00  9.00  14.00  61.00  38.00
Cell [52,36]: 0.00  0.00  0.00  1.00  3.00  13.00  27.00  106.00  248.00
Cell [52,37]: 73.00  49.00  25.00  8.00  8.00  0.00  0.00  5.00  62.00
Cell [52,38]: 36.00  81.00  4.00  0.00  0.00  1.00  2.00  3.00  17.00
Cell [52,39]: 352.00  183.00  9.00  0.00  0.00  0.00  0.00  0.00  0.00
Cell [52,40]: 871.00  58.00  48.00  0.00  0.00  0.00  0.00  36.00  286.00
Cell [52,41]: 11.00  12.00  1.00  4.00  3.00  6.00  124.00  46.00  10.00
Cell [52,42]: 35.00  12.00  10.00  8.00  12.00  26.00  18.00  7.00  8.00
Cell [52,43]: 47.00  0.00  0.00  0.00  0.00  0.00  0.00  49.00  138.00
Cell [52,44]: 33.00  2.00  6.00  0.00  4.00  5.00  11.00  3.00  139.00
Cell [52,45]: 5.00  4.00  1.00  5.00  13.00  19.00  15.00  51.00  15.00
Cell [52,46]: 23.00  48.00  9.00  8.00  0.00  0.00  2.00  23.00  23.00
Cell [52,47]: 28.00  58.00  31.00  0.00  0.00  0.00  9.00  7.00  326.00
Cell [52,48]: 0.00  0.00  0.00  0.00  0.00  0.00  0.00  0.00  2009.00
Cell [52,49]: 15.00  1.00  6.00  9.00  11.00  32.00  58.00  112.00  174.00
Cell [52,50]: 0.00  2.00  82.00  99.00  3.00  0.00  0.00  0.00  0.00
Cell [52,51]: 19.00  27.00  41.00  32.00  23.00  14.00  0.00  1.00  26.00
Cell [52,52]: 74.00  172.00  17.00  0.00  0.00  24.00  89.00  123.00  97.00
Cell [52,53]: 162.00  48.00  22.00  23.00  44.00  0.00  8.00  21.00  182.00
Cell [52,54]: 42.00  5.00  0.00  2.00  0.00  0.00  21.00  17.00  145.00
Cell [52,55]: 0.00  4.00  14.00  53.00  34.00  54.00  88.00  30.00  7.00
Cell [52,56]: 140.00  85.00  32.00  24.00  35.00  0.00  0.00  0.00  7.00
Cell [52,57]: 14.00  69.00  42.00  6.00  0.00  0.00  43.00  29.00  17.00
Cell [52,58]: 1102.00  55.00  2.00  1.00  1.00  3.00  21.00  9.00  118.00
Cell [52,59]: 1932.00  0.00  0.00  0.00  0.00  0.00  0.00  0.00  156.00
Cell [52,60]: 534.00  390.00  100.00  31.00  0.00  0.00  0.00  0.00  0.00
Cell [52,61]: 0.00  0.00  32.00  105.00  113.00  27.00  9.00  59.00  31.00
Cell [52,62]: 30.00  1.00  0.00  0.00  0.00  1.00  20.00  41.00  1594.00
Cell [52,63]: 0.00  0.00  54.00  71.00  46.00  46.00  14.00  0.00  0.00
Cell [52,64]: 0.00  24.00  202.00  117.00  0.00  0.00  0.00  0.00  0.00
Cell [52,65]: 56.00  84.00  1.00  76.00  47.00  118.00  26.00  8.00  9.00
Cell [52,66]: 1184.00  181.00  11.00  3.00  4.00  0.00  0.00  0.00  87.00
Cell [52,67]: 260.00  83.00  0.00  0.00  0.00  0.00  0.00  0.00  937.00
Cell [52,68]: 587.00  0.00  0.00  0.00  0.00  0.00  0.00  0.00  1800.00
Cell [52,69]: 390.00  27.00  23.00  0.00  0.00  5.00  3.00  3.00  1151.00
Cell [52,70]: 653.00  53.00  38.00  77.00  5.00  0.00  0.00  0.00  354.00
Cell [52,71]: 12.00  8.00  0.00  6.00  6.00  9.00  16.00  130.00  93.00
Cell [52,72]: 97.00  49.00  12.00  8.00  16.00  8.00  26.00  20.00  43.00
Cell [52,73]: 25.00  14.00  5.00  4.00  4.00  1.00  11.00  10.00  26.00
Cell [52,74]: 45.00  0.00  0.00  0.00  0.00  0.00  56.00  74.00  99.00
Cell [52,75]: 12.00  9.00  6.00  0.00  5.00  10.00  66.00  80.00  180.00
Cell [52,76]: 69.00  52.00  19.00  16.00  17.00  31.00  116.00  57.00  15.00
Cell [52,77]: 10.00  40.00  10.00  8.00  2.00  13.00  83.00  27.00  27.00
Cell [52,78]: 117.00  151.00  60.00  25.00  0.00  26.00  0.00  0.00  23.00
Cell [52,79]: 145.00  32.00  39.00  18.00  32.00  21.00  30.00  73.00  166.00
Cell [52,80]: 106.00  5.00  6.00  3.00  4.00  3.00  7.00  14.00  248.00
Cell [52,81]: 57.00  21.00  0.00  0.00  8.00  6.00  16.00  79.00  141.00
Cell [52,82]: 53.00  100.00  31.00  8.00  6.00  3.00  1.00  3.00  6.00
Cell [52,83]: 403.00  89.00  29.00  4.00  3.00  15.00  0.00  0.00  0.00
Cell [52,84]: 0.00  0.00  0.00  18.00  36.00  91.00  307.00  126.00  0.00
Cell [52,85]: 5.00  7.00  14.00  16.00  20.00  64.00  84.00  3.00  1.00
Cell [52,86]: 11.00  41.00  196.00  96.00  41.00  45.00  12.00  7.00  0.00
Cell [52,87]: 1055.00  25.00  32.00  0.00  0.00  34.00  17.00  2.00  315.00
Cell [52,88]: 648.00  0.00  0.00  0.00  0.00  0.00  0.00  0.00  310.00
Cell [52,89]: 0.00  0.00  0.00  0.00  0.00  0.00  0.00  7.00  564.00
Cell [52,90]: 21.00  13.00  0.00  0.00  0.00  0.00  0.00  42.00  114.00
Cell [52,91]: 42.00  21.00  0.00  0.00  1.00  0.00  1.00  20.00  26.00
Cell [52,92]: 97.00  29.00  17.00  12.00  16.00  9.00  0.00  0.00  0.00
Cell [52,93]: 0.00  0.00  0.00  0.00  0.00  20.00  40.00  108.00  59.00
Cell [52,94]: 185.00  0.00  1.00  0.00  0.00  2.00  23.00  1191.00  1391.00
Cell [52,95]: 1245.00  153.00  18.00  18.00  0.00  0.00  0.00  47.00  1708.00
Cell [52,96]: 1663.00  611.00  0.00  30.00  0.00  19.00  31.00  188.00  1821.00
Cell [52,97]: 1230.00  136.00  0.00  73.00  22.00  0.00  109.00  121.00  2106.00
Cell [52,98]: 462.00  2523.00  403.00  108.00  84.00  0.00  28.00  59.00  886.00
Cell [52,99]: 12.00  4606.00  748.00  33.00  0.00  0.00  0.00  5.00  8.00
Cell [52,100]: 84.00  2202.00  426.00  248.00  0.00  10.00  37.00  10.00  43.00
Cell [52,101]: 129.00  1619.00  676.00  207.00  223.00  24.00  42.00  11.00  10.00
Cell [52,102]: 19.00  8.00  5.00  0.00  5.00  265.00  837.00  2164.00  69.00
Cell [52,103]: 26.00  21.00  0.00  36.00  0.00  38.00  803.00  3787.00  57.00
Cell [52,104]: 0.00  0.00  0.00  0.00  6.00  0.00  330.00  6581.00  12.00
Cell [52,105]: 25.00  20.00  36.00  15.00  27.00  10.00  404.00  3550.00  75.00
Cell [52,106]: 260.00  847.00  375.00  141.00  32.00  54.00  519.00  989.00  219.00
Cell [52,107]: 24.00  4134.00  548.00  32.00  0.00  0.00  0.00  9.00  12.00
Cell [52,108]: 8.00  6357.00  369.00  10.00  0.00  6.00  0.00  0.00  0.00
Cell [52,109]: 232.00  2903.00  347.00  277.00  15.00  34.00  35.00  48.00  61.00
Cell [52,110]: 225.00  1489.00  560.00  227.00  145.00  385.00  31.00  32.00  42.00
Cell [52,111]: 31.00  0.00  59.00  35.00  93.00  244.00  882.00  1555.00  176.00
Cell [52,112]: 0.00  0.00  4.00  0.00  6.00  0.00  249.00  3542.00  24.00
Cell [52,113]: 0.00  0.00  0.00  0.00  0.00  13.00  64.00  7689.00  107.00
Cell [52,114]: 2266.00  51.00  32.00  14.00  26.00  324.00  270.00  1188.00  1294.00
Cell [52,115]: 1042.00  372.00  173.00  51.00  0.00  0.00  52.00  57.00  2413.00
Cell [52,116]: 2287.00  220.00  58.00  6.00  0.00  0.00  5.00  60.00  720.00
Cell [52,117]: 215.00  163.00  136.00  172.00  25.00  62.00  118.00  3.00  78.00
Cell [52,118]: 631.00  97.00  14.00  16.00  16.00  0.00  0.00  61.00  267.00
Cell [52,119]: 1.00  0.00  2.00  8.00  27.00  9.00  19.00  5.00  1.00
Cell [52,120]: 33.00  80.00  9.00  2.00  13.00  5.00  5.00  8.00  18.00
Cell [52,121]: 0.00  36.00  33.00  45.00  121.00  25.00  0.00  0.00  0.00
Cell [52,122]: 0.00  0.00  0.00  0.00  0.00  146.00  183.00  0.00  0.00
Cell [52,123]: 0.00  0.00  9.00  12.00  20.00  112.00  77.00  0.00  0.00
Cell [52,124]: 437.00  52.00  19.00  2.00  0.00  0.00  0.00  0.00  24.00
Cell [52,125]: 407.00  0.00  0.00  0.00  0.00  16.00  31.00  67.00  184.00
Cell [52,126]: 128.00  41.00  25.00  43.00  42.00  24.00  10.00  4.00  14.00
Cell [52,127]: 59.00  63.00  53.00  11.00  0.00  1.00  0.00  0.00  22.00
Cell [53,0]: 0.00  5.00  5.00  164.00  124.00  2.00  0.00  0.00  0.00
Cell [53,1]: 4.00  8.00  221.00  46.00  0.00  0.00  0.00  0.00  3.00
Cell [53,2]: 2.00  6.00  84.00  42.00  26.00  0.00  0.00  0.00  8.00
Cell [53,3]: 1.00  4.00  26.00  48.00  72.00  26.00  0.00  0.00  0.00
Cell [53,4]: 3.00  18.00  114.00  42.00  0.00  0.00  0.00  0.00  3.00
Cell [53,5]: 0.00  0.00  0.00  0.00  6.00  2.00  6.00  19.00  1025.00
Cell [53,6]: 0.00  0.00  0.00  0.00  0.00  64.00  108.00  202.00  692.00
Cell [53,7]: 0.00  0.00  0.00  0.00  21.00  527.00  0.00  0.00  0.00
Cell [53,8]: 0.00  0.00  0.00  0.00  47.00  153.00  126.00  8.00  2.00
Cell [53,9]: 12.00  4.00  2.00  1.00  2.00  27.00  122.00  30.00  33.00
Cell [53,10]: 1.00  2.00  1.00  19.00  70.00  64.00  5.00  1.00  0.00
Cell [53,11]: 2.00  1.00  9.00  29.00  48.00  20.00  3.00  0.00  0.00
Cell [53,12]: 7.00  13.00  24.00  16.00  32.00  66.00  11.00  3.00  6.00
Cell [53,13]: 0.00  2.00  4.00  37.00  70.00  53.00  6.00  3.00  0.00
Cell [53,14]: 1.00  1.00  3.00  17.00  101.00  2.00  4.00  1.00  0.00
Cell [53,15]: 638.00  5.00  5.00  9.00  13.00  0.00  0.00  0.00  540.00
Cell [53,16]: 298.00  0.00  0.00  0.00  0.00  0.00  0.00  0.00  1608.00
Cell [53,17]: 677.00  14.00  0.00  0.00  0.00  0.00  0.00  0.00  626.00
Cell [53,18]: 86.00  36.00  12.00  20.00  7.00  1.00  15.00  33.00  139.00
Cell [53,19]: 240.00  15.00  0.00  6.00  13.00  16.00  1.00  0.00  1225.00
Cell [53,20]: 18.00  48.00  24.00  23.00  28.00  18.00  4.00  0.00  0.00
Cell [53,21]: 349.00  66.00  0.00  0.00  0.00  0.00  0.00  0.00  0.00
Cell [53,22]: 1365.00  4.00  0.00  0.00  0.00  0.00  0.00  1.00  113.00
Cell [53,23]: 245.00  55.00  34.00  3.00  5.00  7.00  5.00  4.00  189.00
Cell [53,24]: 1654.00  0.00  0.00  0.00  0.00  0.00  0.00  0.00  709.00
Cell [53,25]: 940.00  19.00  8.00  0.00  0.00  0.00  2.00  15.00  171.00
Cell [53,26]: 1135.00  58.00  16.00  3.00  0.00  0.00  0.00  0.00  11.00
Cell [53,27]: 15.00  1.00  8.00  7.00  19.00  25.00  30.00  111.00  23.00
Cell [53,28]: 0.00  0.00  0.00  0.00  0.00  5.00  90.00  88.00  4.00
Cell [53,29]: 2.00  4.00  6.00  16.00  35.00  31.00  11.00  3.00  1.00
Cell [53,30]: 109.00  52.00  14.00  0.00  0.00  0.00  0.00  4.00  34.00
Cell [53,31]: 97.00  21.00  3.00  1.00  1.00  0.00  14.00  19.00  60.00
Cell [53,32]: 0.00  0.00  2.00  12.00  31.00  37.00  52.00  24.00  1.00
Cell [53,33]: 0.00  0.00  89.00  182.00  62.00  0.00  0.00  0.00  0.00
Cell [53,34]: 0.00  0.00  6.00  246.00  135.00  12.00  7.00  3.00  0.00
Cell [53,35]: 21.00  0.00  0.00  9.00  33.00  35.00  38.00  85.00  32.00
Cell [53,36]: 0.00  0.00  0.00  0.00  73.00  60.00  90.00  132.00  10.00
Cell [53,37]: 0.00  0.00  9.00  86.00  201.00  28.00  0.00  0.00  0.00
Cell [53,38]: 6.00  182.00  163.00  42.00  21.00  0.00  0.00  0.00  0.00
Cell [53,39]: 39.00  591.00  37.00  0.00  0.00  0.00  1.00  0.00  0.00
Cell [53,40]: 725.00  114.00  98.00  61.00  0.00  4.00  3.00  0.00  125.00
Cell [53,41]: 0.00  26.00  22.00  230.00  170.00  0.00  0.00  2.00  21.00
Cell [53,42]: 7.00  6.00  9.00  64.00  298.00  6.00  0.00  0.00  1.00
Cell [53,43]: 21.00  26.00  68.00  221.00  0.00  0.00  0.00  0.00  6.00
Cell [53,44]: 83.00  87.00  127.00  17.00  21.00  9.00  3.00  0.00  0.00
Cell [53,45]: 0.00  0.00  0.00  51.00  85.00  87.00  22.00  21.00  0.00
Cell [53,46]: 0.00  43.00  90.00  185.00  0.00  0.00  0.00  0.00  0.00
Cell [53,47]: 0.00  12.00  145.00  10.00  9.00  0.00  8.00  27.00  293.00
Cell [53,48]: 0.00  0.00  0.00  0.00  0.00  0.00  0.00  52.00  1798.00
Cell [53,49]: 0.00  0.00  0.00  0.00  10.00  283.00  173.00  170.00  0.00
Cell [53,50]: 0.00  0.00  12.00  79.00  103.00  146.00  0.00  0.00  0.00
Cell [53,51]: 22.00  6.00  0.00  15.00  8.00  11.00  20.00  39.00  34.00
Cell [53,52]: 10.00  3.00  2.00  2.00  10.00  158.00  93.00  1.00  8.00
Cell [53,53]: 2.00  24.00  58.00  38.00  112.00  78.00  17.00  17.00  9.00
Cell [53,54]: 2.00  10.00  17.00  36.00  14.00  9.00  5.00  3.00  0.00
Cell [53,55]: 10.00  11.00  16.00  50.00  175.00  19.00  2.00  2.00  2.00
Cell [53,56]: 10.00  4.00  39.00  35.00  93.00  20.00  3.00  9.00  6.00
Cell [53,57]: 9.00  4.00  17.00  14.00  12.00  17.00  14.00  9.00  4.00
Cell [53,58]: 415.00  17.00  11.00  0.00  1.00  2.00  16.00  17.00  753.00
Cell [53,59]: 237.00  0.00  0.00  0.00  0.00  0.00  0.00  0.00  2083.00
Cell [53,60]: 269.00  46.00  68.00  6.00  8.00  9.00  0.00  0.00  614.00
Cell [53,61]: 23.00  56.00  27.00  8.00  16.00  10.00  2.00  24.00  81.00
Cell [53,62]: 492.00  0.00  0.00  0.00  0.00  14.00  13.00  9.00  1409.00
Cell [53,63]: 47.00  56.00  37.00  5.00  4.00  4.00  2.00  0.00  51.00
Cell [53,64]: 76.00  70.00  95.00  14.00  19.00  1.00  0.00  0.00  23.00
Cell [53,65]: 259.00  50.00  0.00  2.00  35.00  33.00  46.00  35.00  7.00
Cell [53,66]: 1149.00  35.00  3.00  0.00  2.00  0.00  3.00  4.00  149.00
Cell [53,67]: 124.00  5.00  18.00  10.00  1.00  8.00  3.00  0.00  694.00
Cell [53,68]: 775.00  0.00  0.00  0.00  0.00  0.00  0.00  0.00  1728.00
Cell [53,69]: 1233.00  80.00  12.00  0.00  0.00  11.00  10.00  24.00  121.00
Cell [53,70]: 846.00  8.00  75.00  29.00  24.00  9.00  0.00  0.00  290.00
Cell [53,71]: 25.00  0.00  0.00  0.00  0.00  25.00  152.00  69.00  27.00
Cell [53,72]: 17.00  9.00  3.00  3.00  4.00  19.00  36.00  25.00  10.00
Cell [53,73]: 5.00  34.00  17.00  39.00  15.00  20.00  23.00  4.00  8.00
Cell [53,74]: 196.00  30.00  0.00  0.00  0.00  12.00  21.00  26.00  70.00
Cell [53,75]: 85.00  34.00  12.00  4.00  8.00  15.00  23.00  46.00  65.00
Cell [53,76]: 0.00  0.00  4.00  106.00  100.00  35.00  28.00  64.00  7.00
Cell [53,77]: 0.00  5.00  33.00  225.00  89.00  45.00  5.00  0.00  0.00
Cell [53,78]: 9.00  19.00  19.00  65.00  279.00  55.00  0.00  0.00  5.00
Cell [53,79]: 48.00  11.00  7.00  2.00  18.00  51.00  68.00  87.00  40.00
Cell [53,80]: 0.00  0.00  14.00  141.00  47.00  36.00  62.00  147.00  28.00
Cell [53,81]: 3.00  38.00  47.00  80.00  28.00  18.00  38.00  2.00  3.00
Cell [53,82]: 65.00  199.00  53.00  7.00  0.00  0.00  0.00  3.00  10.00
Cell [53,83]: 133.00  597.00  89.00  0.00  0.00  0.00  0.00  0.00  0.00
Cell [53,84]: 111.00  220.00  69.00  44.00  35.00  23.00  55.00  83.00  85.00
Cell [53,85]: 0.00  0.00  52.00  76.00  109.00  46.00  37.00  49.00  30.00
Cell [53,86]: 15.00  168.00  60.00  13.00  11.00  6.00  12.00  21.00  36.00
Cell [53,87]: 682.00  17.00  12.00  0.00  0.00  0.00  20.00  16.00  315.00
Cell [53,88]: 641.00  0.00  0.00  0.00  0.00  0.00  0.00  0.00  104.00
Cell [53,89]: 0.00  0.00  0.00  0.00  0.00  0.00  0.00  204.00  301.00
Cell [53,90]: 0.00  0.00  0.00  0.00  0.00  0.00  134.00  140.00  4.00
Cell [53,91]: 20.00  7.00  5.00  4.00  13.00  12.00  63.00  72.00  0.00
Cell [53,92]: 36.00  3.00  1.00  0.00  0.00  0.00  0.00  27.00  86.00
Cell [53,93]: 6.00  2.00  2.00  0.00  0.00  1.00  18.00  37.00  21.00
Cell [53,94]: 11.00  2.00  0.00  0.00  5.00  12.00  12.00  121.00  1827.00
Cell [53,95]: 262.00  6.00  8.00  0.00  0.00  20.00  0.00  162.00  3258.00
Cell [53,96]: 1458.00  129.00  0.00  0.00  6.00  0.00  26.00  175.00  2432.00
Cell [53,97]: 347.00  49.00  68.00  71.00  100.00  25.00  140.00  360.00  1815.00
Cell [53,98]: 47.00  2539.00  350.00  129.00  240.00  126.00  147.00  225.00  619.00
Cell [53,99]: 182.00  2845.00  242.00  34.00  4.00  0.00  0.00  21.00  45.00
Cell [53,100]: 131.00  968.00  1737.00  33.00  45.00  0.00  17.00  9.00  0.00
Cell [53,101]: 60.00  788.00  2695.00  845.00  277.00  420.00  44.00  6.00  32.00
Cell [53,102]: 0.00  0.00  0.00  6.00  16.00  80.00  1467.00  2807.00  8.00
Cell [53,103]: 13.00  0.00  0.00  9.00  0.00  14.00  705.00  2566.00  62.00
Cell [53,104]: 13.00  0.00  16.00  0.00  0.00  49.00  852.00  4806.00  73.00
Cell [53,105]: 0.00  5.00  0.00  11.00  6.00  7.00  103.00  6620.00  43.00
Cell [53,106]: 32.00  964.00  581.00  163.00  233.00  84.00  521.00  506.00  18.00
Cell [53,107]: 30.00  6261.00  404.00  19.00  5.00  0.00  0.00  0.00  6.00
Cell [53,108]: 113.00  4556.00  244.00  100.00  0.00  11.00  14.00  18.00  17.00
Cell [53,109]: 348.00  2728.00  521.00  158.00  6.00  36.00  26.00  0.00  47.00
Cell [53,110]: 32.00  3175.00  810.00  536.00  584.00  5.00  0.00  9.00  7.00
Cell [53,111]: 0.00  0.00  0.00  0.00  62.00  450.00  3647.00  861.00  0.00
Cell [53,112]: 51.00  20.00  0.00  0.00  26.00  86.00  1402.00  509.00  221.00
Cell [53,113]: 22.00  0.00  14.00  8.00  32.00  22.00  220.00  5272.00  50.00
Cell [53,114]: 2290.00  618.00  175.00  145.00  259.00  35.00  848.00  2129.00  385.00
Cell [53,115]: 1600.00  819.00  575.00  872.00  284.00  123.00  245.00  269.00  337.00
Cell [53,116]: 899.00  39.00  12.00  18.00  7.00  21.00  59.00  190.00  1644.00
Cell [53,117]: 163.00  529.00  389.00  570.00  376.00  65.00  37.00  28.00  45.00
Cell [53,118]: 188.00  158.00  30.00  99.00  57.00  232.00  198.00  138.00  0.00
Cell [53,119]: 0.00  0.00  0.00  0.00  42.00  67.00  55.00  4.00  0.00
Cell [53,120]: 40.00  216.00  62.00  23.00  3.00  0.00  0.00  0.00  0.00
Cell [53,121]: 47.00  47.00  24.00  27.00  49.00  27.00  5.00  3.00  22.00
Cell [53,122]: 22.00  0.00  0.00  0.00  0.00  28.00  45.00  54.00  95.00
Cell [53,123]: 65.00  12.00  2.00  2.00  0.00  5.00  26.00  41.00  48.00
Cell [53,124]: 32.00  5.00  5.00  3.00  0.00  0.00  4.00  12.00  312.00
Cell [53,125]: 0.00  0.00  0.00  3.00  20.00  89.00  59.00  118.00  141.00
Cell [53,126]: 0.00  0.00  0.00  30.00  203.00  71.00  47.00  23.00  0.00
Cell [53,127]: 0.00  0.00  0.00  0.00  0.00  21.00  32.00  203.00  71.00
Cell [54,0]: 0.00  0.00  0.00  0.00  581.00  47.00  12.00  4.00  0.00
Cell [54,1]: 0.00  0.00  0.00  0.00  460.00  194.00  10.00  8.00  0.00
Cell [54,2]: 0.00  0.00  0.00  2.00  598.00  79.00  16.00  9.00  0.00
Cell [54,3]: 0.00  0.00  0.00  0.00  610.00  64.00  10.00  3.00  0.00
Cell [54,4]: 4.00  1.00  0.00  0.00  489.00  182.00  23.00  10.00  1.00
Cell [54,5]: 225.00  131.00  132.00  126.00  140.00  0.00  0.00  0.00  277.00
Cell [54,6]: 104.00  87.00  7.00  4.00  31.00  35.00  33.00  105.00  348.00
Cell [54,7]: 15.00  12.00  13.00  13.00  86.00  208.00  41.00  16.00  0.00
Cell [54,8]: 14.00  19.00  14.00  0.00  0.00  216.00  144.00  42.00  23.00
Cell [54,9]: 5.00  0.00  0.00  0.00  0.00  260.00  159.00  12.00  1.00
Cell [54,10]: 0.00  0.00  0.00  47.00  260.00  86.00  7.00  0.00  0.00
Cell [54,11]: 0.00  0.00  0.00  19.00  401.00  25.00  0.00  0.00  0.00
Cell [54,12]: 0.00  0.00  0.00  0.00  364.00  49.00  2.00  0.00  0.00
Cell [54,13]: 0.00  0.00  0.00  6.00  81.00  271.00  24.00  0.00  0.00
Cell [54,14]: 0.00  0.00  5.00  72.00  136.00  11.00  6.00  0.00  0.00
Cell [54,15]: 245.00  45.00  4.00  37.00  21.00  0.00  0.00  0.00  582.00
Cell [54,16]: 5.00  0.00  0.00  0.00  0.00  0.00  0.00  0.00  1773.00
Cell [54,17]: 77.00  6.00  0.00  0.00  0.00  0.00  0.00  26.00  1408.00
Cell [54,18]: 177.00  18.00  7.00  3.00  4.00  5.00  19.00  8.00  2.00
Cell [54,19]: 1633.00  138.00  0.00  5.00  78.00  82.00  0.00  0.00  89.00
Cell [54,20]: 0.00  0.00  12.00  41.00  221.00  263.00  0.00  0.00  0.00
Cell [54,21]: 186.00  79.00  81.00  160.00  37.00  0.00  0.00  0.00  0.00
Cell [54,22]: 1253.00  0.00  0.00  0.00  0.00  0.00  0.00  0.00  205.00
Cell [54,23]: 246.00  9.00  0.00  0.00  0.00  1.00  0.00  2.00  240.00
Cell [54,24]: 1080.00  0.00  0.00  0.00  0.00  0.00  0.00  0.00  1188.00
Cell [54,25]: 1100.00  52.00  28.00  5.00  0.00  25.00  2.00  48.00  129.00
Cell [54,26]: 767.00  10.00  3.00  11.00  0.00  0.00  5.00  20.00  43.00
Cell [54,27]: 30.00  53.00  16.00  10.00  9.00  8.00  3.00  4.00  8.00
Cell [54,28]: 25.00  36.00  8.00  1.00  1.00  5.00  3.00  5.00  15.00
Cell [54,29]: 0.00  1.00  16.00  12.00  37.00  26.00  35.00  0.00  0.00
Cell [54,30]: 17.00  25.00  31.00  20.00  11.00  0.00  0.00  0.00  47.00
Cell [54,31]: 16.00  12.00  19.00  34.00  0.00  0.00  14.00  72.00  30.00
Cell [54,32]: 4.00  9.00  13.00  23.00  0.00  5.00  32.00  21.00  7.00
Cell [54,33]: 24.00  35.00  0.00  1.00  0.00  15.00  20.00  87.00  40.00
Cell [54,34]: 0.00  11.00  48.00  192.00  35.00  6.00  1.00  4.00  6.00
Cell [54,35]: 35.00  37.00  130.00  54.00  2.00  1.00  2.00  0.00  2.00
Cell [54,36]: 32.00  12.00  22.00  36.00  22.00  3.00  5.00  7.00  17.00
Cell [54,37]: 10.00  45.00  18.00  14.00  31.00  33.00  15.00  9.00  2.00
Cell [54,38]: 51.00  61.00  48.00  4.00  0.00  0.00  0.00  109.00  70.00
Cell [54,39]: 79.00  30.00  4.00  3.00  2.00  3.00  3.00  73.00  168.00
Cell [54,40]: 534.00  49.00  27.00  23.00  37.00  30.00  43.00  59.00  791.00
Cell [54,41]: 0.00  0.00  5.00  58.00  488.00  31.00  3.00  0.00  0.00
Cell [54,42]: 0.00  0.00  0.00  6.00  466.00  37.00  4.00  1.00  0.00
Cell [54,43]: 2.00  3.00  24.00  107.00  91.00  147.00  10.00  2.00  0.00
Cell [54,44]: 14.00  20.00  71.00  7.00  66.00  130.00  34.00  14.00  3.00
Cell [54,45]: 0.00  2.00  3.00  14.00  167.00  30.00  7.00  0.00  0.00
Cell [54,46]: 14.00  18.00  39.00  15.00  0.00  92.00  27.00  16.00  16.00
Cell [54,47]: 50.00  21.00  23.00  6.00  5.00  18.00  23.00  11.00  312.00
Cell [54,48]: 0.00  0.00  0.00  0.00  0.00  0.00  0.00  143.00  1370.00
Cell [54,49]: 0.00  5.00  33.00  130.00  215.00  221.00  53.00  0.00  0.00
Cell [54,50]: 0.00  0.00  0.00  0.00  0.00  628.00  230.00  0.00  0.00
Cell [54,51]: 0.00  0.00  0.00  0.00  0.00  645.00  67.00  9.00  0.00
Cell [54,52]: 0.00  0.00  0.00  0.00  184.00  363.00  3.00  0.00  0.00
Cell [54,53]: 2.00  6.00  9.00  52.00  399.00  1.00  0.00  0.00  1.00
Cell [54,54]: 1.00  1.00  1.00  47.00  301.00  102.00  2.00  2.00  1.00
Cell [54,55]: 0.00  0.00  0.00  0.00  455.00  52.00  8.00  0.00  0.00
Cell [54,56]: 0.00  0.00  33.00  211.00  93.00  72.00  15.00  0.00  0.00
Cell [54,57]: 0.00  0.00  37.00  108.00  184.00  95.00  14.00  0.00  0.00
Cell [54,58]: 607.00  53.00  28.00  22.00  89.00  39.00  3.00  11.00  291.00
Cell [54,59]: 0.00  0.00  0.00  0.00  0.00  0.00  0.00  0.00  2172.00
Cell [54,60]: 10.00  2.00  1.00  2.00  0.00  4.00  7.00  26.00  1344.00
Cell [54,61]: 116.00  13.00  19.00  27.00  8.00  11.00  1.00  0.00  41.00
Cell [54,62]: 1165.00  80.00  0.00  0.00  42.00  44.00  8.00  9.00  887.00
Cell [54,63]: 12.00  13.00  29.00  56.00  100.00  128.00  7.00  20.00  28.00
Cell [54,64]: 172.00  34.00  37.00  26.00  2.00  0.00  0.00  0.00  32.00
Cell [54,65]: 102.00  1.00  1.00  3.00  1.00  4.00  4.00  12.00  294.00
Cell [54,66]: 596.00  0.00  0.00  0.00  0.00  0.00  0.00  0.00  792.00
Cell [54,67]: 674.00  2.00  4.00  0.00  0.00  1.00  0.00  9.00  154.00
Cell [54,68]: 1237.00  0.00  0.00  0.00  0.00  0.00  0.00  0.00  1146.00
Cell [54,69]: 1625.00  13.00  4.00  0.00  0.00  0.00  6.00  2.00  61.00
Cell [54,70]: 844.00  19.00  11.00  6.00  33.00  14.00  27.00  23.00  44.00
Cell [54,71]: 25.00  41.00  66.00  33.00  15.00  3.00  15.00  80.00  34.00
Cell [54,72]: 23.00  42.00  12.00  1.00  4.00  5.00  29.00  48.00  30.00
Cell [54,73]: 2.00  26.00  25.00  14.00  13.00  15.00  21.00  3.00  1.00
Cell [54,74]: 20.00  7.00  0.00  0.00  0.00  6.00  20.00  109.00  31.00
Cell [54,75]: 0.00  1.00  2.00  0.00  4.00  54.00  196.00  15.00  0.00
Cell [54,76]: 9.00  9.00  10.00  9.00  0.00  94.00  69.00  22.00  6.00
Cell [54,77]: 54.00  46.00  67.00  23.00  0.00  49.00  90.00  77.00  48.00
Cell [54,78]: 44.00  34.00  108.00  152.00  100.00  61.00  43.00  28.00  21.00
Cell [54,79]: 26.00  46.00  90.00  64.00  4.00  12.00  10.00  16.00  40.00
Cell [54,80]: 9.00  45.00  103.00  149.00  49.00  16.00  7.00  25.00  20.00
Cell [54,81]: 33.00  38.00  26.00  57.00  32.00  36.00  68.00  43.00  18.00
Cell [54,82]: 52.00  124.00  204.00  88.00  0.00  0.00  12.00  43.00  46.00
Cell [54,83]: 81.00  261.00  86.00  33.00  21.00  9.00  17.00  38.00  34.00
Cell [54,84]: 41.00  349.00  7.00  2.00  1.00  2.00  21.00  47.00  31.00
Cell [54,85]: 11.00  18.00  72.00  40.00  70.00  57.00  22.00  10.00  0.00
Cell [54,86]: 20.00  5.00  12.00  18.00  23.00  20.00  73.00  78.00  30.00
Cell [54,87]: 375.00  14.00  6.00  4.00  5.00  0.00  13.00  23.00  349.00
Cell [54,88]: 430.00  0.00  0.00  0.00  0.00  0.00  0.00  0.00  83.00
Cell [54,89]: 0.00  0.00  0.00  0.00  0.00  0.00  0.00  210.00  166.00
Cell [54,90]: 0.00  0.00  0.00  0.00  0.00  24.00  212.00  70.00  0.00
Cell [54,91]: 0.00  0.00  0.00  0.00  2.00  121.00  154.00  15.00  0.00
Cell [54,92]: 2.00  3.00  4.00  6.00  14.00  28.00  37.00  8.00  5.00
Cell [54,93]: 3.00  3.00  5.00  3.00  15.00  3.00  7.00  0.00  2.00
Cell [54,94]: 341.00  108.00  0.00  0.00  0.00  1.00  0.00  20.00  849.00
Cell [54,95]: 391.00  112.00  5.00  42.00  0.00  22.00  162.00  1847.00  816.00
Cell [54,96]: 810.00  68.00  0.00  0.00  22.00  7.00  404.00  2043.00  1077.00
Cell [54,97]: 293.00  440.00  423.00  328.00  182.00  298.00  274.00  213.00  459.00
Cell [54,98]: 330.00  1805.00  315.00  56.00  55.00  129.00  83.00  182.00  382.00
Cell [54,99]: 722.00  1542.00  494.00  51.00  13.00  14.00  0.00  65.00  100.00
Cell [54,100]: 63.00  3795.00  1330.00  71.00  34.00  14.00  16.00  49.00  38.00
Cell [54,101]: 16.00  2913.00  464.00  280.00  229.00  0.00  19.00  2.00  8.00
Cell [54,102]: 8.00  0.00  1.00  3.00  0.00  79.00  419.00  5359.00  0.00
Cell [54,103]: 0.00  7.00  5.00  9.00  11.00  10.00  446.00  2753.00  10.00
Cell [54,104]: 0.00  0.00  6.00  6.00  13.00  0.00  766.00  1938.00  88.00
Cell [54,105]: 9.00  15.00  0.00  9.00  0.00  0.00  610.00  4941.00  0.00
Cell [54,106]: 4.00  1998.00  864.00  252.00  663.00  105.00  968.00  1357.00  0.00
Cell [54,107]: 55.00  5083.00  340.00  30.00  36.00  0.00  0.00  10.00  37.00
Cell [54,108]: 302.00  1829.00  472.00  59.00  21.00  8.00  10.00  12.00  55.00
Cell [54,109]: 94.00  3833.00  454.00  53.00  7.00  8.00  0.00  11.00  0.00
Cell [54,110]: 10.00  4709.00  417.00  75.00  188.00  2.00  6.00  7.00  10.00
Cell [54,111]: 0.00  0.00  0.00  3.00  28.00  253.00  774.00  4345.00  0.00
Cell [54,112]: 11.00  8.00  6.00  1.00  11.00  0.00  492.00  3253.00  48.00
Cell [54,113]: 57.00  6.00  15.00  19.00  41.00  45.00  539.00  1264.00  50.00
Cell [54,114]: 912.00  577.00  360.00  129.00  54.00  189.00  346.00  2649.00  268.00
Cell [54,115]: 1585.00  1271.00  128.00  74.00  0.00  42.00  99.00  302.00  623.00
Cell [54,116]: 62.00  642.00  301.00  243.00  59.00  285.00  84.00  54.00  109.00
Cell [54,117]: 1214.00  706.00  499.00  0.00  33.00  201.00  135.00  492.00  1471.00
Cell [54,118]: 206.00  150.00  106.00  267.00  390.00  111.00  158.00  564.00  489.00
Cell [54,119]: 0.00  0.00  0.00  12.00  187.00  119.00  4.00  0.00  0.00
Cell [54,120]: 0.00  97.00  69.00  108.00  27.00  16.00  0.00  0.00  0.00
Cell [54,121]: 19.00  49.00  9.00  2.00  0.00  0.00  1.00  1.00  3.00
Cell [54,122]: 146.00  9.00  0.00  0.00  0.00  0.00  0.00  0.00  62.00
Cell [54,123]: 134.00  7.00  2.00  0.00  0.00  4.00  13.00  26.00  49.00
Cell [54,124]: 184.00  52.00  8.00  0.00  9.00  1.00  4.00  10.00  118.00
Cell [54,125]: 53.00  47.00  5.00  9.00  5.00  6.00  6.00  16.00  53.00
Cell [54,126]: 0.00  8.00  11.00  27.00  52.00  34.00  69.00  17.00  0.00
Cell [54,127]: 0.00  0.00  0.00  0.00  27.00  82.00  117.00  196.00  0.00
Cell [55,0]: 0.00  0.00  0.00  37.00  552.00  0.00  0.00  0.00  0.00
Cell [55,1]: 0.00  0.00  0.00  69.00  701.00  0.00  0.00  0.00  0.00
Cell [55,2]: 0.00  0.00  0.00  96.00  896.00  0.00  0.00  0.00  0.00
Cell [55,3]: 0.00  0.00  0.00  62.00  1134.00  0.00  0.00  0.00  0.00
Cell [55,4]: 0.00  0.00  0.00  41.00  1368.00  0.00  0.00  0.00  0.00
Cell [55,5]: 0.00  0.00  22.00  260.00  1224.00  0.00  0.00  0.00  0.00
Cell [55,6]: 0.00  0.00  103.00  282.00  550.00  0.00  0.00  0.00  0.00
Cell [55,7]: 0.00  0.00  14.00  267.00  484.00  0.00  0.00  0.00  0.00
Cell [55,8]: 0.00  0.00  48.00  462.00  188.00  0.00  0.00  0.00  0.00
Cell [55,9]: 2.00  1.00  18.00  36.00  492.00  0.00  0.00  0.00  4.00
Cell [55,10]: 2.00  3.00  6.00  5.00  431.00  12.00  2.00  3.00  2.00
Cell [55,11]: 0.00  2.00  9.00  7.00  449.00  54.00  8.00  9.00  3.00
Cell [55,12]: 4.00  0.00  17.00  43.00  360.00  8.00  10.00  5.00  1.00
Cell [55,13]: 7.00  8.00  27.00  73.00  166.00  0.00  0.00  17.00  6.00
Cell [55,14]: 6.00  5.00  11.00  43.00  90.00  4.00  1.00  2.00  3.00
Cell [55,15]: 0.00  0.00  0.00  0.00  32.00  24.00  22.00  42.00  739.00
Cell [55,16]: 4.00  3.00  0.00  0.00  0.00  0.00  0.00  0.00  1594.00
Cell [55,17]: 0.00  0.00  0.00  0.00  0.00  0.00  0.00  8.00  1586.00
Cell [55,18]: 136.00  0.00  0.00  1.00  1.00  0.00  11.00  22.00  99.00
Cell [55,19]: 2295.00  94.00  0.00  44.00  7.00  53.00  0.00  19.00  59.00
Cell [55,20]: 12.00  4.00  38.00  37.00  88.00  290.00  22.00  21.00  0.00
Cell [55,21]: 10.00  77.00  37.00  116.00  142.00  33.00  8.00  9.00  25.00
Cell [55,22]: 581.00  0.00  0.00  0.00  0.00  0.00  0.00  0.00  664.00
Cell [55,23]: 510.00  22.00  6.00  0.00  0.00  0.00  12.00  12.00  103.00
Cell [55,24]: 1728.00  0.00  0.00  0.00  0.00  0.00  0.00  0.00  226.00
Cell [55,25]: 1635.00  127.00  9.00  4.00  5.00  2.00  11.00  18.00  73.00
Cell [55,26]: 83.00  244.00  64.00  70.00  466.00  0.00  0.00  0.00  0.00
Cell [55,27]: 0.00  0.00  0.00  0.00  32.00  493.00  49.00  16.00  0.00
Cell [55,28]: 0.00  0.00  18.00  238.00  191.00  88.00  9.00  5.00  0.00
Cell [55,29]: 0.00  0.00  17.00  218.00  387.00  30.00  0.00  0.00  0.00
Cell [55,30]: 0.00  0.00  0.00  553.00  206.00  0.00  0.00  0.00  0.00
Cell [55,31]: 0.00  0.00  0.00  392.00  356.00  31.00  0.00  0.00  0.00
Cell [55,32]: 0.00  0.00  0.00  34.00  193.00  200.00  63.00  0.00  0.00
Cell [55,33]: 1.00  0.00  0.00  1.00  52.00  127.00  37.00  3.00  1.00
Cell [55,34]: 9.00  4.00  26.00  6.00  198.00  48.00  13.00  12.00  1.00
Cell [55,35]: 5.00  8.00  8.00  20.00  338.00  12.00  1.00  1.00  0.00
Cell [55,36]: 20.00  14.00  7.00  13.00  62.00  84.00  31.00  8.00  5.00
Cell [55,37]: 17.00  29.00  29.00  115.00  19.00  24.00  17.00  8.00  12.00
Cell [55,38]: 20.00  24.00  34.00  99.00  63.00  0.00  0.00  35.00  32.00
Cell [55,39]: 306.00  31.00  5.00  0.00  0.00  0.00  0.00  16.00  157.00
Cell [55,40]: 131.00  68.00  23.00  7.00  89.00  74.00  56.00  110.00  179.00
Cell [55,41]: 0.00  0.00  0.00  0.00  657.00  83.00  0.00  0.00  0.00
Cell [55,42]: 0.00  0.00  0.00  0.00  815.00  48.00  0.00  0.00  0.00
Cell [55,43]: 0.00  0.00  0.00  0.00  974.00  62.00  0.00  0.00  0.00
Cell [55,44]: 0.00  0.00  0.00  0.00  1225.00  63.00  0.00  0.00  0.00
Cell [55,45]: 0.00  0.00  0.00  0.00  1522.00  0.00  0.00  0.00  0.00
Cell [55,46]: 0.00  0.00  0.00  0.00  1681.00  122.00  0.00  0.00  0.00
Cell [55,47]: 0.00  18.00  34.00  124.00  1833.00  85.00  0.00  0.00  0.00
Cell [55,48]: 129.00  109.00  175.00  490.00  518.00  0.00  0.00  10.00  173.00
Cell [55,49]: 0.00  25.00  11.00  28.00  211.00  303.00  28.00  0.00  11.00
Cell [55,50]: 15.00  24.00  97.00  455.00  19.00  0.00  17.00  34.00  30.00
Cell [55,51]: 2.00  11.00  22.00  117.00  341.00  48.00  35.00  3.00  10.00
Cell [55,52]: 2.00  2.00  10.00  34.00  316.00  110.00  32.00  10.00  3.00
Cell [55,53]: 0.00  0.00  8.00  62.00  358.00  74.00  8.00  0.00  0.00
Cell [55,54]: 5.00  1.00  1.00  44.00  369.00  36.00  0.00  0.00  0.00
Cell [55,55]: 6.00  4.00  12.00  46.00  153.00  65.00  23.00  5.00  5.00
Cell [55,56]: 29.00  21.00  20.00  19.00  45.00  29.00  48.00  10.00  14.00
Cell [55,57]: 4.00  16.00  19.00  20.00  78.00  71.00  28.00  0.00  8.00
Cell [55,58]: 11.00  0.00  4.00  0.00  95.00  15.00  44.00  115.00  545.00
Cell [55,59]: 35.00  0.00  0.00  0.00  0.00  0.00  0.00  0.00  1913.00
Cell [55,60]: 23.00  0.00  0.00  0.00  0.00  0.00  0.00  22.00  1498.00
Cell [55,61]: 110.00  3.00  4.00  12.00  11.00  5.00  13.00  16.00  17.00
Cell [55,62]: 2732.00  108.00  65.00  0.00  45.00  138.00  18.00  0.00  0.00
Cell [55,63]: 0.00  0.00  0.00  0.00  270.00  460.00  17.00  0.00  0.00
Cell [55,64]: 0.00  0.00  13.00  90.00  376.00  68.00  0.00  0.00  0.00
Cell [55,65]: 160.00  48.00  25.00  20.00  27.00  333.00  46.00  18.00  11.00
Cell [55,66]: 578.00  0.00  0.00  0.00  0.00  0.00  1.00  7.00  822.00
Cell [55,67]: 776.00  9.00  0.00  1.00  1.00  0.00  3.00  12.00  261.00
Cell [55,68]: 2082.00  0.00  0.00  0.00  0.00  0.00  0.00  0.00  97.00
Cell [55,69]: 2030.00  130.00  0.00  0.00  1.00  1.00  2.00  5.00  44.00
Cell [55,70]: 207.00  69.00  68.00  32.00  233.00  9.00  8.00  7.00  3.00
Cell [55,71]: 10.00  16.00  38.00  3.00  84.00  101.00  83.00  36.00  16.00
Cell [55,72]: 0.00  0.00  140.00  177.00  91.00  17.00  3.00  0.00  0.00
Cell [55,73]: 2.00  3.00  5.00  71.00  151.00  243.00  72.00  10.00  5.00
Cell [55,74]: 4.00  11.00  14.00  525.00  160.00  0.00  0.00  0.00  2.00
Cell [55,75]: 2.00  0.00  20.00  171.00  541.00  12.00  4.00  2.00  9.00
Cell [55,76]: 2.00  7.00  3.00  18.00  253.00  200.00  20.00  9.00  1.00
Cell [55,77]: 2.00  2.00  4.00  15.00  148.00  71.00  73.00  11.00  3.00
Cell [55,78]: 10.00  0.00  23.00  187.00  57.00  79.00  23.00  0.00  2.00
Cell [55,79]: 39.00  12.00  45.00  38.00  89.00  7.00  6.00  5.00  68.00
Cell [55,80]: 44.00  132.00  19.00  12.00  14.00  1.00  15.00  36.00  45.00
Cell [55,81]: 13.00  52.00  92.00  31.00  0.00  3.00  9.00  33.00  7.00
Cell [55,82]: 42.00  21.00  15.00  6.00  50.00  111.00  68.00  95.00  43.00
Cell [55,83]: 191.00  71.00  14.00  13.00  11.00  5.00  33.00  69.00  84.00
Cell [55,84]: 4.00  0.00  18.00  24.00  41.00  101.00  101.00  373.00  23.00
Cell [55,85]: 0.00  2.00  6.00  26.00  123.00  53.00  44.00  0.00  3.00
Cell [55,86]: 68.00  350.00  206.00  62.00  0.00  0.00  0.00  0.00  0.00
Cell [55,87]: 118.00  85.00  78.00  94.00  66.00  9.00  5.00  16.00  220.00
Cell [55,88]: 188.00  0.00  0.00  0.00  0.00  0.00  0.00  0.00  288.00
Cell [55,89]: 54.00  0.00  3.00  2.00  6.00  7.00  17.00  41.00  69.00
Cell [55,90]: 0.00  0.00  0.00  0.00  0.00  131.00  120.00  0.00  0.00
Cell [55,91]: 0.00  0.00  0.00  0.00  0.00  0.00  287.00  34.00  0.00
Cell [55,92]: 0.00  0.00  0.00  0.00  0.00  0.00  75.00  145.00  2.00
Cell [55,93]: 7.00  5.00  0.00  1.00  0.00  0.00  8.00  40.00  8.00
Cell [55,94]: 702.00  123.00  1.00  1.00  0.00  1.00  29.00  83.00  299.00
Cell [55,95]: 378.00  0.00  79.00  0.00  62.00  79.00  571.00  989.00  1637.00
Cell [55,96]: 34.00  48.00  6.00  0.00  26.00  96.00  760.00  2509.00  557.00
Cell [55,97]: 826.00  64.00  26.00  57.00  9.00  12.00  11.00  510.00  992.00
Cell [55,98]: 298.00  530.00  366.00  130.00  28.00  0.00  23.00  45.00  126.00
Cell [55,99]: 221.00  3257.00  273.00  44.00  3.00  17.00  13.00  17.00  21.00
Cell [55,100]: 5.00  3423.00  1480.00  16.00  17.00  7.00  6.00  0.00  0.00
Cell [55,101]: 61.00  3317.00  1964.00  384.00  164.00  422.00  15.00  0.00  0.00
Cell [55,102]: 33.00  0.00  0.00  2.00  13.00  61.00  742.00  4971.00  28.00
Cell [55,103]: 8.00  0.00  16.00  3.00  16.00  16.00  827.00  5661.00  3.00
Cell [55,104]: 0.00  10.00  9.00  13.00  23.00  2.00  386.00  2764.00  146.00
Cell [55,105]: 39.00  3.00  0.00  12.00  21.00  7.00  926.00  2298.00  150.00
Cell [55,106]: 0.00  1666.00  638.00  297.00  227.00  519.00  1659.00  375.00  75.00
Cell [55,107]: 55.00  1996.00  501.00  0.00  3.00  2.00  0.00  0.00  12.00
Cell [55,108]: 38.00  3163.00  325.00  14.00  32.00  0.00  10.00  2.00  16.00
Cell [55,109]: 9.00  5757.00  640.00  71.00  52.00  23.00  6.00  0.00  11.00
Cell [55,110]: 105.00  4738.00  648.00  417.00  4.00  24.00  2.00  5.00  55.00
Cell [55,111]: 42.00  28.00  0.00  99.00  7.00  330.00  3517.00  1752.00  17.00
Cell [55,112]: 2.00  3.00  0.00  3.00  6.00  4.00  191.00  6351.00  30.00
Cell [55,113]: 6.00  9.00  0.00  0.00  6.00  7.00  299.00  2127.00  77.00
Cell [55,114]: 1578.00  118.00  66.00  90.00  174.00  232.00  161.00  624.00  420.00
Cell [55,115]: 643.00  1411.00  222.00  219.00  178.00  63.00  28.00  219.00  313.00
Cell [55,116]: 642.00  631.00  411.00  201.00  109.00  106.00  185.00  0.00  122.00
Cell [55,117]: 3859.00  913.00  35.00  0.00  0.00  8.00  15.00  24.00  689.00
Cell [55,118]: 1356.00  168.00  8.00  145.00  60.00  0.00  69.00  547.00  2233.00
Cell [55,119]: 0.00  0.00  0.00  97.00  50.00  44.00  27.00  0.00  0.00
Cell [55,120]: 0.00  0.00  12.00  27.00  109.00  51.00  7.00  0.00  0.00
Cell [55,121]: 10.00  0.00  0.00  0.00  0.00  6.00  75.00  45.00  19.00
Cell [55,122]: 3.00  0.00  0.00  0.00  0.00  14.00  78.00  77.00  15.00
Cell [55,123]: 8.00  0.00  0.00  0.00  0.00  1.00  3.00  168.00  72.00
Cell [55,124]: 89.00  18.00  4.00  2.00  1.00  0.00  0.00  20.00  204.00
Cell [55,125]: 46.00  39.00  4.00  4.00  0.00  5.00  7.00  44.00  17.00
Cell [55,126]: 35.00  74.00  30.00  18.00  11.00  24.00  28.00  6.00  4.00
Cell [55,127]: 0.00  0.00  0.00  0.00  0.00  19.00  66.00  260.00  0.00
Cell [56,0]: 0.00  0.00  0.00  100.00  301.00  0.00  0.00  0.00  0.00
Cell [56,1]: 0.00  0.00  0.00  185.00  182.00  0.00  0.00  0.00  0.00
Cell [56,2]: 0.00  1.00  39.00  124.00  76.00  0.00  0.00  0.00  0.00
Cell [56,3]: 1.00  3.00  22.00  52.00  39.00  12.00  5.00  7.00  2.00
Cell [56,4]: 2.00  17.00  1.00  72.00  3.00  48.00  34.00  6.00  0.00
Cell [56,5]: 1.00  2.00  10.00  32.00  44.00  84.00  19.00  7.00  2.00
Cell [56,6]: 8.00  4.00  3.00  22.00  75.00  65.00  13.00  10.00  6.00
Cell [56,7]: 5.00  9.00  1.00  59.00  104.00  0.00  33.00  26.00  7.00
Cell [56,8]: 3.00  3.00  20.00  116.00  9.00  9.00  30.00  13.00  12.00
Cell [56,9]: 2.00  1.00  9.00  34.00  144.00  24.00  65.00  2.00  7.00
Cell [56,10]: 1.00  0.00  0.00  13.00  263.00  47.00  4.00  0.00  0.00
Cell [56,11]: 0.00  0.00  0.00  12.00  335.00  19.00  3.00  0.00  0.00
Cell [56,12]: 0.00  0.00  0.00  3.00  350.00  35.00  2.00  0.00  0.00
Cell [56,13]: 0.00  0.00  0.00  0.00  171.00  240.00  0.00  0.00  0.00
Cell [56,14]: 0.00  0.00  0.00  0.00  361.00  27.00  0.00  0.00  0.00
Cell [56,15]: 0.00  0.00  0.00  0.00  125.00  107.00  36.00  215.00  525.00
Cell [56,16]: 138.00  5.00  4.00  0.00  3.00  0.00  6.00  4.00  1480.00
Cell [56,17]: 24.00  0.00  0.00  0.00  0.00  0.00  0.00  0.00  1729.00
Cell [56,18]: 287.00  13.00  14.00  0.00  8.00  31.00  9.00  29.00  13.00
Cell [56,19]: 1010.00  0.00  0.00  0.00  269.00  82.00  67.00  95.00  662.00
Cell [56,20]: 0.00  0.00  0.00  638.00  336.00  0.00  0.00  0.00  0.00
Cell [56,21]: 0.00  0.00  0.00  0.00  238.00  536.00  119.00  11.00  0.00
Cell [56,22]: 21.00  2.00  0.00  0.00  1.00  0.00  98.00  297.00  1059.00
Cell [56,23]: 624.00  3.00  1.00  3.00  6.00  2.00  0.00  7.00  245.00
Cell [56,24]: 1472.00  0.00  0.00  0.00  0.00  0.00  0.00  0.00  283.00
Cell [56,25]: 1711.00  2.00  4.00  0.00  0.00  0.00  25.00  59.00  502.00
Cell [56,26]: 15.00  42.00  5.00  10.00  522.00  105.00  15.00  15.00  0.00
Cell [56,27]: 2.00  2.00  0.00  14.00  294.00  241.00  19.00  0.00  2.00
Cell [56,28]: 0.00  8.00  10.00  172.00  246.00  140.00  20.00  0.00  0.00
Cell [56,29]: 5.00  6.00  0.00  176.00  349.00  45.00  5.00  0.00  0.00
Cell [56,30]: 0.00  2.00  8.00  123.00  328.00  14.00  3.00  0.00  0.00
Cell [56,31]: 10.00  4.00  25.00  67.00  148.00  107.00  24.00  6.00  12.00
Cell [56,32]: 3.00  2.00  0.00  0.00  48.00  98.00  159.00  19.00  6.00
Cell [56,33]: 0.00  0.00  0.00  4.00  420.00  54.00  7.00  0.00  0.00
Cell [56,34]: 0.00  0.00  3.00  156.00  368.00  11.00  0.00  0.00  0.00
Cell [56,35]: 0.00  1.00  1.00  4.00  295.00  195.00  12.00  0.00  1.00
Cell [56,36]: 0.00  0.00  0.00  0.00  157.00  380.00  6.00  0.00  0.00
Cell [56,37]: 0.00  0.00  0.00  279.00  342.00  15.00  3.00  0.00  0.00
Cell [56,38]: 0.00  0.00  0.00  38.00  137.00  207.00  52.00  0.00  0.00
Cell [56,39]: 123.00  296.00  122.00  65.00  0.00  0.00  0.00  0.00  0.00
Cell [56,40]: 121.00  161.00  53.00  33.00  29.00  5.00  3.00  14.00  47.00
Cell [56,41]: 0.00  0.00  0.00  0.00  353.00  9.00  0.00  0.00  0.00
Cell [56,42]: 0.00  0.00  0.00  149.00  317.00  0.00  0.00  0.00  0.00
Cell [56,43]: 0.00  0.00  0.00  300.00  209.00  0.00  0.00  0.00  0.00
Cell [56,44]: 0.00  6.00  57.00  217.00  195.00  0.00  0.00  0.00  0.00
Cell [56,45]: 2.00  6.00  32.00  192.00  189.00  14.00  3.00  3.00  3.00
Cell [56,46]: 8.00  0.00  0.00  139.00  264.00  135.00  0.00  6.00  6.00
Cell [56,47]: 0.00  0.00  0.00  38.00  486.00  223.00  5.00  15.00  0.00
Cell [56,48]: 1.00  1.00  1.00  2.00  480.00  232.00  0.00  1.00  0.00
Cell [56,49]: 0.00  0.00  8.00  0.00  301.00  372.00  29.00  6.00  0.00
Cell [56,50]: 3.00  3.00  17.00  515.00  155.00  60.00  3.00  6.00  0.00
Cell [56,51]: 1.00  5.00  4.00  13.00  539.00  40.00  14.00  0.00  1.00
Cell [56,52]: 0.00  0.00  1.00  8.00  633.00  32.00  3.00  2.00  1.00
Cell [56,53]: 0.00  0.00  0.00  5.00  651.00  5.00  0.00  0.00  0.00
Cell [56,54]: 0.00  0.00  0.00  0.00  708.00  18.00  1.00  0.00  0.00
Cell [56,55]: 0.00  0.00  0.00  0.00  518.00  108.00  9.00  2.00  0.00
Cell [56,56]: 0.00  0.00  13.00  110.00  335.00  84.00  0.00  0.00  0.00
Cell [56,57]: 0.00  0.00  5.00  55.00  272.00  41.00  0.00  0.00  0.00
Cell [56,58]: 0.00  0.00  0.00  0.00  96.00  89.00  44.00  154.00  685.00
Cell [56,59]: 0.00  0.00  0.00  0.00  0.00  0.00  0.00  13.00  1980.00
Cell [56,60]: 0.00  0.00  0.00  0.00  0.00  0.00  0.00  12.00  1611.00
Cell [56,61]: 211.00  18.00  12.00  15.00  7.00  2.00  9.00  30.00  19.00
Cell [56,62]: 2046.00  0.00  12.00  253.00  49.00  54.00  23.00  73.00  645.00
Cell [56,63]: 6.00  22.00  63.00  820.00  115.00  0.00  10.00  11.00  7.00
Cell [56,64]: 2.00  6.00  6.00  4.00  212.00  265.00  403.00  10.00  4.00
Cell [56,65]: 5.00  1.00  40.00  1.00  411.00  260.00  25.00  1.00  2.00
Cell [56,66]: 127.00  64.00  0.00  0.00  0.00  56.00  112.00  204.00  610.00
Cell [56,67]: 1000.00  0.00  0.00  0.00  0.00  0.00  0.00  3.00  259.00
Cell [56,68]: 1153.00  0.00  0.00  0.00  0.00  0.00  0.00  0.00  830.00
Cell [56,69]: 2862.00  226.00  3.00  9.00  2.00  3.00  6.00  28.00  96.00
Cell [56,70]: 1.00  0.00  0.00  79.00  749.00  63.00  0.00  0.00  3.00
Cell [56,71]: 0.00  9.00  5.00  31.00  262.00  475.00  13.00  9.00  0.00
Cell [56,72]: 4.00  12.00  0.00  779.00  117.00  0.00  0.00  2.00  7.00
Cell [56,73]: 1.00  0.00  0.00  47.00  442.00  340.00  16.00  14.00  0.00
Cell [56,74]: 19.00  58.00  173.00  307.00  58.00  8.00  4.00  0.00  15.00
Cell [56,75]: 0.00  0.00  2.00  0.00  156.00  117.00  116.00  113.00  43.00
Cell [56,76]: 10.00  0.00  0.00  0.00  344.00  84.00  77.00  21.00  34.00
Cell [56,77]: 0.00  0.00  0.00  200.00  439.00  36.00  3.00  0.00  0.00
Cell [56,78]: 0.00  0.00  0.00  227.00  518.00  29.00  0.00  0.00  0.00
Cell [56,79]: 0.00  0.00  0.00  0.00  496.00  204.00  54.00  0.00  0.00
Cell [56,80]: 0.00  0.00  0.00  0.00  143.00  421.00  61.00  16.00  0.00
Cell [56,81]: 0.00  175.00  321.00  167.00  98.00  41.00  0.00  0.00  0.00
Cell [56,82]: 17.00  26.00  20.00  17.00  61.00  80.00  99.00  123.00  97.00
Cell [56,83]: 174.00  75.00  14.00  35.00  0.00  0.00  0.00  71.00  264.00
Cell [56,84]: 75.00  77.00  29.00  0.00  13.00  84.00  103.00  332.00  47.00
Cell [56,85]: 0.00  0.00  0.00  0.00  452.00  213.00  36.00  0.00  0.00
Cell [56,86]: 85.00  67.00  28.00  52.00  53.00  107.00  28.00  68.00  103.00
Cell [56,87]: 165.00  31.00  35.00  11.00  17.00  23.00  14.00  20.00  162.00
Cell [56,88]: 356.00  15.00  0.00  0.00  0.00  0.00  0.00  0.00  188.00
Cell [56,89]: 37.00  27.00  10.00  3.00  2.00  3.00  6.00  14.00  1.00
Cell [56,90]: 1.00  2.00  0.00  0.00  0.00  5.00  29.00  5.00  1.00
Cell [56,91]: 59.00  0.00  0.00  0.00  0.00  0.00  29.00  122.00  54.00
Cell [56,92]: 14.00  0.00  0.00  0.00  0.00  0.00  19.00  104.00  128.00
Cell [56,93]: 0.00  0.00  2.00  2.00  75.00  47.00  26.00  28.00  10.00
Cell [56,94]: 388.00  350.00  82.00  13.00  41.00  52.00  40.00  0.00  60.00
Cell [56,95]: 151.00  93.00  0.00  0.00  0.00  40.00  49.00  856.00  1912.00
Cell [56,96]: 148.00  143.00  68.00  8.00  50.00  96.00  302.00  839.00  542.00
Cell [56,97]: 1383.00  172.00  177.00  39.00  59.00  42.00  62.00  87.00  655.00
Cell [56,98]: 1432.00  622.00  198.00  49.00  130.00  34.00  28.00  62.00  262.00
Cell [56,99]: 0.00  4853.00  340.00  14.00  0.00  7.00  0.00  0.00  0.00
Cell [56,100]: 11.00  4705.00  1150.00  6.00  0.00  0.00  0.00  3.00  8.00
Cell [56,101]: 218.00  1116.00  598.00  126.00  155.00  276.00  74.00  67.00  46.00
Cell [56,102]: 42.00  15.00  5.00  0.00  10.00  27.00  722.00  3170.00  85.00
Cell [56,103]: 6.00  0.00  0.00  3.00  8.00  16.00  2094.00  3465.00  11.00
Cell [56,104]: 20.00  0.00  3.00  0.00  7.00  21.00  170.00  5898.00  8.00
Cell [56,105]: 10.00  4.00  5.00  15.00  0.00  0.00  1047.00  2409.00  90.00
Cell [56,106]: 575.00  339.00  324.00  144.00  386.00  203.00  370.00  644.00  107.00
Cell [56,107]: 0.00  3224.00  571.00  83.00  0.00  0.00  11.00  4.00  0.00
Cell [56,108]: 0.00  5463.00  582.00  28.00  7.00  1.00  4.00  0.00  2.00
Cell [56,109]: 4.00  5383.00  375.00  0.00  0.00  4.00  3.00  0.00  3.00
Cell [56,110]: 262.00  2183.00  170.00  73.00  43.00  104.00  128.00  157.00  58.00
Cell [56,111]: 67.00  55.00  13.00  10.00  0.00  32.00  792.00  2279.00  40.00
Cell [56,112]: 10.00  9.00  0.00  4.00  30.00  0.00  217.00  5561.00  30.00
Cell [56,113]: 0.00  0.00  2.00  0.00  6.00  17.00  100.00  6379.00  203.00
Cell [56,114]: 122.00  59.00  111.00  99.00  45.00  142.00  393.00  943.00  528.00
Cell [56,115]: 113.00  52.00  0.00  104.00  104.00  124.00  847.00  3683.00  499.00
Cell [56,116]: 218.00  281.00  106.00  177.00  115.00  109.00  205.00  1913.00  312.00
Cell [56,117]: 3945.00  3370.00  41.00  0.00  0.00  0.00  0.00  0.00  87.00
Cell [56,118]: 1512.00  187.00  88.00  29.00  67.00  66.00  20.00  229.00  2689.00
Cell [56,119]: 17.00  6.00  1.00  25.00  37.00  51.00  4.00  1.00  196.00
Cell [56,120]: 0.00  0.00  0.00  12.00  38.00  25.00  38.00  34.00  0.00
Cell [56,121]: 0.00  0.00  0.00  0.00  0.00  35.00  104.00  23.00  0.00
Cell [56,122]: 0.00  0.00  0.00  0.00  0.00  43.00  57.00  51.00  80.00
Cell [56,123]: 134.00  0.00  0.00  0.00  0.00  0.00  0.00  5.00  238.00
Cell [56,124]: 123.00  0.00  0.00  1.00  0.00  0.00  0.00  11.00  166.00
Cell [56,125]: 102.00  12.00  0.00  4.00  0.00  0.00  0.00  10.00  58.00
Cell [56,126]: 139.00  2.00  2.00  0.00  1.00  0.00  0.00  5.00  69.00
Cell [56,127]: 51.00  0.00  0.00  0.00  0.00  0.00  4.00  18.00  237.00
Cell [57,0]: 0.00  0.00  7.00  140.00  80.00  0.00  0.00  0.00  0.00
Cell [57,1]: 0.00  0.00  30.00  88.00  119.00  0.00  0.00  0.00  0.00
Cell [57,2]: 0.00  0.00  11.00  25.00  278.00  0.00  0.00  0.00  0.00
Cell [57,3]: 0.00  0.00  0.00  73.00  331.00  0.00  0.00  0.00  0.00
Cell [57,4]: 0.00  0.00  0.00  116.00  342.00  0.00  0.00  0.00  0.00
Cell [57,5]: 0.00  0.00  0.00  42.00  433.00  0.00  0.00  0.00  0.00
Cell [57,6]: 0.00  0.00  12.00  64.00  349.00  0.00  0.00  0.00  0.00
Cell [57,7]: 0.00  6.00  24.00  189.00  125.00  0.00  0.00  0.00  0.00
Cell [57,8]: 1.00  1.00  3.00  73.00  238.00  0.00  0.00  1.00  1.00
Cell [57,9]: 1.00  1.00  4.00  16.00  208.00  6.00  9.00  5.00  2.00
Cell [57,10]: 0.00  2.00  7.00  84.00  107.00  42.00  4.00  2.00  5.00
Cell [57,11]: 1.00  2.00  2.00  51.00  112.00  19.00  5.00  0.00  1.00
Cell [57,12]: 3.00  3.00  11.00  69.00  54.00  7.00  7.00  2.00  0.00
Cell [57,13]: 0.00  0.00  13.00  129.00  14.00  4.00  0.00  0.00  0.00
Cell [57,14]: 0.00  0.00  0.00  73.00  165.00  0.00  0.00  0.00  0.00
Cell [57,15]: 0.00  0.00  0.00  21.00  105.00  26.00  15.00  43.00  472.00
Cell [57,16]: 5.00  0.00  2.00  0.00  0.00  0.00  2.00  10.00  1848.00
Cell [57,17]: 60.00  0.00  0.00  0.00  0.00  0.00  0.00  0.00  1835.00
Cell [57,18]: 416.00  35.00  13.00  5.00  2.00  1.00  9.00  23.00  22.00
Cell [57,19]: 794.00  36.00  16.00  7.00  73.00  5.00  16.00  0.00  118.00
Cell [57,20]: 0.00  0.00  1.00  50.00  114.00  43.00  1.00  1.00  0.00
Cell [57,21]: 1.00  2.00  7.00  48.00  13.00  61.00  53.00  3.00  6.00
Cell [57,22]: 20.00  4.00  0.00  0.00  0.00  0.00  2.00  96.00  1703.00
Cell [57,23]: 844.00  0.00  0.00  0.00  0.00  0.00  0.00  0.00  274.00
Cell [57,24]: 1540.00  0.00  0.00  0.00  0.00  0.00  0.00  0.00  111.00
Cell [57,25]: 1178.00  69.00  8.00  8.00  0.00  0.00  51.00  9.00  277.00
Cell [57,26]: 0.00  7.00  6.00  59.00  340.00  131.00  16.00  0.00  0.00
Cell [57,27]: 2.00  0.00  6.00  33.00  123.00  353.00  21.00  4.00  2.00
Cell [57,28]: 0.00  0.00  0.00  11.00  560.00  51.00  2.00  3.00  0.00
Cell [57,29]: 0.00  0.00  0.00  3.00  775.00  2.00  1.00  0.00  0.00
Cell [57,30]: 0.00  0.00  0.00  0.00  778.00  31.00  4.00  3.00  0.00
Cell [57,31]: 0.00  0.00  0.00  0.00  342.00  425.00  28.00  0.00  0.00
Cell [57,32]: 0.00  0.00  0.00  0.00  256.00  474.00  4.00  0.00  0.00
Cell [57,33]: 0.00  0.00  0.00  0.00  697.00  7.00  0.00  0.00  0.00
Cell [57,34]: 0.00  0.00  0.00  0.00  719.00  0.00  0.00  0.00  0.00
Cell [57,35]: 0.00  0.00  0.00  1.00  679.00  0.00  0.00  0.00  0.00
Cell [57,36]: 1.00  1.00  0.00  10.00  579.00  8.00  0.00  1.00  0.00
Cell [57,37]: 2.00  0.00  3.00  15.00  530.00  0.00  0.00  0.00  0.00
Cell [57,38]: 0.00  0.00  9.00  18.00  175.00  235.00  15.00  2.00  7.00
Cell [57,39]: 36.00  47.00  34.00  15.00  135.00  275.00  52.00  13.00  12.00
Cell [57,40]: 243.00  175.00  107.00  71.00  117.00  46.00  0.00  13.00  7.00
Cell [57,41]: 0.00  0.00  69.00  125.00  118.00  0.00  0.00  0.00  0.00
Cell [57,42]: 0.00  2.00  54.00  151.00  109.00  0.00  0.00  0.00  0.00
Cell [57,43]: 0.00  0.00  4.00  64.00  227.00  0.00  0.00  0.00  0.00
Cell [57,44]: 0.00  0.00  0.00  80.00  290.00  0.00  0.00  0.00  0.00
Cell [57,45]: 0.00  0.00  0.00  0.00  404.00  27.00  4.00  0.00  0.00
Cell [57,46]: 1.00  0.00  0.00  67.00  444.00  1.00  0.00  1.00  0.00
Cell [57,47]: 0.00  4.00  2.00  17.00  499.00  28.00  0.00  0.00  0.00
Cell [57,48]: 0.00  6.00  15.00  74.00  341.00  35.00  12.00  17.00  5.00
Cell [57,49]: 10.00  0.00  23.00  50.00  192.00  17.00  35.00  19.00  2.00
Cell [57,50]: 0.00  0.00  10.00  118.00  109.00  62.00  5.00  3.00  0.00
Cell [57,51]: 0.00  0.00  0.00  4.00  194.00  165.00  0.00  2.00  1.00
Cell [57,52]: 0.00  6.00  3.00  34.00  120.00  175.00  16.00  0.00  1.00
Cell [57,53]: 3.00  1.00  15.00  39.00  104.00  49.00  12.00  0.00  5.00
Cell [57,54]: 0.00  0.00  5.00  19.00  116.00  28.00  4.00  0.00  0.00
Cell [57,55]: 0.00  6.00  13.00  31.00  11.00  2.00  1.00  2.00  4.00
Cell [57,56]: 1.00  17.00  14.00  26.00  124.00  12.00  4.00  11.00  0.00
Cell [57,57]: 0.00  0.00  4.00  51.00  211.00  16.00  0.00  0.00  0.00
Cell [57,58]: 0.00  0.00  7.00  52.00  108.00  12.00  13.00  89.00  540.00
Cell [57,59]: 16.00  0.00  0.00  0.00  0.00  0.00  0.00  3.00  2304.00
Cell [57,60]: 488.00  0.00  0.00  0.00  0.00  0.00  0.00  10.00  1334.00
Cell [57,61]: 455.00  14.00  25.00  13.00  11.00  8.00  5.00  7.00  25.00
Cell [57,62]: 936.00  0.00  1.00  191.00  65.00  23.00  1.00  111.00  517.00
Cell [57,63]: 3.00  13.00  45.00  258.00  47.00  12.00  4.00  2.00  2.00
Cell [57,64]: 4.00  11.00  6.00  7.00  48.00  182.00  139.00  17.00  14.00
Cell [57,65]: 3.00  12.00  4.00  61.00  667.00  41.00  0.00  2.00  10.00
Cell [57,66]: 2.00  1.00  0.00  0.00  0.00  114.00  40.00  368.00  1424.00
Cell [57,67]: 373.00  1.00  0.00  0.00  0.00  0.00  0.00  8.00  829.00
Cell [57,68]: 552.00  0.00  0.00  0.00  0.00  0.00  0.00  8.00  1345.00
Cell [57,69]: 1448.00  29.00  8.00  6.00  64.00  59.00  55.00  147.00  670.00
Cell [57,70]: 1.00  0.00  0.00  5.00  1158.00  60.00  2.00  0.00  9.00
Cell [57,71]: 0.00  0.00  0.00  0.00  971.00  124.00  1.00  1.00  5.00
Cell [57,72]: 0.00  0.00  0.00  0.00  1169.00  109.00  0.00  0.00  0.00
Cell [57,73]: 0.00  17.00  6.00  57.00  1044.00  142.00  0.00  0.00  0.00
Cell [57,74]: 0.00  4.00  0.00  37.00  773.00  184.00  34.00  0.00  0.00
Cell [57,75]: 0.00  5.00  5.00  9.00  282.00  715.00  19.00  5.00  4.00
Cell [57,76]: 0.00  0.00  7.00  11.00  967.00  92.00  2.00  10.00  0.00
Cell [57,77]: 0.00  0.00  8.00  53.00  920.00  12.00  2.00  0.00  0.00
Cell [57,78]: 0.00  0.00  14.00  72.00  655.00  99.00  8.00  6.00  3.00
Cell [57,79]: 2.00  0.00  0.00  32.00  653.00  69.00  46.00  6.00  8.00
Cell [57,80]: 5.00  1.00  0.00  49.00  623.00  187.00  0.00  0.00  10.00
Cell [57,81]: 1.00  3.00  3.00  163.00  522.00  15.00  0.00  4.00  2.00
Cell [57,82]: 5.00  27.00  20.00  84.00  177.00  175.00  36.00  98.00  12.00
Cell [57,83]: 18.00  145.00  125.00  276.00  112.00  184.00  61.00  7.00  11.00
Cell [57,84]: 13.00  113.00  36.00  22.00  537.00  155.00  23.00  16.00  8.00
Cell [57,85]: 2.00  1.00  0.00  8.00  573.00  288.00  1.00  0.00  2.00
Cell [57,86]: 0.00  0.00  1.00  110.00  518.00  291.00  0.00  0.00  0.00
Cell [57,87]: 299.00  36.00  0.00  163.00  139.00  14.00  21.00  32.00  224.00
Cell [57,88]: 531.00  11.00  0.00  0.00  0.00  0.00  0.00  0.00  56.00
Cell [57,89]: 31.00  20.00  6.00  0.00  2.00  2.00  20.00  40.00  16.00
Cell [57,90]: 0.00  6.00  13.00  4.00  2.00  14.00  25.00  5.00  0.00
Cell [57,91]: 38.00  1.00  0.00  0.00  0.00  2.00  37.00  49.00  38.00
Cell [57,92]: 3.00  0.00  0.00  48.00  103.00  70.00  63.00  22.00  10.00
Cell [57,93]: 0.00  64.00  12.00  119.00  275.00  30.00  0.00  0.00  0.00
Cell [57,94]: 300.00  340.00  422.00  125.00  169.00  73.00  124.00  199.00  564.00
Cell [57,95]: 156.00  4.00  0.00  0.00  25.00  15.00  55.00  1207.00  647.00
Cell [57,96]: 11.00  583.00  212.00  28.00  208.00  100.00  99.00  827.00  324.00
Cell [57,97]: 504.00  1460.00  268.00  64.00  36.00  20.00  68.00  25.00  607.00
Cell [57,98]: 227.00  3223.00  406.00  231.00  51.00  56.00  41.00  15.00  71.00
Cell [57,99]: 9.00  4747.00  220.00  51.00  0.00  2.00  5.00  0.00  29.00
Cell [57,100]: 161.00  2126.00  660.00  50.00  18.00  16.00  14.00  23.00  51.00
Cell [57,101]: 214.00  474.00  485.00  211.00  201.00  114.00  123.00  42.00  25.00
Cell [57,102]: 10.00  13.00  0.00  6.00  7.00  89.00  765.00  1517.00  39.00
Cell [57,103]: 0.00  0.00  0.00  14.00  0.00  11.00  732.00  5121.00  131.00
Cell [57,104]: 8.00  6.00  0.00  5.00  5.00  17.00  261.00  5560.00  0.00
Cell [57,105]: 11.00  16.00  28.00  19.00  2.00  42.00  327.00  4001.00  6.00
Cell [57,106]: 101.00  1413.00  524.00  0.00  527.00  118.00  286.00  1018.00  104.00
Cell [57,107]: 17.00  3970.00  842.00  72.00  6.00  3.00  0.00  0.00  0.00
Cell [57,108]: 0.00  3774.00  1685.00  39.00  0.00  12.00  0.00  0.00  7.00
Cell [57,109]: 124.00  4315.00  288.00  76.00  14.00  0.00  18.00  0.00  36.00
Cell [57,110]: 67.00  563.00  409.00  195.00  14.00  41.00  50.00  4.00  42.00
Cell [57,111]: 0.00  0.00  55.00  18.00  71.00  40.00  377.00  676.00  64.00
Cell [57,112]: 21.00  0.00  0.00  0.00  23.00  37.00  821.00  3299.00  49.00
Cell [57,113]: 0.00  4.00  0.00  4.00  4.00  0.00  692.00  5935.00  16.00
Cell [57,114]: 1532.00  33.00  30.00  94.00  98.00  133.00  162.00  3651.00  94.00
Cell [57,115]: 162.00  404.00  83.00  35.00  60.00  50.00  130.00  3631.00  1240.00
Cell [57,116]: 288.00  656.00  635.00  222.00  535.00  198.00  567.00  3351.00  11.00
Cell [57,117]: 2475.00  3806.00  81.00  22.00  0.00  0.00  10.00  6.00  11.00
Cell [57,118]: 1139.00  368.00  539.00  309.00  123.00  41.00  121.00  22.00  1010.00
Cell [57,119]: 111.00  55.00  16.00  41.00  122.00  0.00  42.00  51.00  525.00
Cell [57,120]: 1.00  4.00  8.00  23.00  110.00  27.00  0.00  7.00  6.00
Cell [57,121]: 3.00  8.00  25.00  8.00  14.00  5.00  12.00  9.00  3.00
Cell [57,122]: 70.00  12.00  12.00  5.00  0.00  7.00  6.00  7.00  108.00
Cell [57,123]: 13.00  0.00  0.00  0.00  0.00  0.00  0.00  25.00  363.00
Cell [57,124]: 230.00  13.00  3.00  4.00  0.00  1.00  8.00  0.00  59.00
Cell [57,125]: 95.00  27.00  12.00  6.00  11.00  6.00  12.00  20.00  33.00
Cell [57,126]: 144.00  34.00  4.00  4.00  1.00  0.00  2.00  2.00  21.00
Cell [57,127]: 158.00  109.00  6.00  3.00  0.00  0.00  0.00  0.00  1.00
Cell [58,0]: 0.00  7.00  6.00  118.00  94.00  0.00  0.00  0.00  0.00
Cell [58,1]: 0.00  2.00  5.00  136.00  99.00  0.00  0.00  0.00  0.00
Cell [58,2]: 0.00  5.00  18.00  233.00  14.00  0.00  0.00  0.00  0.00
Cell [58,3]: 0.00  0.00  4.00  174.00  95.00  2.00  0.00  0.00  0.00
Cell [58,4]: 0.00  0.00  4.00  178.00  42.00  0.00  0.00  0.00  0.00
Cell [58,5]: 1.00  0.00  0.00  124.00  47.00  3.00  1.00  0.00  0.00
Cell [58,6]: 0.00  2.00  13.00  39.00  94.00  4.00  1.00  0.00  0.00
Cell [58,7]: 5.00  10.00  49.00  135.00  30.00  0.00  0.00  0.00  0.00
Cell [58,8]: 0.00  1.00  30.00  58.00  117.00  0.00  0.00  0.00  0.00
Cell [58,9]: 0.00  1.00  3.00  14.00  230.00  0.00  1.00  1.00  0.00
Cell [58,10]: 2.00  2.00  6.00  104.00  151.00  0.00  1.00  0.00  0.00
Cell [58,11]: 0.00  1.00  4.00  16.00  251.00  0.00  3.00  3.00  0.00
Cell [58,12]: 0.00  0.00  5.00  42.00  249.00  1.00  4.00  1.00  0.00
Cell [58,13]: 0.00  0.00  2.00  67.00  193.00  6.00  0.00  2.00  0.00
Cell [58,14]: 0.00  0.00  1.00  48.00  116.00  15.00  2.00  1.00  0.00
Cell [58,15]: 23.00  11.00  3.00  12.00  28.00  55.00  19.00  45.00  186.00
Cell [58,16]: 14.00  2.00  0.00  0.00  0.00  0.00  1.00  0.00  2132.00
Cell [58,17]: 463.00  0.00  0.00  0.00  0.00  0.00  0.00  0.00  1637.00
Cell [58,18]: 616.00  19.00  8.00  8.00  0.00  5.00  6.00  3.00  134.00
Cell [58,19]: 737.00  6.00  18.00  4.00  2.00  1.00  3.00  0.00  16.00
Cell [58,20]: 2.00  0.00  12.00  19.00  28.00  12.00  0.00  0.00  0.00
Cell [58,21]: 0.00  0.00  0.00  62.00  60.00  22.00  0.00  0.00  0.00
Cell [58,22]: 501.00  9.00  25.00  22.00  0.00  0.00  0.00  14.00  1036.00
Cell [58,23]: 1039.00  0.00  0.00  0.00  0.00  0.00  0.00  0.00  459.00
Cell [58,24]: 1204.00  5.00  2.00  0.00  2.00  2.00  0.00  2.00  222.00
Cell [58,25]: 1497.00  152.00  9.00  25.00  0.00  0.00  0.00  0.00  0.00
Cell [58,26]: 0.00  3.00  12.00  82.00  92.00  0.00  0.00  0.00  0.00
Cell [58,27]: 0.00  0.00  1.00  58.00  86.00  21.00  0.00  0.00  0.00
Cell [58,28]: 0.00  0.00  0.00  60.00  108.00  68.00  0.00  0.00  0.00
Cell [58,29]: 0.00  0.00  6.00  20.00  323.00  7.00  0.00  0.00  0.00
Cell [58,30]: 0.00  0.00  6.00  124.00  230.00  0.00  0.00  0.00  0.00
Cell [58,31]: 7.00  4.00  16.00  140.00  122.00  0.00  0.00  0.00  4.00
Cell [58,32]: 0.00  10.00  7.00  130.00  24.00  1.00  13.00  4.00  0.00
Cell [58,33]: 1.00  1.00  2.00  3.00  63.00  23.00  2.00  0.00  1.00
Cell [58,34]: 0.00  0.00  6.00  24.00  101.00  10.00  1.00  0.00  0.00
Cell [58,35]: 0.00  0.00  0.00  46.00  196.00  5.00  0.00  0.00  0.00
Cell [58,36]: 0.00  0.00  0.00  0.00  314.00  2.00  0.00  0.00  0.00
Cell [58,37]: 0.00  3.00  1.00  33.00  195.00  65.00  8.00  0.00  0.00
Cell [58,38]: 3.00  3.00  6.00  43.00  105.00  102.00  5.00  3.00  1.00
Cell [58,39]: 1.00  1.00  1.00  13.00  144.00  126.00  7.00  0.00  0.00
Cell [58,40]: 13.00  17.00  24.00  83.00  212.00  9.00  0.00  4.00  10.00
Cell [58,41]: 0.00  0.00  37.00  274.00  34.00  0.00  0.00  0.00  0.00
Cell [58,42]: 0.00  0.00  0.00  223.00  134.00  0.00  0.00  0.00  0.00
Cell [58,43]: 0.00  0.00  0.00  92.00  280.00  0.00  0.00  0.00  0.00
Cell [58,44]: 0.00  12.00  54.00  125.00  121.00  0.00  0.00  0.00  0.00
Cell [58,45]: 3.00  15.00  27.00  107.00  161.00  0.00  0.00  0.00  0.00
Cell [58,46]: 0.00  3.00  9.00  141.00  123.00  0.00  0.00  0.00  0.00
Cell [58,47]: 0.00  0.00  17.00  127.00  163.00  0.00  0.00  0.00  0.00
Cell [58,48]: 0.00  0.00  0.00  0.00  260.00  14.00  0.00  0.00  0.00
Cell [58,49]: 0.00  0.00  23.00  44.00  204.00  3.00  0.00  0.00  0.00
Cell [58,50]: 0.00  0.00  5.00  297.00  67.00  0.00  0.00  0.00  0.00
Cell [58,51]: 0.00  0.00  0.00  0.00  244.00  146.00  6.00  0.00  0.00
Cell [58,52]: 0.00  0.00  0.00  60.00  402.00  18.00  0.00  0.00  0.00
Cell [58,53]: 0.00  0.00  0.00  150.00  298.00  0.00  0.00  0.00  0.00
Cell [58,54]: 0.00  0.00  0.00  17.00  411.00  0.00  0.00  0.00  0.00
Cell [58,55]: 0.00  0.00  2.00  65.00  362.00  0.00  0.00  0.00  0.00
Cell [58,56]: 11.00  23.00  17.00  34.00  248.00  0.00  0.00  0.00  0.00
Cell [58,57]: 0.00  3.00  1.00  17.00  177.00  5.00  1.00  0.00  0.00
Cell [58,58]: 0.00  1.00  3.00  21.00  106.00  29.00  2.00  56.00  179.00
Cell [58,59]: 31.00  0.00  0.00  0.00  0.00  1.00  0.00  4.00  2535.00
Cell [58,60]: 475.00  3.00  3.00  0.00  0.00  0.00  0.00  16.00  1487.00
Cell [58,61]: 865.00  42.00  3.00  3.00  4.00  12.00  54.00  9.00  5.00
Cell [58,62]: 920.00  23.00  5.00  16.00  19.00  28.00  6.00  2.00  15.00
Cell [58,63]: 5.00  7.00  5.00  23.00  44.00  32.00  1.00  6.00  1.00
Cell [58,64]: 1.00  2.00  5.00  45.00  49.00  20.00  9.00  3.00  2.00
Cell [58,65]: 3.00  0.00  0.00  36.00  94.00  16.00  10.00  38.00  10.00
Cell [58,66]: 87.00  4.00  2.00  19.00  11.00  0.00  2.00  0.00  1689.00
Cell [58,67]: 1212.00  0.00  0.00  0.00  0.00  0.00  0.00  0.00  306.00
Cell [58,68]: 1718.00  0.00  0.00  0.00  0.00  0.00  0.00  0.00  21.00
Cell [58,69]: 2014.00  73.00  9.00  25.00  10.00  35.00  1.00  0.00  6.00
Cell [58,70]: 0.00  0.00  14.00  116.00  215.00  6.00  0.00  0.00  0.00
Cell [58,71]: 0.00  0.00  0.00  56.00  83.00  76.00  22.00  4.00  0.00
Cell [58,72]: 0.00  4.00  2.00  13.00  183.00  129.00  20.00  0.00  1.00
Cell [58,73]: 1.00  3.00  2.00  45.00  366.00  78.00  10.00  1.00  1.00
Cell [58,74]: 0.00  0.00  4.00  22.00  460.00  23.00  4.00  2.00  0.00
Cell [58,75]: 0.00  0.00  29.00  151.00  147.00  174.00  15.00  9.00  0.00
Cell [58,76]: 0.00  0.00  8.00  176.00  262.00  22.00  13.00  7.00  0.00
Cell [58,77]: 0.00  0.00  0.00  29.00  275.00  34.00  8.00  3.00  3.00
Cell [58,78]: 0.00  4.00  2.00  11.00  270.00  39.00  30.00  8.00  2.00
Cell [58,79]: 0.00  0.00  0.00  4.00  482.00  16.00  2.00  0.00  0.00
Cell [58,80]: 0.00  0.00  0.00  1.00  554.00  9.00  0.00  0.00  0.00
Cell [58,81]: 0.00  0.00  1.00  32.00  436.00  5.00  0.00  0.00  0.00
Cell [58,82]: 1.00  0.00  5.00  15.00  332.00  234.00  3.00  0.00  0.00
Cell [58,83]: 0.00  0.00  0.00  2.00  615.00  108.00  1.00  0.00  1.00
Cell [58,84]: 0.00  0.00  0.00  0.00  686.00  105.00  11.00  4.00  2.00
Cell [58,85]: 0.00  1.00  0.00  0.00  610.00  201.00  8.00  1.00  4.00
Cell [58,86]: 1.00  1.00  2.00  3.00  778.00  233.00  0.00  0.00  1.00
Cell [58,87]: 326.00  24.00  11.00  12.00  217.00  105.00  90.00  93.00  156.00
Cell [58,88]: 444.00  0.00  0.00  0.00  0.00  0.00  0.00  0.00  82.00
Cell [58,89]: 31.00  1.00  0.00  1.00  0.00  5.00  9.00  8.00  32.00
Cell [58,90]: 10.00  0.00  0.00  0.00  1.00  20.00  6.00  6.00  11.00
Cell [58,91]: 13.00  8.00  1.00  4.00  4.00  3.00  14.00  9.00  7.00
Cell [58,92]: 49.00  51.00  89.00  115.00  14.00  0.00  0.00  0.00  10.00
Cell [58,93]: 27.00  44.00  64.00  71.00  259.00  4.00  27.00  11.00  2.00
Cell [58,94]: 143.00  48.00  0.00  106.00  129.00  60.00  49.00  831.00  1358.00
Cell [58,95]: 36.00  25.00  9.00  4.00  0.00  4.00  88.00  334.00  652.00
Cell [58,96]: 16.00  1095.00  496.00  325.00  198.00  54.00  140.00  256.00  507.00
Cell [58,97]: 644.00  240.00  49.00  56.00  76.00  37.00  129.00  177.00  540.00
Cell [58,98]: 27.00  3262.00  547.00  60.00  117.00  50.00  44.00  95.00  52.00
Cell [58,99]: 134.00  3198.00  649.00  0.00  12.00  10.00  0.00  0.00  0.00
Cell [58,100]: 30.00  1338.00  235.00  71.00  17.00  8.00  0.00  0.00  24.00
Cell [58,101]: 44.00  779.00  1761.00  125.00  576.00  488.00  250.00  25.00  0.00
Cell [58,102]: 1.00  7.00  0.00  0.00  0.00  22.00  1635.00  1670.00  53.00
Cell [58,103]: 14.00  5.00  15.00  0.00  28.00  38.00  898.00  1906.00  115.00
Cell [58,104]: 24.00  8.00  17.00  2.00  0.00  25.00  846.00  5088.00  8.00
Cell [58,105]: 13.00  2.00  0.00  0.00  7.00  18.00  170.00  5758.00  24.00
Cell [58,106]: 18.00  1514.00  192.00  153.00  138.00  135.00  164.00  953.00  6.00
Cell [58,107]: 18.00  5625.00  105.00  0.00  0.00  0.00  0.00  0.00  6.00
Cell [58,108]: 126.00  5125.00  566.00  45.00  3.00  0.00  4.00  0.00  21.00
Cell [58,109]: 161.00  505.00  335.00  252.00  44.00  16.00  14.00  24.00  55.00
Cell [58,110]: 87.00  1077.00  920.00  512.00  193.00  37.00  77.00  22.00  54.00
Cell [58,111]: 0.00  15.00  0.00  0.00  17.00  632.00  1393.00  1780.00  37.00
Cell [58,112]: 80.00  31.00  17.00  0.00  10.00  37.00  355.00  1139.00  137.00
Cell [58,113]: 0.00  7.00  0.00  2.00  0.00  0.00  108.00  5821.00  67.00
Cell [58,114]: 1228.00  379.00  105.00  211.00  148.00  603.00  99.00  4692.00  27.00
Cell [58,115]: 1641.00  28.00  9.00  43.00  23.00  16.00  34.00  524.00  1579.00
Cell [58,116]: 0.00  354.00  140.00  167.00  23.00  291.00  405.00  4303.00  134.00
Cell [58,117]: 2540.00  1995.00  11.00  16.00  18.00  8.00  0.00  18.00  51.00
Cell [58,118]: 1842.00  732.00  127.00  58.00  366.00  78.00  57.00  229.00  755.00
Cell [58,119]: 127.00  40.00  17.00  11.00  101.00  158.00  453.00  291.00  593.00
Cell [58,120]: 38.00  0.00  0.00  0.00  16.00  20.00  35.00  29.00  18.00
Cell [58,121]: 7.00  7.00  7.00  2.00  3.00  3.00  6.00  12.00  6.00
Cell [58,122]: 53.00  9.00  10.00  2.00  0.00  0.00  0.00  13.00  51.00
Cell [58,123]: 27.00  0.00  0.00  0.00  0.00  0.00  4.00  23.00  287.00
Cell [58,124]: 63.00  93.00  20.00  3.00  0.00  4.00  2.00  2.00  26.00
Cell [58,125]: 4.00  5.00  23.00  28.00  17.00  20.00  14.00  26.00  6.00
Cell [58,126]: 6.00  29.00  11.00  3.00  8.00  13.00  34.00  35.00  15.00
Cell [58,127]: 117.00  182.00  14.00  6.00  0.00  0.00  0.00  0.00  0.00
Cell [59,0]: 0.00  0.00  0.00  0.00  78.00  241.00  15.00  5.00  0.00
Cell [59,1]: 0.00  0.00  0.00  0.00  173.00  181.00  0.00  7.00  1.00
Cell [59,2]: 1.00  0.00  0.00  0.00  224.00  132.00  8.00  4.00  6.00
Cell [59,3]: 0.00  0.00  0.00  0.00  344.00  94.00  2.00  3.00  0.00
Cell [59,4]: 2.00  0.00  0.00  0.00  361.00  49.00  2.00  0.00  0.00
Cell [59,5]: 0.00  0.00  0.00  2.00  385.00  10.00  0.00  2.00  0.00
Cell [59,6]: 1.00  0.00  0.00  1.00  326.00  26.00  3.00  2.00  0.00
Cell [59,7]: 0.00  0.00  0.00  0.00  206.00  145.00  13.00  10.00  1.00
Cell [59,8]: 0.00  0.00  0.00  0.00  281.00  77.00  3.00  2.00  0.00
Cell [59,9]: 0.00  0.00  0.00  0.00  305.00  19.00  2.00  0.00  0.00
Cell [59,10]: 0.00  0.00  0.00  0.00  294.00  40.00  3.00  1.00  0.00
Cell [59,11]: 0.00  0.00  0.00  0.00  209.00  113.00  0.00  0.00  0.00
Cell [59,12]: 0.00  0.00  0.00  0.00  335.00  22.00  0.00  0.00  0.00
Cell [59,13]: 0.00  0.00  0.00  4.00  224.00  126.00  0.00  0.00  0.00
Cell [59,14]: 0.00  0.00  0.00  158.00  139.00  0.00  0.00  0.00  0.00
Cell [59,15]: 33.00  34.00  28.00  109.00  106.00  0.00  0.00  0.00  0.00
Cell [59,16]: 109.00  1.00  0.00  0.00  0.00  0.00  0.00  22.00  1942.00
Cell [59,17]: 466.00  0.00  0.00  0.00  0.00  0.00  0.00  0.00  2030.00
Cell [59,18]: 1038.00  66.00  2.00  10.00  1.00  0.00  0.00  19.00  72.00
Cell [59,19]: 436.00  52.00  29.00  5.00  17.00  41.00  3.00  10.00  61.00
Cell [59,20]: 7.00  2.00  37.00  39.00  17.00  89.00  17.00  5.00  1.00
Cell [59,21]: 5.00  7.00  19.00  74.00  64.00  51.00  18.00  7.00  2.00
Cell [59,22]: 435.00  190.00  25.00  20.00  17.00  12.00  6.00  5.00  689.00
Cell [59,23]: 876.00  0.00  0.00  0.00  0.00  0.00  0.00  46.00  913.00
Cell [59,24]: 748.00  49.00  0.00  0.00  10.00  2.00  0.00  25.00  664.00
Cell [59,25]: 1378.00  42.00  14.00  0.00  34.00  6.00  4.00  0.00  35.00
Cell [59,26]: 2.00  2.00  2.00  50.00  69.00  9.00  0.00  1.00  1.00
Cell [59,27]: 2.00  1.00  5.00  10.00  164.00  17.00  4.00  2.00  2.00
Cell [59,28]: 0.00  1.00  2.00  1.00  237.00  22.00  1.00  3.00  0.00
Cell [59,29]: 2.00  3.00  1.00  2.00  293.00  27.00  5.00  3.00  0.00
Cell [59,30]: 0.00  0.00  3.00  4.00  319.00  14.00  3.00  0.00  0.00
Cell [59,31]: 0.00  2.00  1.00  2.00  355.00  13.00  0.00  0.00  0.00
Cell [59,32]: 0.00  0.00  7.00  8.00  354.00  9.00  0.00  0.00  0.00
Cell [59,33]: 1.00  1.00  1.00  3.00  267.00  22.00  1.00  1.00  1.00
Cell [59,34]: 1.00  12.00  6.00  2.00  236.00  52.00  2.00  7.00  1.00
Cell [59,35]: 0.00  7.00  10.00  9.00  299.00  46.00  4.00  2.00  0.00
Cell [59,36]: 0.00  0.00  3.00  14.00  130.00  217.00  2.00  0.00  0.00
Cell [59,37]: 0.00  0.00  4.00  22.00  214.00  78.00  0.00  0.00  0.00
Cell [59,38]: 0.00  0.00  0.00  4.00  179.00  62.00  0.00  0.00  0.00
Cell [59,39]: 0.00  0.00  0.00  0.00  81.00  55.00  0.00  0.00  0.00
Cell [59,40]: 50.00  17.00  6.00  8.00  44.00  40.00  35.00  44.00  186.00
Cell [59,41]: 2.00  0.00  12.00  31.00  236.00  27.00  3.00  0.00  3.00
Cell [59,42]: 6.00  10.00  33.00  19.00  141.00  174.00  24.00  15.00  6.00
Cell [59,43]: 0.00  8.00  9.00  20.00  464.00  28.00  3.00  8.00  0.00
Cell [59,44]: 0.00  0.00  8.00  45.00  432.00  42.00  2.00  7.00  0.00
Cell [59,45]: 0.00  0.00  11.00  79.00  440.00  82.00  5.00  9.00  0.00
Cell [59,46]: 2.00  1.00  2.00  21.00  484.00  20.00  0.00  0.00  0.00
Cell [59,47]: 0.00  2.00  7.00  106.00  321.00  42.00  0.00  0.00  0.00
Cell [59,48]: 0.00  0.00  2.00  14.00  362.00  66.00  2.00  0.00  0.00
Cell [59,49]: 0.00  3.00  17.00  44.00  265.00  11.00  1.00  0.00  0.00
Cell [59,50]: 5.00  11.00  13.00  23.00  212.00  13.00  6.00  0.00  4.00
Cell [59,51]: 0.00  0.00  0.00  0.00  179.00  13.00  0.00  0.00  0.00
Cell [59,52]: 0.00  0.00  4.00  34.00  174.00  24.00  0.00  0.00  0.00
Cell [59,53]: 0.00  0.00  4.00  42.00  127.00  38.00  0.00  0.00  0.00
Cell [59,54]: 0.00  0.00  2.00  103.00  103.00  38.00  31.00  8.00  1.00
Cell [59,55]: 0.00  0.00  0.00  13.00  343.00  47.00  0.00  0.00  0.00
Cell [59,56]: 0.00  0.00  1.00  32.00  194.00  53.00  0.00  0.00  1.00
Cell [59,57]: 0.00  0.00  12.00  141.00  173.00  21.00  2.00  3.00  0.00
Cell [59,58]: 6.00  0.00  5.00  36.00  312.00  21.00  2.00  10.00  7.00
Cell [59,59]: 169.00  22.00  22.00  0.00  0.00  0.00  0.00  2.00  2269.00
Cell [59,60]: 675.00  9.00  0.00  0.00  0.00  0.00  0.00  0.00  1663.00
Cell [59,61]: 1377.00  11.00  3.00  9.00  13.00  19.00  6.00  13.00  25.00
Cell [59,62]: 499.00  14.00  30.00  63.00  50.00  4.00  4.00  1.00  16.00
Cell [59,63]: 0.00  0.00  17.00  157.00  91.00  4.00  7.00  4.00  0.00
Cell [59,64]: 0.00  0.00  2.00  44.00  282.00  9.00  2.00  0.00  0.00
Cell [59,65]: 4.00  4.00  11.00  126.00  116.00  51.00  11.00  11.00  2.00
Cell [59,66]: 36.00  23.00  4.00  0.00  22.00  13.00  18.00  14.00  1344.00
Cell [59,67]: 1518.00  0.00  0.00  0.00  0.00  0.00  0.00  0.00  350.00
Cell [59,68]: 1666.00  7.00  13.00  0.00  0.00  2.00  0.00  9.00  40.00
Cell [59,69]: 2061.00  28.00  0.00  1.00  0.00  4.00  1.00  3.00  7.00
Cell [59,70]: 6.00  13.00  25.00  16.00  0.00  39.00  28.00  8.00  15.00
Cell [59,71]: 0.00  0.00  4.00  32.00  124.00  131.00  4.00  1.00  0.00
Cell [59,72]: 0.00  0.00  3.00  74.00  255.00  14.00  2.00  0.00  0.00
Cell [59,73]: 2.00  0.00  0.00  22.00  168.00  79.00  0.00  0.00  0.00
Cell [59,74]: 0.00  0.00  6.00  47.00  159.00  18.00  1.00  0.00  2.00
Cell [59,75]: 0.00  0.00  0.00  24.00  247.00  4.00  0.00  0.00  0.00
Cell [59,76]: 6.00  26.00  19.00  39.00  106.00  30.00  1.00  1.00  1.00
Cell [59,77]: 0.00  15.00  29.00  13.00  66.00  10.00  2.00  0.00  1.00
Cell [59,78]: 0.00  0.00  2.00  38.00  181.00  20.00  2.00  0.00  0.00
Cell [59,79]: 0.00  2.00  4.00  29.00  297.00  46.00  7.00  0.00  0.00
Cell [59,80]: 0.00  0.00  1.00  10.00  258.00  116.00  3.00  6.00  0.00
Cell [59,81]: 0.00  0.00  0.00  108.00  360.00  34.00  3.00  3.00  5.00
Cell [59,82]: 0.00  2.00  3.00  3.00  354.00  63.00  4.00  0.00  0.00
Cell [59,83]: 0.00  0.00  4.00  40.00  151.00  133.00  4.00  6.00  2.00
Cell [59,84]: 0.00  9.00  10.00  128.00  99.00  56.00  8.00  0.00  0.00
Cell [59,85]: 3.00  3.00  17.00  83.00  103.00  4.00  0.00  1.00  2.00
Cell [59,86]: 1.00  5.00  21.00  137.00  81.00  7.00  1.00  0.00  2.00
Cell [59,87]: 477.00  44.00  0.00  8.00  16.00  2.00  0.00  2.00  256.00
Cell [59,88]: 356.00  0.00  0.00  0.00  0.00  0.00  0.00  0.00  81.00
Cell [59,89]: 0.00  0.00  0.00  0.00  9.00  24.00  10.00  12.00  8.00
Cell [59,90]: 1.00  1.00  6.00  26.00  46.00  13.00  6.00  0.00  3.00
Cell [59,91]: 10.00  6.00  10.00  26.00  33.00  19.00  2.00  3.00  17.00
Cell [59,92]: 97.00  41.00  3.00  0.00  0.00  0.00  0.00  9.00  113.00
Cell [59,93]: 652.00  227.00  3.00  41.00  1.00  0.00  3.00  0.00  67.00
Cell [59,94]: 0.00  45.00  47.00  7.00  73.00  41.00  0.00  971.00  1620.00
Cell [59,95]: 56.00  17.00  6.00  43.00  12.00  9.00  67.00  327.00  1596.00
Cell [59,96]: 115.00  245.00  202.00  250.00  310.00  95.00  73.00  37.00  135.00
Cell [59,97]: 382.00  553.00  76.00  17.00  12.00  9.00  0.00  59.00  1033.00
Cell [59,98]: 728.00  2415.00  171.00  85.00  37.00  44.00  12.00  65.00  112.00
Cell [59,99]: 858.00  718.00  309.00  105.00  14.00  16.00  31.00  24.00  18.00
Cell [59,100]: 34.00  3355.00  463.00  51.00  0.00  0.00  0.00  12.00  19.00
Cell [59,101]: 18.00  1430.00  3987.00  550.00  197.00  333.00  39.00  42.00  15.00
Cell [59,102]: 1.00  34.00  10.00  0.00  0.00  108.00  2603.00  3612.00  0.00
Cell [59,103]: 15.00  4.00  0.00  16.00  6.00  104.00  668.00  1227.00  111.00
Cell [59,104]: 9.00  26.00  2.00  0.00  0.00  15.00  877.00  2082.00  45.00
Cell [59,105]: 2.00  3.00  0.00  0.00  0.00  6.00  142.00  5446.00  2.00
Cell [59,106]: 0.00  1667.00  696.00  323.00  579.00  201.00  593.00  1370.00  14.00
Cell [59,107]: 14.00  5739.00  191.00  16.00  30.00  1.00  0.00  6.00  0.00
Cell [59,108]: 76.00  1305.00  408.00  42.00  0.00  0.00  0.00  10.00  22.00
Cell [59,109]: 163.00  1487.00  438.00  135.00  9.00  38.00  0.00  27.00  97.00
Cell [59,110]: 13.00  5643.00  901.00  195.00  77.00  0.00  0.00  44.00  0.00
Cell [59,111]: 0.00  0.00  0.00  50.00  503.00  211.00  2478.00  3588.00  33.00
Cell [59,112]: 3.00  13.00  30.00  7.00  0.00  150.00  722.00  1675.00  119.00
Cell [59,113]: 0.00  54.00  1.00  0.00  26.00  171.00  422.00  1215.00  328.00
Cell [59,114]: 1334.00  118.00  0.00  0.00  29.00  188.00  113.00  4080.00  813.00
Cell [59,115]: 1542.00  351.00  56.00  0.00  30.00  46.00  306.00  2132.00  715.00
Cell [59,116]: 44.00  13.00  67.00  181.00  411.00  190.00  416.00  527.00  378.00
Cell [59,117]: 784.00  907.00  272.00  121.00  18.00  48.00  35.00  8.00  68.00
Cell [59,118]: 3082.00  2994.00  137.00  60.00  0.00  0.00  35.00  7.00  66.00
Cell [59,119]: 29.00  60.00  13.00  0.00  0.00  153.00  162.00  643.00  2516.00
Cell [59,120]: 90.00  19.00  0.00  0.00  0.00  0.00  0.00  1.00  19.00
Cell [59,121]: 3.00  23.00  2.00  0.00  1.00  6.00  12.00  10.00  15.00
Cell [59,122]: 0.00  0.00  0.00  1.00  1.00  8.00  26.00  92.00  68.00
Cell [59,123]: 0.00  0.00  0.00  0.00  9.00  5.00  9.00  31.00  241.00
Cell [59,124]: 84.00  185.00  33.00  7.00  1.00  0.00  0.00  0.00  0.00
Cell [59,125]: 14.00  19.00  17.00  12.00  19.00  23.00  30.00  83.00  0.00
Cell [59,126]: 5.00  24.00  15.00  6.00  3.00  7.00  20.00  83.00  2.00
Cell [59,127]: 141.00  43.00  2.00  0.00  0.00  0.00  3.00  2.00  64.00
Cell [60,0]: 2.00  4.00  29.00  91.00  25.00  2.00  3.00  4.00  0.00
Cell [60,1]: 3.00  2.00  7.00  48.00  83.00  10.00  8.00  0.00  2.00
Cell [60,2]: 1.00  3.00  0.00  49.00  49.00  11.00  7.00  4.00  0.00
Cell [60,3]: 0.00  0.00  1.00  1.00  141.00  41.00  0.00  0.00  0.00
Cell [60,4]: 0.00  0.00  0.00  12.00  189.00  24.00  1.00  0.00  0.00
Cell [60,5]: 0.00  0.00  0.00  58.00  220.00  6.00  1.00  0.00  0.00
Cell [60,6]: 2.00  1.00  1.00  21.00  247.00  51.00  3.00  0.00  1.00
Cell [60,7]: 1.00  0.00  0.00  110.00  142.00  45.00  0.00  0.00  4.00
Cell [60,8]: 0.00  4.00  1.00  27.00  191.00  80.00  4.00  3.00  1.00
Cell [60,9]: 0.00  0.00  7.00  86.00  132.00  39.00  1.00  5.00  0.00
Cell [60,10]: 0.00  0.00  2.00  78.00  119.00  43.00  0.00  1.00  3.00
Cell [60,11]: 2.00  3.00  68.00  74.00  43.00  47.00  9.00  1.00  4.00
Cell [60,12]: 1.00  1.00  4.00  36.00  75.00  22.00  0.00  0.00  0.00
Cell [60,13]: 4.00  3.00  12.00  40.00  17.00  40.00  6.00  2.00  0.00
Cell [60,14]: 0.00  7.00  5.00  54.00  111.00  6.00  9.00  5.00  0.00
Cell [60,15]: 2.00  3.00  3.00  64.00  135.00  6.00  3.00  0.00  3.00
Cell [60,16]: 759.00  62.00  128.00  66.00  52.00  75.00  74.00  106.00  1238.00
Cell [60,17]: 0.00  0.00  17.00  0.00  827.00  1939.00  563.00  475.00  516.00
Cell [60,18]: 0.00  142.00  587.00  2905.00  858.00  75.00  25.00  55.00  26.00
Cell [60,19]: 15.00  2.00  44.00  17.00  122.00  205.00  240.00  602.00  1018.00
Cell [60,20]: 2.00  0.00  2.00  9.00  267.00  73.00  3.00  2.00  0.00
Cell [60,21]: 35.00  0.00  18.00  9.00  227.00  154.00  21.00  14.00  11.00
Cell [60,22]: 1475.00  960.00  313.00  87.00  110.00  159.00  21.00  16.00  327.00
Cell [60,23]: 10.00  0.00  9.00  9.00  48.00  1869.00  763.00  288.00  178.00
Cell [60,24]: 133.00  66.00  36.00  133.00  2454.00  859.00  242.00  116.00  414.00
Cell [60,25]: 355.00  76.00  53.00  54.00  164.00  6.00  69.00  117.00  239.00
Cell [60,26]: 0.00  0.00  2.00  16.00  251.00  10.00  2.00  0.00  2.00
Cell [60,27]: 0.00  0.00  2.00  6.00  217.00  6.00  0.00  0.00  1.00
Cell [60,28]: 0.00  0.00  3.00  24.00  191.00  27.00  0.00  0.00  0.00
Cell [60,29]: 0.00  0.00  0.00  5.00  247.00  17.00  2.00  0.00  0.00
Cell [60,30]: 2.00  6.00  22.00  15.00  238.00  13.00  10.00  7.00  1.00
Cell [60,31]: 0.00  0.00  15.00  48.00  260.00  6.00  0.00  0.00  1.00
Cell [60,32]: 0.00  0.00  0.00  3.00  309.00  6.00  0.00  0.00  0.00
Cell [60,33]: 0.00  6.00  6.00  106.00  164.00  64.00  12.00  0.00  0.00
Cell [60,34]: 1.00  4.00  8.00  75.00  114.00  63.00  10.00  6.00  0.00
Cell [60,35]: 2.00  2.00  4.00  27.00  53.00  85.00  13.00  6.00  2.00
Cell [60,36]: 1.00  1.00  1.00  0.00  3.00  130.00  42.00  8.00  3.00
Cell [60,37]: 0.00  0.00  0.00  0.00  61.00  161.00  39.00  0.00  0.00
Cell [60,38]: 8.00  0.00  0.00  0.00  97.00  135.00  19.00  10.00  2.00
Cell [60,39]: 2.00  5.00  1.00  1.00  74.00  81.00  30.00  7.00  0.00
Cell [60,40]: 15.00  14.00  10.00  17.00  90.00  19.00  17.00  48.00  110.00
Cell [60,41]: 2.00  2.00  49.00  79.00  204.00  35.00  8.00  0.00  2.00
Cell [60,42]: 7.00  1.00  15.00  85.00  210.00  72.00  15.00  0.00  3.00
Cell [60,43]: 0.00  2.00  7.00  74.00  313.00  26.00  3.00  0.00  0.00
Cell [60,44]: 2.00  2.00  40.00  89.00  141.00  87.00  6.00  14.00  0.00
Cell [60,45]: 0.00  1.00  0.00  13.00  337.00  75.00  6.00  2.00  1.00
Cell [60,46]: 1.00  0.00  1.00  6.00  361.00  72.00  0.00  1.00  0.00
Cell [60,47]: 0.00  0.00  0.00  3.00  527.00  11.00  1.00  0.00  0.00
Cell [60,48]: 0.00  0.00  2.00  13.00  526.00  4.00  0.00  0.00  0.00
Cell [60,49]: 0.00  1.00  5.00  11.00  566.00  20.00  0.00  0.00  0.00
Cell [60,50]: 1.00  0.00  3.00  45.00  392.00  102.00  0.00  7.00  2.00
Cell [60,51]: 0.00  0.00  0.00  33.00  497.00  22.00  0.00  0.00  2.00
Cell [60,52]: 0.00  0.00  1.00  54.00  469.00  0.00  0.00  0.00  2.00
Cell [60,53]: 0.00  0.00  3.00  44.00  451.00  55.00  0.00  0.00  0.00
Cell [60,54]: 0.00  0.00  4.00  154.00  357.00  7.00  0.00  0.00  0.00
Cell [60,55]: 0.00  2.00  3.00  104.00  192.00  98.00  11.00  1.00  0.00
Cell [60,56]: 2.00  2.00  0.00  23.00  261.00  98.00  0.00  0.00  1.00
Cell [60,57]: 0.00  10.00  9.00  118.00  228.00  48.00  1.00  1.00  0.00
Cell [60,58]: 1.00  0.00  1.00  66.00  312.00  0.00  0.00  0.00  1.00
Cell [60,59]: 645.00  264.00  62.00  94.00  183.00  77.00  92.00  120.00  1006.00
Cell [60,60]: 54.00  16.00  0.00  21.00  1681.00  2059.00  479.00  364.00  598.00
Cell [60,61]: 231.00  269.00  469.00  3289.00  642.00  119.00  73.00  55.00  47.00
Cell [60,62]: 39.00  45.00  7.00  43.00  172.00  119.00  229.00  380.00  935.00
Cell [60,63]: 0.00  0.00  0.00  44.00  511.00  45.00  0.00  0.00  0.00
Cell [60,64]: 0.00  0.00  0.00  0.00  503.00  95.00  5.00  0.00  0.00
Cell [60,65]: 0.00  0.00  0.00  29.00  395.00  56.00  16.00  11.00  0.00
Cell [60,66]: 1190.00  1007.00  576.00  232.00  39.00  200.00  10.00  0.00  90.00
Cell [60,67]: 325.00  3.00  5.00  0.00  45.00  2339.00  545.00  235.00  172.00
Cell [60,68]: 284.00  63.00  89.00  315.00  2858.00  973.00  83.00  221.00  213.00
Cell [60,69]: 585.00  148.00  52.00  109.00  257.00  50.00  94.00  70.00  345.00
Cell [60,70]: 0.00  3.00  2.00  6.00  398.00  20.00  0.00  0.00  0.00
Cell [60,71]: 1.00  2.00  0.00  55.00  311.00  26.00  1.00  1.00  1.00
Cell [60,72]: 5.00  0.00  8.00  56.00  356.00  41.00  4.00  0.00  0.00
Cell [60,73]: 0.00  0.00  0.00  4.00  465.00  83.00  6.00  1.00  0.00
Cell [60,74]: 0.00  0.00  0.00  85.00  545.00  2.00  0.00  0.00  0.00
Cell [60,75]: 0.00  0.00  1.00  62.00  539.00  16.00  2.00  0.00  0.00
Cell [60,76]: 0.00  0.00  3.00  12.00  565.00  22.00  3.00  0.00  0.00
Cell [60,77]: 0.00  0.00  0.00  49.00  573.00  21.00  5.00  0.00  0.00
Cell [60,78]: 2.00  1.00  4.00  14.00  343.00  96.00  12.00  4.00  1.00
Cell [60,79]: 0.00  0.00  5.00  2.00  260.00  65.00  23.00  23.00  2.00
Cell [60,80]: 6.00  0.00  0.00  0.00  159.00  150.00  41.00  15.00  12.00
Cell [60,81]: 0.00  0.00  0.00  0.00  297.00  96.00  21.00  8.00  2.00
Cell [60,82]: 0.00  0.00  0.00  31.00  240.00  195.00  9.00  0.00  0.00
Cell [60,83]: 0.00  0.00  0.00  89.00  129.00  107.00  21.00  0.00  0.00
Cell [60,84]: 0.00  0.00  0.00  39.00  353.00  34.00  0.00  0.00  0.00
Cell [60,85]: 0.00  0.00  0.00  0.00  100.00  310.00  10.00  6.00  0.00
Cell [60,86]: 0.00  0.00  0.00  23.00  222.00  125.00  13.00  0.00  0.00
Cell [60,87]: 381.00  0.00  8.00  8.00  17.00  16.00  2.00  39.00  521.00
Cell [60,88]: 14.00  0.00  0.00  0.00  0.00  4.00  5.00  48.00  425.00
Cell [60,89]: 0.00  3.00  16.00  32.00  35.00  2.00  2.00  1.00  2.00
Cell [60,90]: 0.00  0.00  66.00  36.00  50.00  5.00  0.00  0.00  0.00
Cell [60,91]: 0.00  0.00  2.00  44.00  60.00  14.00  0.00  0.00  0.00
Cell [60,92]: 109.00  66.00  13.00  4.00  2.00  1.00  0.00  0.00  0.00
Cell [60,93]: 247.00  593.00  306.00  43.00  276.00  67.00  258.00  207.00  392.00
Cell [60,94]: 0.00  39.00  0.00  11.00  0.00  0.00  86.00  595.00  2370.00
Cell [60,95]: 114.00  45.00  17.00  40.00  3.00  55.00  49.00  980.00  1790.00
Cell [60,96]: 287.00  1131.00  193.00  209.00  64.00  166.00  55.00  25.00  88.00
Cell [60,97]: 139.00  418.00  114.00  154.00  64.00  97.00  90.00  197.00  204.00
Cell [60,98]: 544.00  836.00  93.00  225.00  47.00  3.00  17.00  11.00  39.00
Cell [60,99]: 686.00  786.00  841.00  279.00  70.00  38.00  22.00  42.00  95.00
Cell [60,100]: 54.00  3775.00  2564.00  43.00  12.00  0.00  0.00  0.00  34.00
Cell [60,101]: 210.00  1916.00  569.00  206.00  266.00  227.00  100.00  34.00  25.00
Cell [60,102]: 0.00  16.00  5.00  0.00  0.00  23.00  921.00  3275.00  86.00
Cell [60,103]: 25.00  11.00  0.00  19.00  4.00  79.00  807.00  4791.00  224.00
Cell [60,104]: 11.00  13.00  6.00  17.00  0.00  45.00  393.00  1019.00  212.00
Cell [60,105]: 19.00  0.00  8.00  0.00  0.00  32.00  244.00  4062.00  10.00
Cell [60,106]: 35.00  2448.00  851.00  11.00  341.00  70.00  782.00  1499.00  0.00
Cell [60,107]: 260.00  2354.00  321.00  146.00  3.00  27.00  0.00  44.00  37.00
Cell [60,108]: 58.00  1046.00  950.00  79.00  7.00  5.00  3.00  18.00  34.00
Cell [60,109]: 30.00  6714.00  201.00  0.00  0.00  0.00  2.00  0.00  0.00
Cell [60,110]: 119.00  3098.00  777.00  56.00  15.00  25.00  0.00  0.00  4.00
Cell [60,111]: 8.00  18.00  11.00  0.00  224.00  161.00  895.00  1991.00  26.00
Cell [60,112]: 1.00  0.00  10.00  0.00  0.00  0.00  656.00  6038.00  51.00
Cell [60,113]: 23.00  0.00  3.00  2.00  0.00  40.00  366.00  879.00  153.00
Cell [60,114]: 395.00  612.00  215.00  481.00  146.00  228.00  642.00  1793.00  61.00
Cell [60,115]: 1020.00  284.00  31.00  0.00  0.00  0.00  54.00  1913.00  857.00
Cell [60,116]: 31.00  22.00  0.00  26.00  116.00  162.00  341.00  2000.00  347.00
Cell [60,117]: 1383.00  2482.00  132.00  135.00  108.00  79.00  25.00  34.00  54.00
Cell [60,118]: 3632.00  485.00  0.00  0.00  3.00  0.00  0.00  0.00  235.00
Cell [60,119]: 1087.00  704.00  872.00  410.00  150.00  281.00  163.00  13.00  1327.00
Cell [60,120]: 3.00  7.00  2.00  3.00  15.00  46.00  17.00  13.00  14.00
Cell [60,121]: 1.00  0.00  0.00  0.00  16.00  50.00  15.00  51.00  55.00
Cell [60,122]: 8.00  2.00  1.00  2.00  1.00  2.00  13.00  66.00  26.00
Cell [60,123]: 0.00  0.00  0.00  0.00  17.00  15.00  50.00  149.00  52.00
Cell [60,124]: 37.00  167.00  52.00  14.00  0.00  0.00  0.00  0.00  0.00
Cell [60,125]: 3.00  29.00  22.00  11.00  6.00  20.00  71.00  30.00  0.00
Cell [60,126]: 0.00  0.00  27.00  55.00  53.00  58.00  47.00  16.00  0.00
Cell [60,127]: 0.00  40.00  238.00  66.00  45.00  0.00  0.00  0.00  0.00
Cell [61,0]: 23.00  21.00  26.00  9.00  0.00  0.00  0.00  0.00  11.00
Cell [61,1]: 3.00  4.00  56.00  46.00  12.00  6.00  0.00  0.00  0.00
Cell [61,2]: 0.00  0.00  13.00  191.00  8.00  0.00  0.00  0.00  0.00
Cell [61,3]: 0.00  0.00  1.00  38.00  168.00  22.00  0.00  0.00  0.00
Cell [61,4]: 0.00  0.00  2.00  122.00  122.00  2.00  0.00  1.00  0.00
Cell [61,5]: 1.00  2.00  13.00  168.00  78.00  31.00  5.00  2.00  1.00
Cell [61,6]: 0.00  1.00  0.00  3.00  218.00  25.00  11.00  0.00  1.00
Cell [61,7]: 0.00  0.00  3.00  142.00  85.00  8.00  0.00  0.00  0.00
Cell [61,8]: 0.00  0.00  0.00  73.00  211.00  4.00  0.00  0.00  0.00
Cell [61,9]: 0.00  0.00  0.00  143.00  184.00  0.00  0.00  0.00  0.00
Cell [61,10]: 0.00  0.00  18.00  159.00  126.00  11.00  0.00  0.00  0.00
Cell [61,11]: 1.00  8.00  18.00  56.00  168.00  10.00  0.00  0.00  0.00
Cell [61,12]: 0.00  6.00  4.00  6.00  237.00  29.00  3.00  0.00  5.00
Cell [61,13]: 0.00  0.00  3.00  11.00  255.00  27.00  15.00  1.00  0.00
Cell [61,14]: 1.00  2.00  0.00  11.00  170.00  45.00  34.00  3.00  0.00
Cell [61,15]: 5.00  0.00  0.00  24.00  70.00  88.00  0.00  11.00  0.00
Cell [61,16]: 1462.00  759.00  24.00  0.00  10.00  0.00  0.00  0.00  1164.00
Cell [61,17]: 167.00  20.00  3.00  0.00  0.00  4.00  11.00  85.00  461.00
Cell [61,18]: 277.00  10.00  3.00  10.00  15.00  7.00  3.00  169.00  155.00
Cell [61,19]: 839.00  29.00  4.00  16.00  12.00  19.00  33.00  42.00  2024.00
Cell [61,20]: 0.00  0.00  0.00  0.00  226.00  67.00  1.00  0.00  0.00
Cell [61,21]: 53.00  91.00  51.00  146.00  62.00  3.00  3.00  8.00  11.00
Cell [61,22]: 3350.00  17.00  0.00  0.00  0.00  0.00  0.00  0.00  0.00
Cell [61,23]: 418.00  38.00  2.00  1.00  0.00  0.00  0.00  0.00  24.00
Cell [61,24]: 1784.00  39.00  36.00  21.00  3.00  0.00  3.00  0.00  269.00
Cell [61,25]: 743.00  9.00  12.00  33.00  53.00  9.00  61.00  142.00  225.00
Cell [61,26]: 0.00  0.00  3.00  35.00  206.00  2.00  1.00  0.00  0.00
Cell [61,27]: 0.00  0.00  5.00  91.00  160.00  49.00  1.00  0.00  3.00
Cell [61,28]: 1.00  0.00  0.00  8.00  304.00  17.00  0.00  0.00  0.00
Cell [61,29]: 2.00  2.00  2.00  54.00  226.00  27.00  0.00  1.00  1.00
Cell [61,30]: 4.00  22.00  0.00  94.00  103.00  29.00  46.00  9.00  0.00
Cell [61,31]: 6.00  3.00  5.00  40.00  86.00  111.00  7.00  10.00  0.00
Cell [61,32]: 3.00  7.00  20.00  39.00  39.00  54.00  10.00  10.00  4.00
Cell [61,33]: 26.00  44.00  109.00  28.00  5.00  0.00  0.00  3.00  8.00
Cell [61,34]: 0.00  2.00  24.00  233.00  18.00  0.00  0.00  0.00  0.00
Cell [61,35]: 1.00  2.00  0.00  96.00  222.00  3.00  1.00  1.00  1.00
Cell [61,36]: 0.00  2.00  1.00  10.00  250.00  27.00  2.00  0.00  0.00
Cell [61,37]: 1.00  1.00  8.00  85.00  177.00  2.00  2.00  2.00  2.00
Cell [61,38]: 1.00  9.00  52.00  213.00  0.00  7.00  2.00  1.00  4.00
Cell [61,39]: 2.00  1.00  24.00  134.00  52.00  0.00  10.00  11.00  6.00
Cell [61,40]: 19.00  16.00  35.00  51.00  35.00  18.00  11.00  29.00  44.00
Cell [61,41]: 5.00  21.00  70.00  49.00  73.00  6.00  2.00  2.00  2.00
Cell [61,42]: 0.00  1.00  1.00  18.00  32.00  35.00  70.00  21.00  2.00
Cell [61,43]: 5.00  9.00  19.00  25.00  6.00  2.00  13.00  20.00  9.00
Cell [61,44]: 2.00  7.00  33.00  37.00  66.00  28.00  17.00  4.00  6.00
Cell [61,45]: 0.00  2.00  3.00  67.00  113.00  31.00  8.00  0.00  1.00
Cell [61,46]: 0.00  2.00  2.00  119.00  210.00  37.00  3.00  2.00  0.00
Cell [61,47]: 0.00  0.00  0.00  142.00  377.00  14.00  0.00  0.00  0.00
Cell [61,48]: 5.00  0.00  4.00  208.00  343.00  11.00  0.00  0.00  0.00
Cell [61,49]: 4.00  7.00  2.00  132.00  285.00  9.00  14.00  0.00  0.00
Cell [61,50]: 0.00  2.00  3.00  117.00  282.00  6.00  3.00  4.00  0.00
Cell [61,51]: 2.00  0.00  5.00  114.00  147.00  27.00  19.00  0.00  8.00
Cell [61,52]: 0.00  0.00  0.00  119.00  234.00  7.00  0.00  0.00  0.00
Cell [61,53]: 4.00  1.00  4.00  51.00  328.00  9.00  15.00  4.00  7.00
Cell [61,54]: 10.00  3.00  0.00  82.00  330.00  14.00  11.00  11.00  1.00
Cell [61,55]: 0.00  0.00  0.00  65.00  297.00  41.00  3.00  4.00  1.00
Cell [61,56]: 7.00  0.00  1.00  37.00  127.00  67.00  19.00  2.00  0.00
Cell [61,57]: 2.00  2.00  7.00  40.00  72.00  70.00  19.00  2.00  1.00
Cell [61,58]: 0.00  0.00  6.00  94.00  175.00  16.00  2.00  4.00  7.00
Cell [61,59]: 2162.00  442.00  211.00  42.00  41.00  0.00  3.00  0.00  562.00
Cell [61,60]: 674.00  0.00  9.00  1.00  4.00  11.00  17.00  47.00  270.00
Cell [61,61]: 268.00  118.00  0.00  3.00  33.00  32.00  37.00  288.00  263.00
Cell [61,62]: 799.00  0.00  4.00  17.00  129.00  7.00  44.00  33.00  1984.00
Cell [61,63]: 2.00  5.00  6.00  24.00  354.00  61.00  8.00  0.00  1.00
Cell [61,64]: 0.00  5.00  11.00  67.00  213.00  63.00  4.00  7.00  3.00
Cell [61,65]: 10.00  17.00  31.00  86.00  89.00  5.00  0.00  0.00  8.00
Cell [61,66]: 1878.00  2.00  17.00  9.00  8.00  3.00  0.00  0.00  1564.00
Cell [61,67]: 278.00  105.00  17.00  0.00  0.00  8.00  3.00  3.00  243.00
Cell [61,68]: 939.00  7.00  33.00  16.00  13.00  28.00  3.00  28.00  384.00
Cell [61,69]: 836.00  0.00  16.00  14.00  172.00  13.00  8.00  367.00  640.00
Cell [61,70]: 2.00  2.00  6.00  92.00  322.00  17.00  3.00  4.00  2.00
Cell [61,71]: 0.00  2.00  6.00  47.00  274.00  27.00  5.00  3.00  0.00
Cell [61,72]: 0.00  2.00  0.00  11.00  439.00  30.00  0.00  0.00  2.00
Cell [61,73]: 0.00  0.00  0.00  94.00  434.00  8.00  4.00  0.00  3.00
Cell [61,74]: 1.00  4.00  19.00  56.00  209.00  188.00  5.00  0.00  0.00
Cell [61,75]: 0.00  0.00  12.00  93.00  218.00  165.00  20.00  3.00  2.00
Cell [61,76]: 3.00  0.00  0.00  6.00  261.00  78.00  7.00  6.00  3.00
Cell [61,77]: 15.00  28.00  27.00  144.00  80.00  25.00  22.00  13.00  5.00
Cell [61,78]: 6.00  2.00  2.00  186.00  227.00  25.00  13.00  1.00  4.00
Cell [61,79]: 0.00  0.00  7.00  5.00  504.00  2.00  1.00  2.00  0.00
Cell [61,80]: 0.00  0.00  6.00  8.00  498.00  85.00  0.00  0.00  0.00
Cell [61,81]: 0.00  0.00  0.00  11.00  574.00  9.00  1.00  0.00  0.00
Cell [61,82]: 3.00  1.00  52.00  306.00  119.00  13.00  32.00  20.00  2.00
Cell [61,83]: 0.00  0.00  17.00  80.00  309.00  18.00  21.00  6.00  3.00
Cell [61,84]: 2.00  0.00  8.00  70.00  394.00  9.00  1.00  0.00  10.00
Cell [61,85]: 1.00  0.00  5.00  63.00  426.00  13.00  3.00  0.00  1.00
Cell [61,86]: 8.00  1.00  37.00  171.00  251.00  22.00  6.00  4.00  4.00
Cell [61,87]: 638.00  66.00  29.00  38.00  0.00  0.00  10.00  15.00  476.00
Cell [61,88]: 0.00  0.00  0.00  0.00  0.00  60.00  79.00  268.00  276.00
Cell [61,89]: 0.00  0.00  6.00  32.00  118.00  88.00  0.00  0.00  0.00
Cell [61,90]: 9.00  28.00  15.00  13.00  40.00  7.00  5.00  3.00  0.00
Cell [61,91]: 6.00  0.00  0.00  0.00  5.00  14.00  28.00  10.00  2.00
Cell [61,92]: 2.00  5.00  2.00  0.00  2.00  14.00  41.00  66.00  18.00
Cell [61,93]: 961.00  1.00  9.00  0.00  0.00  0.00  12.00  253.00  1893.00
Cell [61,94]: 30.00  0.00  2.00  0.00  3.00  9.00  0.00  142.00  3884.00
Cell [61,95]: 215.00  34.00  29.00  28.00  46.00  97.00  464.00  841.00  1381.00
Cell [61,96]: 227.00  2022.00  407.00  211.00  58.00  48.00  5.00  29.00  40.00
Cell [61,97]: 198.00  497.00  262.00  105.00  83.00  39.00  60.00  128.00  143.00
Cell [61,98]: 90.00  332.00  249.00  233.00  29.00  7.00  0.00  13.00  37.00
Cell [61,99]: 205.00  4520.00  322.00  32.00  0.00  17.00  0.00  11.00  48.00
Cell [61,100]: 140.00  3610.00  217.00  124.00  19.00  18.00  28.00  17.00  16.00
Cell [61,101]: 122.00  1323.00  892.00  448.00  116.00  361.00  80.00  9.00  42.00
Cell [61,102]: 5.00  22.00  0.00  0.00  14.00  77.00  1007.00  2194.00  209.00
Cell [61,103]: 0.00  45.00  12.00  0.00  22.00  43.00  534.00  4659.00  114.00
Cell [61,104]: 7.00  32.00  0.00  5.00  0.00  61.00  1067.00  3075.00  114.00
Cell [61,105]: 101.00  25.00  33.00  55.00  87.00  54.00  541.00  272.00  133.00
Cell [61,106]: 308.00  456.00  356.00  175.00  481.00  257.00  276.00  338.00  221.00
Cell [61,107]: 179.00  1097.00  305.00  17.00  0.00  0.00  12.00  6.00  14.00
Cell [61,108]: 81.00  3963.00  1353.00  8.00  0.00  15.00  0.00  19.00  0.00
Cell [61,109]: 63.00  4770.00  957.00  8.00  28.00  15.00  0.00  0.00  0.00
Cell [61,110]: 95.00  2242.00  698.00  53.00  11.00  0.00  0.00  0.00  0.00
Cell [61,111]: 0.00  25.00  39.00  333.00  47.00  244.00  489.00  1848.00  2.00
Cell [61,112]: 19.00  5.00  4.00  6.00  0.00  50.00  1054.00  3148.00  40.00
Cell [61,113]: 15.00  0.00  0.00  9.00  0.00  19.00  283.00  5522.00  78.00
Cell [61,114]: 55.00  11.00  77.00  41.00  12.00  74.00  173.00  489.00  95.00
Cell [61,115]: 76.00  0.00  37.00  27.00  51.00  24.00  195.00  1237.00  340.00
Cell [61,116]: 9.00  0.00  0.00  22.00  0.00  77.00  814.00  3813.00  65.00
Cell [61,117]: 2648.00  2497.00  467.00  29.00  124.00  354.00  0.00  61.00  16.00
Cell [61,118]: 3062.00  778.00  14.00  0.00  0.00  0.00  0.00  0.00  3.00
Cell [61,119]: 4188.00  386.00  379.00  458.00  90.00  195.00  76.00  449.00  611.00
Cell [61,120]: 51.00  21.00  1.00  3.00  37.00  0.00  0.00  19.00  227.00
Cell [61,121]: 26.00  56.00  30.00  6.00  6.00  0.00  0.00  6.00  25.00
Cell [61,122]: 6.00  9.00  33.00  22.00  11.00  12.00  8.00  9.00  28.00
Cell [61,123]: 0.00  0.00  0.00  0.00  21.00  38.00  99.00  48.00  31.00
Cell [61,124]: 53.00  87.00  39.00  25.00  1.00  0.00  0.00  0.00  0.00
Cell [61,125]: 39.00  24.00  17.00  6.00  12.00  17.00  42.00  6.00  0.00
Cell [61,126]: 0.00  28.00  74.00  93.00  55.00  3.00  3.00  0.00  0.00
Cell [61,127]: 24.00  102.00  175.00  62.00  29.00  0.00  0.00  0.00  0.00
Cell [62,0]: 0.00  0.00  15.00  64.00  98.00  11.00  1.00  2.00  0.00
Cell [62,1]: 7.00  11.00  27.00  0.00  32.00  78.00  7.00  6.00  3.00
Cell [62,2]: 7.00  1.00  10.00  0.00  39.00  73.00  14.00  4.00  2.00
Cell [62,3]: 22.00  20.00  0.00  0.00  2.00  13.00  13.00  6.00  13.00
Cell [62,4]: 4.00  5.00  10.00  28.00  30.00  3.00  0.00  1.00  0.00
Cell [62,5]: 4.00  7.00  11.00  105.00  45.00  2.00  3.00  7.00  1.00
Cell [62,6]: 5.00  6.00  59.00  78.00  13.00  3.00  8.00  2.00  1.00
Cell [62,7]: 1.00  11.00  25.00  91.00  14.00  28.00  14.00  0.00  10.00
Cell [62,8]: 0.00  3.00  14.00  93.00  51.00  38.00  18.00  5.00  0.00
Cell [62,9]: 1.00  3.00  17.00  55.00  63.00  7.00  1.00  2.00  0.00
Cell [62,10]: 0.00  5.00  6.00  31.00  44.00  38.00  3.00  5.00  0.00
Cell [62,11]: 1.00  3.00  11.00  35.00  23.00  13.00  10.00  6.00  0.00
Cell [62,12]: 16.00  9.00  3.00  21.00  16.00  0.00  20.00  28.00  20.00
Cell [62,13]: 1.00  0.00  5.00  18.00  132.00  6.00  3.00  14.00  3.00
Cell [62,14]: 6.00  6.00  59.00  26.00  97.00  45.00  10.00  1.00  1.00
Cell [62,15]: 28.00  6.00  9.00  1.00  59.00  20.00  8.00  27.00  9.00
Cell [62,16]: 460.00  0.00  0.00  0.00  0.00  0.00  0.00  666.00  2228.00
Cell [62,17]: 662.00  14.00  4.00  5.00  5.00  2.00  0.00  9.00  295.00
Cell [62,18]: 263.00  126.00  51.00  9.00  58.00  20.00  130.00  408.00  245.00
Cell [62,19]: 206.00  20.00  16.00  13.00  7.00  5.00  22.00  2.00  2942.00
Cell [62,20]: 8.00  26.00  76.00  31.00  5.00  51.00  16.00  5.00  11.00
Cell [62,21]: 205.00  15.00  5.00  0.00  0.00  0.00  10.00  36.00  188.00
Cell [62,22]: 2200.00  7.00  0.00  0.00  0.00  0.00  5.00  9.00  885.00
Cell [62,23]: 365.00  291.00  53.00  12.00  0.00  12.00  0.00  8.00  14.00
Cell [62,24]: 1018.00  43.00  15.00  10.00  0.00  3.00  2.00  230.00  486.00
Cell [62,25]: 567.00  358.00  21.00  15.00  53.00  10.00  66.00  277.00  274.00
Cell [62,26]: 4.00  3.00  6.00  67.00  240.00  27.00  14.00  3.00  0.00
Cell [62,27]: 3.00  6.00  3.00  182.00  245.00  23.00  5.00  1.00  0.00
Cell [62,28]: 0.00  0.00  0.00  0.00  590.00  1.00  2.00  2.00  1.00
Cell [62,29]: 0.00  1.00  0.00  16.00  460.00  250.00  4.00  3.00  2.00
Cell [62,30]: 0.00  0.00  0.00  88.00  598.00  22.00  0.00  6.00  0.00
Cell [62,31]: 0.00  0.00  0.00  7.00  433.00  104.00  4.00  0.00  0.00
Cell [62,32]: 2.00  0.00  0.00  62.00  344.00  18.00  0.00  1.00  2.00
Cell [62,33]: 4.00  7.00  84.00  43.00  79.00  19.00  2.00  3.00  0.00
Cell [62,34]: 3.00  1.00  5.00  0.00  70.00  49.00  12.00  1.00  2.00
Cell [62,35]: 0.00  0.00  3.00  6.00  156.00  10.00  1.00  0.00  0.00
Cell [62,36]: 0.00  1.00  10.00  65.00  84.00  3.00  2.00  0.00  0.00
Cell [62,37]: 1.00  0.00  2.00  15.00  37.00  15.00  69.00  15.00  1.00
Cell [62,38]: 8.00  7.00  28.00  19.00  18.00  26.00  25.00  6.00  4.00
Cell [62,39]: 3.00  9.00  22.00  34.00  18.00  14.00  48.00  9.00  6.00
Cell [62,40]: 44.00  23.00  40.00  38.00  144.00  49.00  12.00  6.00  31.00
Cell [62,41]: 4.00  3.00  15.00  279.00  209.00  6.00  0.00  2.00  0.00
Cell [62,42]: 3.00  12.00  7.00  152.00  314.00  20.00  12.00  12.00  2.00
Cell [62,43]: 22.00  77.00  72.00  28.00  30.00  43.00  20.00  12.00  21.00
Cell [62,44]: 10.00  0.00  33.00  155.00  93.00  43.00  10.00  0.00  0.00
Cell [62,45]: 0.00  14.00  19.00  59.00  64.00  30.00  18.00  6.00  0.00
Cell [62,46]: 4.00  0.00  24.00  111.00  143.00  39.00  0.00  2.00  5.00
Cell [62,47]: 0.00  0.00  1.00  124.00  595.00  11.00  18.00  2.00  2.00
Cell [62,48]: 7.00  7.00  81.00  183.00  439.00  62.00  10.00  0.00  7.00
Cell [62,49]: 11.00  8.00  99.00  111.00  139.00  15.00  10.00  5.00  6.00
Cell [62,50]: 18.00  0.00  24.00  106.00  199.00  88.00  30.00  2.00  4.00
Cell [62,51]: 0.00  2.00  78.00  176.00  249.00  5.00  6.00  4.00  0.00
Cell [62,52]: 4.00  5.00  14.00  114.00  257.00  18.00  1.00  1.00  0.00
Cell [62,53]: 0.00  13.00  62.00  104.00  195.00  69.00  16.00  2.00  12.00
Cell [62,54]: 2.00  11.00  12.00  31.00  236.00  105.00  13.00  5.00  8.00
Cell [62,55]: 16.00  14.00  4.00  9.00  141.00  107.00  29.00  17.00  0.00
Cell [62,56]: 0.00  0.00  2.00  25.00  402.00  66.00  2.00  0.00  0.00
Cell [62,57]: 0.00  2.00  43.00  132.00  441.00  60.00  6.00  0.00  1.00
Cell [62,58]: 3.00  2.00  5.00  5.00  166.00  175.00  73.00  5.00  0.00
Cell [62,59]: 412.00  52.00  0.00  0.00  0.00  0.00  173.00  513.00  2326.00
Cell [62,60]: 628.00  3.00  1.00  0.00  0.00  23.00  9.00  58.00  573.00
Cell [62,61]: 496.00  114.00  52.00  14.00  34.00  37.00  86.00  524.00  563.00
Cell [62,62]: 463.00  42.00  0.00  32.00  80.00  3.00  8.00  6.00  2595.00
Cell [62,63]: 0.00  0.00  7.00  60.00  321.00  13.00  16.00  10.00  1.00
Cell [62,64]: 1.00  5.00  29.00  78.00  297.00  9.00  5.00  0.00  0.00
Cell [62,65]: 0.00  2.00  14.00  104.00  199.00  7.00  1.00  6.00  4.00
Cell [62,66]: 2716.00  2.00  8.00  1.00  0.00  4.00  7.00  2.00  857.00
Cell [62,67]: 655.00  208.00  21.00  9.00  7.00  0.00  13.00  13.00  60.00
Cell [62,68]: 751.00  173.00  18.00  18.00  10.00  17.00  23.00  30.00  381.00
Cell [62,69]: 470.00  545.00  112.00  9.00  133.00  38.00  23.00  330.00  857.00
Cell [62,70]: 0.00  3.00  16.00  104.00  311.00  52.00  7.00  0.00  3.00
Cell [62,71]: 9.00  7.00  45.00  208.00  364.00  259.00  12.00  10.00  0.00
Cell [62,72]: 0.00  0.00  5.00  45.00  1119.00  242.00  0.00  0.00  0.00
Cell [62,73]: 0.00  0.00  20.00  73.00  749.00  541.00  16.00  2.00  0.00
Cell [62,74]: 25.00  10.00  0.00  138.00  648.00  215.00  0.00  0.00  3.00
Cell [62,75]: 0.00  0.00  33.00  171.00  505.00  19.00  29.00  10.00  0.00
Cell [62,76]: 4.00  12.00  62.00  93.00  291.00  93.00  6.00  7.00  7.00
Cell [62,77]: 19.00  16.00  182.00  55.00  86.00  10.00  3.00  6.00  6.00
Cell [62,78]: 4.00  10.00  21.00  102.00  172.00  90.00  3.00  0.00  0.00
Cell [62,79]: 2.00  5.00  1.00  106.00  282.00  13.00  7.00  0.00  0.00
Cell [62,80]: 1.00  26.00  20.00  236.00  170.00  12.00  0.00  0.00  0.00
Cell [62,81]: 19.00  19.00  7.00  15.00  57.00  51.00  32.00  29.00  23.00
Cell [62,82]: 13.00  6.00  20.00  72.00  82.00  45.00  31.00  2.00  13.00
Cell [62,83]: 11.00  9.00  17.00  65.00  61.00  62.00  58.00  2.00  0.00
Cell [62,84]: 0.00  4.00  16.00  63.00  55.00  105.00  33.00  15.00  0.00
Cell [62,85]: 4.00  4.00  8.00  33.00  84.00  28.00  13.00  6.00  4.00
Cell [62,86]: 10.00  6.00  42.00  3.00  64.00  12.00  36.00  13.00  1.00
Cell [62,87]: 940.00  2.00  7.00  0.00  0.00  0.00  8.00  55.00  322.00
Cell [62,88]: 0.00  0.00  0.00  36.00  104.00  70.00  89.00  280.00  55.00
Cell [62,89]: 0.00  0.00  0.00  45.00  204.00  388.00  0.00  0.00  0.00
Cell [62,90]: 0.00  0.00  0.00  0.00  37.00  453.00  0.00  0.00  0.00
Cell [62,91]: 0.00  0.00  0.00  0.00  0.00  264.00  54.00  9.00  8.00
Cell [62,92]: 28.00  23.00  1.00  1.00  5.00  55.00  112.00  14.00  4.00
Cell [62,93]: 394.00  158.00  24.00  0.00  39.00  11.00  142.00  70.00  2012.00
Cell [62,94]: 16.00  0.00  0.00  0.00  3.00  2.00  0.00  185.00  4001.00
Cell [62,95]: 132.00  9.00  147.00  76.00  223.00  383.00  275.00  379.00  1317.00
Cell [62,96]: 203.00  1481.00  243.00  35.00  8.00  23.00  0.00  33.00  64.00
Cell [62,97]: 404.00  1470.00  167.00  28.00  19.00  26.00  51.00  29.00  1004.00
Cell [62,98]: 175.00  2118.00  124.00  14.00  2.00  3.00  12.00  29.00  85.00
Cell [62,99]: 0.00  4344.00  50.00  1.00  0.00  0.00  8.00  6.00  2.00
Cell [62,100]: 27.00  3003.00  538.00  45.00  0.00  0.00  0.00  0.00  2.00
Cell [62,101]: 167.00  1302.00  1221.00  181.00  641.00  261.00  298.00  0.00  31.00
Cell [62,102]: 7.00  0.00  13.00  0.00  42.00  24.00  571.00  3440.00  40.00
Cell [62,103]: 0.00  9.00  3.00  0.00  6.00  17.00  899.00  1889.00  22.00
Cell [62,104]: 17.00  0.00  0.00  6.00  10.00  7.00  264.00  5706.00  45.00
Cell [62,105]: 14.00  7.00  0.00  7.00  15.00  20.00  614.00  2388.00  139.00
Cell [62,106]: 74.00  453.00  450.00  186.00  120.00  294.00  185.00  217.00  47.00
Cell [62,107]: 114.00  3011.00  794.00  56.00  0.00  0.00  6.00  0.00  20.00
Cell [62,108]: 49.00  6303.00  521.00  22.00  0.00  8.00  7.00  4.00  22.00
Cell [62,109]: 109.00  1804.00  817.00  22.00  16.00  1.00  0.00  0.00  3.00
Cell [62,110]: 132.00  2250.00  1268.00  124.00  7.00  45.00  18.00  0.00  23.00
Cell [62,111]: 0.00  16.00  21.00  77.00  513.00  267.00  1351.00  1819.00  101.00
Cell [62,112]: 11.00  28.00  14.00  0.00  21.00  56.00  713.00  1979.00  180.00
Cell [62,113]: 11.00  51.00  13.00  0.00  42.00  32.00  633.00  5081.00  71.00
Cell [62,114]: 14.00  10.00  14.00  8.00  21.00  39.00  236.00  2656.00  79.00
Cell [62,115]: 2020.00  551.00  335.00  106.00  125.00  482.00  296.00  2817.00  76.00
Cell [62,116]: 10.00  10.00  0.00  0.00  21.00  10.00  395.00  2891.00  88.00
Cell [62,117]: 893.00  1175.00  321.00  439.00  330.00  429.00  277.00  226.00  208.00
Cell [62,118]: 3316.00  2679.00  2.00  0.00  0.00  0.00  4.00  0.00  1.00
Cell [62,119]: 4747.00  309.00  186.00  101.00  0.00  162.00  316.00  208.00  333.00
Cell [62,120]: 88.00  19.00  18.00  34.00  9.00  24.00  56.00  364.00  854.00
Cell [62,121]: 47.00  82.00  31.00  2.00  0.00  0.00  0.00  0.00  0.00
Cell [62,122]: 34.00  555.00  144.00  144.00  80.00  162.00  0.00  0.00  0.00
Cell [62,123]: 0.00  0.00  0.00  0.00  1.00  80.00  243.00  477.00  11.00
Cell [62,124]: 3.00  24.00  64.00  29.00  43.00  40.00  0.00  0.00  0.00
Cell [62,125]: 10.00  29.00  66.00  86.00  28.00  1.00  0.00  0.00  0.00
Cell [62,126]: 14.00  33.00  30.00  113.00  73.00  0.00  0.00  0.00  0.00
Cell [62,127]: 53.00  12.00  12.00  24.00  22.00  21.00  16.00  11.00  23.00
Cell [63,0]: 7.00  3.00  11.00  25.00  7.00  8.00  5.00  12.00  0.00
Cell [63,1]: 4.00  12.00  44.00  72.00  0.00  6.00  24.00  12.00  7.00
Cell [63,2]: 3.00  18.00  37.00  110.00  0.00  0.00  4.00  9.00  0.00
Cell [63,3]: 7.00  33.00  58.00  2.00  6.00  2.00  6.00  3.00  6.00
Cell [63,4]: 5.00  15.00  13.00  0.00  0.00  3.00  10.00  16.00  4.00
Cell [63,5]: 0.00  0.00  0.00  7.00  15.00  33.00  6.00  0.00  0.00
Cell [63,6]: 2.00  19.00  18.00  10.00  62.00  18.00  3.00  1.00  1.00
Cell [63,7]: 13.00  25.00  35.00  55.00  22.00  2.00  5.00  1.00  1.00
Cell [63,8]: 11.00  14.00  33.00  22.00  6.00  4.00  3.00  20.00  4.00
Cell [63,9]: 11.00  0.00  19.00  114.00  51.00  3.00  2.00  6.00  5.00
Cell [63,10]: 3.00  4.00  12.00  137.00  71.00  8.00  1.00  2.00  3.00
Cell [63,11]: 1.00  4.00  5.00  13.00  146.00  0.00  0.00  0.00  8.00
Cell [63,12]: 3.00  3.00  19.00  63.00  92.00  0.00  0.00  1.00  0.00
Cell [63,13]: 2.00  4.00  13.00  61.00  46.00  11.00  7.00  7.00  1.00
Cell [63,14]: 4.00  0.00  9.00  13.00  175.00  34.00  11.00  0.00  2.00
Cell [63,15]: 1.00  0.00  2.00  42.00  59.00  75.00  25.00  1.00  2.00
Cell [63,16]: 0.00  0.00  0.00  0.00  0.00  58.00  199.00  322.00  2673.00
Cell [63,17]: 603.00  39.00  17.00  13.00  10.00  10.00  19.00  45.00  582.00
Cell [63,18]: 1460.00  32.00  70.00  6.00  15.00  0.00  69.00  210.00  1185.00
Cell [63,19]: 129.00  18.00  7.00  13.00  0.00  0.00  18.00  77.00  3098.00
Cell [63,20]: 2.00  3.00  2.00  25.00  240.00  45.00  6.00  6.00  0.00
Cell [63,21]: 133.00  3.00  0.00  0.00  71.00  160.00  18.00  68.00  285.00
Cell [63,22]: 2817.00  3.00  2.00  0.00  1.00  0.00  0.00  1.00  312.00
Cell [63,23]: 1127.00  130.00  60.00  74.00  104.00  62.00  20.00  15.00  52.00
Cell [63,24]: 2144.00  216.00  10.00  71.00  77.00  193.00  61.00  55.00  96.00
Cell [63,25]: 586.00  56.00  33.00  16.00  60.00  31.00  4.00  3.00  7.00
Cell [63,26]: 1.00  2.00  1.00  2.00  218.00  46.00  2.00  2.00  0.00
Cell [63,27]: 12.00  5.00  2.00  33.00  115.00  50.00  8.00  4.00  6.00
Cell [63,28]: 6.00  6.00  17.00  31.00  66.00  19.00  4.00  3.00  1.00
Cell [63,29]: 0.00  4.00  1.00  76.00  80.00  151.00  4.00  0.00  0.00
Cell [63,30]: 0.00  6.00  11.00  94.00  253.00  10.00  2.00  2.00  0.00
Cell [63,31]: 0.00  0.00  25.00  71.00  59.00  135.00  0.00  1.00  10.00
Cell [63,32]: 0.00  0.00  0.00  38.00  221.00  14.00  34.00  2.00  3.00
Cell [63,33]: 0.00  3.00  7.00  61.00  119.00  98.00  3.00  2.00  1.00
Cell [63,34]: 2.00  3.00  3.00  9.00  14.00  149.00  40.00  3.00  3.00
Cell [63,35]: 1.00  2.00  0.00  0.00  0.00  29.00  63.00  49.00  21.00
Cell [63,36]: 38.00  9.00  13.00  16.00  15.00  0.00  0.00  0.00  93.00
Cell [63,37]: 4.00  11.00  8.00  69.00  58.00  0.00  0.00  6.00  7.00
Cell [63,38]: 16.00  22.00  47.00  124.00  0.00  0.00  0.00  2.00  21.00
Cell [63,39]: 7.00  2.00  14.00  68.00  51.00  0.00  0.00  12.00  8.00
Cell [63,40]: 42.00  0.00  0.00  3.00  18.00  14.00  29.00  102.00  386.00
Cell [63,41]: 9.00  3.00  5.00  16.00  82.00  69.00  19.00  7.00  4.00
Cell [63,42]: 0.00  1.00  27.00  106.00  249.00  78.00  4.00  17.00  4.00
Cell [63,43]: 24.00  11.00  46.00  94.00  113.00  24.00  13.00  6.00  6.00
Cell [63,44]: 0.00  5.00  23.00  83.00  234.00  44.00  16.00  7.00  14.00
Cell [63,45]: 18.00  23.00  92.00  100.00  142.00  34.00  40.00  45.00  20.00
Cell [63,46]: 47.00  8.00  19.00  20.00  19.00  30.00  29.00  91.00  33.00
Cell [63,47]: 3.00  19.00  11.00  16.00  40.00  64.00  35.00  18.00  8.00
Cell [63,48]: 0.00  3.00  24.00  15.00  135.00  52.00  11.00  0.00  0.00
Cell [63,49]: 0.00  31.00  89.00  147.00  103.00  4.00  0.00  1.00  2.00
Cell [63,50]: 7.00  15.00  29.00  126.00  86.00  112.00  43.00  11.00  5.00
Cell [63,51]: 3.00  30.00  26.00  94.00  83.00  44.00  6.00  0.00  0.00
Cell [63,52]: 0.00  6.00  68.00  220.00  111.00  52.00  12.00  2.00  0.00
Cell [63,53]: 13.00  5.00  9.00  76.00  85.00  95.00  3.00  4.00  1.00
Cell [63,54]: 10.00  9.00  7.00  92.00  70.00  85.00  17.00  13.00  9.00
Cell [63,55]: 8.00  14.00  9.00  74.00  66.00  65.00  13.00  12.00  23.00
Cell [63,56]: 7.00  17.00  49.00  130.00  74.00  102.00  15.00  12.00  1.00
Cell [63,57]: 0.00  25.00  51.00  238.00  130.00  46.00  3.00  9.00  2.00
Cell [63,58]: 4.00  3.00  9.00  52.00  104.00  43.00  18.00  3.00  2.00
Cell [63,59]: 45.00  0.00  23.00  9.00  20.00  2.00  230.00  383.00  2839.00
Cell [63,60]: 595.00  27.00  25.00  0.00  0.00  21.00  43.00  101.00  612.00
Cell [63,61]: 1344.00  169.00  159.00  0.00  0.00  52.00  108.00  203.00  1466.00
Cell [63,62]: 2418.00  0.00  0.00  25.00  26.00  26.00  41.00  27.00  969.00
Cell [63,63]: 41.00  8.00  19.00  50.00  303.00  68.00  24.00  10.00  14.00
Cell [63,64]: 1.00  5.00  29.00  44.00  162.00  144.00  13.00  12.00  1.00
Cell [63,65]: 10.00  9.00  17.00  46.00  35.00  113.00  18.00  25.00  4.00
Cell [63,66]: 1068.00  26.00  6.00  7.00  7.00  15.00  0.00  24.00  2597.00
Cell [63,67]: 1282.00  260.00  77.00  140.00  129.00  33.00  4.00  27.00  44.00
Cell [63,68]: 1624.00  210.00  69.00  68.00  411.00  269.00  0.00  120.00  167.00
Cell [63,69]: 929.00  275.00  81.00  23.00  111.00  48.00  24.00  52.00  0.00
Cell [63,70]: 0.00  1.00  0.00  32.00  236.00  144.00  2.00  1.00  0.00
Cell [63,71]: 1.00  5.00  5.00  25.00  187.00  60.00  1.00  2.00  0.00
Cell [63,72]: 6.00  10.00  16.00  75.00  145.00  46.00  25.00  18.00  7.00
Cell [63,73]: 2.00  2.00  5.00  18.00  342.00  147.00  43.00  18.00  4.00
Cell [63,74]: 4.00  41.00  77.00  169.00  393.00  3.00  1.00  1.00  1.00
Cell [63,75]: 1.00  0.00  5.00  81.00  442.00  304.00  7.00  0.00  0.00
Cell [63,76]: 2.00  0.00  14.00  174.00  593.00  75.00  1.00  1.00  4.00
Cell [63,77]: 2.00  0.00  1.00  44.00  315.00  167.00  3.00  2.00  0.00
Cell [63,78]: 4.00  3.00  27.00  84.00  62.00  215.00  29.00  13.00  11.00
Cell [63,79]: 41.00  14.00  9.00  21.00  31.00  33.00  12.00  45.00  54.00
Cell [63,80]: 31.00  58.00  28.00  52.00  42.00  6.00  2.00  15.00  29.00
Cell [63,81]: 6.00  11.00  18.00  215.00  166.00  37.00  18.00  5.00  22.00
Cell [63,82]: 3.00  1.00  48.00  249.00  259.00  25.00  5.00  0.00  2.00
Cell [63,83]: 3.00  7.00  22.00  97.00  183.00  76.00  19.00  0.00  2.00
Cell [63,84]: 1.00  4.00  3.00  24.00  104.00  219.00  42.00  0.00  5.00
Cell [63,85]: 7.00  6.00  17.00  160.00  438.00  27.00  3.00  15.00  8.00
Cell [63,86]: 21.00  54.00  36.00  139.00  128.00  30.00  21.00  31.00  13.00
Cell [63,87]: 994.00  61.00  29.00  25.00  13.00  0.00  20.00  66.00  203.00
Cell [63,88]: 26.00  21.00  8.00  55.00  45.00  32.00  70.00  105.00  29.00
Cell [63,89]: 3.00  5.00  18.00  87.00  45.00  139.00  20.00  6.00  1.00
Cell [63,90]: 15.00  21.00  6.00  0.00  0.00  229.00  116.00  30.00  7.00
Cell [63,91]: 7.00  5.00  0.00  0.00  0.00  328.00  65.00  14.00  5.00
Cell [63,92]: 24.00  0.00  0.00  0.00  0.00  209.00  239.00  81.00  18.00
Cell [63,93]: 99.00  23.00  4.00  44.00  29.00  82.00  52.00  252.00  1687.00
Cell [63,94]: 0.00  0.00  0.00  0.00  0.00  0.00  0.00  2161.00  2220.00
Cell [63,95]: 68.00  61.00  194.00  69.00  140.00  101.00  234.00  1139.00  544.00
Cell [63,96]: 86.00  2520.00  155.00  70.00  13.00  14.00  13.00  12.00  3.00
Cell [63,97]: 167.00  896.00  186.00  34.00  31.00  49.00  32.00  289.00  1203.00
Cell [63,98]: 991.00  2510.00  117.00  28.00  25.00  20.00  21.00  57.00  118.00
Cell [63,99]: 404.00  2485.00  206.00  40.00  49.00  23.00  0.00  29.00  49.00
Cell [63,100]: 47.00  2547.00  1165.00  46.00  16.00  0.00  0.00  8.00  23.00
Cell [63,101]: 42.00  3071.00  679.00  314.00  374.00  12.00  11.00  130.00  21.00
Cell [63,102]: 20.00  0.00  19.00  0.00  0.00  225.00  766.00  4416.00  50.00
Cell [63,103]: 0.00  0.00  14.00  0.00  0.00  36.00  2106.00  2272.00  37.00
Cell [63,104]: 0.00  32.00  10.00  31.00  0.00  92.00  237.00  3110.00  48.00
Cell [63,105]: 0.00  0.00  0.00  0.00  15.00  0.00  977.00  5036.00  19.00
Cell [63,106]: 150.00  1239.00  413.00  279.00  57.00  44.00  94.00  846.00  170.00
Cell [63,107]: 16.00  5706.00  846.00  34.00  0.00  8.00  0.00  0.00  0.00
Cell [63,108]: 53.00  2967.00  43.00  37.00  0.00  17.00  12.00  5.00  3.00
Cell [63,109]: 90.00  2816.00  313.00  22.00  0.00  0.00  4.00  0.00  6.00
Cell [63,110]: 36.00  4760.00  561.00  73.00  37.00  5.00  3.00  0.00  15.00
Cell [63,111]: 0.00  4.00  0.00  300.00  216.00  470.00  1306.00  3170.00  12.00
Cell [63,112]: 14.00  0.00  0.00  9.00  0.00  19.00  662.00  3119.00  31.00
Cell [63,113]: 0.00  10.00  7.00  11.00  21.00  19.00  406.00  2530.00  89.00
Cell [63,114]: 35.00  50.00  35.00  36.00  41.00  157.00  148.00  4908.00  202.00
Cell [63,115]: 2165.00  211.00  72.00  38.00  98.00  113.00  772.00  2249.00  652.00
Cell [63,116]: 0.00  6.00  4.00  0.00  3.00  0.00  97.00  6067.00  33.00
Cell [63,117]: 655.00  683.00  230.00  180.00  311.00  215.00  536.00  341.00  54.00
Cell [63,118]: 4224.00  2631.00  2.00  1.00  0.00  0.00  0.00  0.00  0.00
Cell [63,119]: 4935.00  392.00  79.00  0.00  59.00  8.00  115.00  62.00  88.00
Cell [63,120]: 380.00  883.00  2.00  3.00  4.00  2.00  4.00  572.00  970.00
Cell [63,121]: 81.00  2.00  245.00  30.00  5.00  7.00  2.00  8.00  3.00
Cell [63,122]: 4.00  1888.00  744.00  4.00  3.00  86.00  19.00  0.00  7.00
Cell [63,123]: 0.00  0.00  0.00  0.00  0.00  2.00  837.00  2029.00  0.00
Cell [63,124]: 34.00  38.00  67.00  13.00  9.00  21.00  96.00  0.00  3.00
Cell [63,125]: 24.00  63.00  231.00  81.00  0.00  0.00  0.00  0.00  0.00
Cell [63,126]: 0.00  7.00  31.00  110.00  156.00  69.00  14.00  5.00  7.00
Cell [63,127]: 17.00  2.00  0.00  8.00  33.00  46.00  59.00  14.00  11.00
Cell [64,0]: 0.00  0.00  0.00  1.00  200.00  140.00  15.00  4.00  4.00
Cell [64,1]: 0.00  0.00  0.00  0.00  206.00  118.00  61.00  0.00  0.00
Cell [64,2]: 0.00  0.00  0.00  0.00  130.00  241.00  55.00  0.00  0.00
Cell [64,3]: 0.00  0.00  0.00  1.00  96.00  267.00  7.00  2.00  0.00
Cell [64,4]: 3.00  4.00  0.00  0.00  140.00  114.00  13.00  7.00  4.00
Cell [64,5]: 0.00  0.00  2.00  0.00  159.00  55.00  5.00  0.00  0.00
Cell [64,6]: 5.00  10.00  10.00  2.00  144.00  90.00  24.00  11.00  2.00
Cell [64,7]: 3.00  4.00  0.00  67.00  231.00  18.00  7.00  7.00  2.00
Cell [64,8]: 0.00  0.00  0.00  2.00  78.00  226.00  28.00  32.00  3.00
Cell [64,9]: 0.00  0.00  0.00  0.00  51.00  239.00  19.00  40.00  0.00
Cell [64,10]: 0.00  0.00  3.00  110.00  226.00  38.00  4.00  2.00  0.00
Cell [64,11]: 0.00  0.00  0.00  0.00  327.00  26.00  6.00  3.00  1.00
Cell [64,12]: 0.00  0.00  0.00  0.00  38.00  215.00  47.00  17.00  0.00
Cell [64,13]: 0.00  0.00  0.00  39.00  151.00  17.00  2.00  0.00  0.00
Cell [64,14]: 0.00  4.00  3.00  73.00  90.00  22.00  13.00  11.00  1.00
Cell [64,15]: 0.00  2.00  3.00  23.00  62.00  79.00  8.00  2.00  0.00
Cell [64,16]: 820.00  714.00  652.00  28.00  7.00  8.00  90.00  284.00  692.00
Cell [64,17]: 478.00  174.00  93.00  49.00  57.00  164.00  459.00  408.00  1060.00
Cell [64,18]: 599.00  67.00  0.00  0.00  0.00  9.00  56.00  116.00  2982.00
Cell [64,19]: 339.00  81.00  0.00  0.00  2.00  0.00  17.00  53.00  3071.00
Cell [64,20]: 0.00  0.00  15.00  134.00  317.00  32.00  10.00  2.00  9.00
Cell [64,21]: 1076.00  8.00  12.00  11.00  112.00  54.00  17.00  9.00  96.00
Cell [64,22]: 2529.00  10.00  3.00  0.00  1.00  3.00  2.00  3.00  53.00
Cell [64,23]: 1121.00  50.00  50.00  0.00  11.00  0.00  17.00  70.00  789.00
Cell [64,24]: 683.00  770.00  550.00  464.00  96.00  360.00  305.00  227.00  347.00
Cell [64,25]: 38.00  43.00  43.00  24.00  27.00  3.00  170.00  422.00  952.00
Cell [64,26]: 0.00  1.00  0.00  9.00  204.00  61.00  3.00  2.00  0.00
Cell [64,27]: 16.00  1.00  0.00  7.00  86.00  180.00  15.00  10.00  0.00
Cell [64,28]: 0.00  0.00  2.00  3.00  97.00  273.00  8.00  11.00  0.00
Cell [64,29]: 0.00  2.00  8.00  57.00  289.00  37.00  0.00  0.00  0.00
Cell [64,30]: 0.00  0.00  7.00  26.00  290.00  88.00  0.00  0.00  0.00
Cell [64,31]: 0.00  1.00  3.00  0.00  133.00  107.00  39.00  0.00  0.00
Cell [64,32]: 9.00  9.00  9.00  8.00  21.00  49.00  38.00  13.00  9.00
Cell [64,33]: 9.00  5.00  17.00  13.00  10.00  35.00  60.00  6.00  8.00
Cell [64,34]: 18.00  21.00  23.00  41.00  84.00  25.00  6.00  4.00  0.00
Cell [64,35]: 4.00  0.00  5.00  15.00  11.00  30.00  65.00  34.00  34.00
Cell [64,36]: 11.00  37.00  4.00  0.00  0.00  0.00  69.00  55.00  58.00
Cell [64,37]: 3.00  5.00  17.00  22.00  74.00  34.00  37.00  5.00  8.00
Cell [64,38]: 5.00  4.00  6.00  16.00  141.00  86.00  6.00  7.00  4.00
Cell [64,39]: 7.00  5.00  9.00  3.00  0.00  181.00  113.00  8.00  14.00
Cell [64,40]: 129.00  19.00  1.00  10.00  3.00  118.00  80.00  33.00  232.00
Cell [64,41]: 0.00  25.00  9.00  8.00  249.00  108.00  5.00  0.00  5.00
Cell [64,42]: 10.00  6.00  21.00  69.00  159.00  129.00  32.00  20.00  6.00
Cell [64,43]: 13.00  20.00  1.00  38.00  249.00  113.00  24.00  17.00  33.00
Cell [64,44]: 3.00  25.00  21.00  46.00  63.00  152.00  56.00  34.00  5.00
Cell [64,45]: 28.00  26.00  17.00  28.00  76.00  100.00  77.00  19.00  10.00
Cell [64,46]: 19.00  10.00  101.00  83.00  45.00  66.00  28.00  21.00  13.00
Cell [64,47]: 0.00  0.00  49.00  22.00  59.00  172.00  42.00  3.00  3.00
Cell [64,48]: 3.00  11.00  38.00  74.00  121.00  34.00  5.00  1.00  1.00
Cell [64,49]: 28.00  7.00  7.00  47.00  123.00  70.00  2.00  5.00  48.00
Cell [64,50]: 4.00  7.00  45.00  285.00  124.00  17.00  6.00  5.00  12.00
Cell [64,51]: 10.00  13.00  4.00  3.00  97.00  199.00  77.00  19.00  22.00
Cell [64,52]: 1.00  16.00  12.00  92.00  219.00  22.00  18.00  24.00  17.00
Cell [64,53]: 9.00  13.00  7.00  76.00  490.00  19.00  3.00  4.00  2.00
Cell [64,54]: 6.00  0.00  3.00  127.00  236.00  31.00  50.00  24.00  0.00
Cell [64,55]: 1.00  10.00  31.00  44.00  153.00  164.00  46.00  0.00  11.00
Cell [64,56]: 5.00  5.00  11.00  60.00  116.00  71.00  32.00  4.00  6.00
Cell [64,57]: 0.00  9.00  21.00  138.00  112.00  39.00  15.00  8.00  25.00
Cell [64,58]: 4.00  10.00  6.00  154.00  87.00  39.00  23.00  14.00  19.00
Cell [64,59]: 899.00  567.00  875.00  95.00  107.00  54.00  150.00  215.00  1205.00
Cell [64,60]: 947.00  112.00  21.00  0.00  26.00  200.00  240.00  404.00  1544.00
Cell [64,61]: 930.00  65.00  0.00  16.00  27.00  33.00  32.00  317.00  3293.00
Cell [64,62]: 149.00  0.00  21.00  21.00  63.00  50.00  44.00  52.00  3032.00
Cell [64,63]: 0.00  0.00  27.00  194.00  194.00  128.00  45.00  7.00  19.00
Cell [64,64]: 2.00  5.00  21.00  126.00  201.00  35.00  6.00  0.00  4.00
Cell [64,65]: 131.00  59.00  13.00  116.00  149.00  107.00  40.00  13.00  71.00
Cell [64,66]: 3306.00  33.00  2.00  0.00  2.00  3.00  5.00  17.00  70.00
Cell [64,67]: 1335.00  147.00  1.00  33.00  2.00  21.00  6.00  154.00  1258.00
Cell [64,68]: 1469.00  1115.00  348.00  434.00  0.00  184.00  24.00  407.00  562.00
Cell [64,69]: 181.00  9.00  4.00  50.00  154.00  183.00  484.00  389.00  641.00
Cell [64,70]: 2.00  3.00  10.00  56.00  336.00  65.00  8.00  0.00  4.00
Cell [64,71]: 7.00  13.00  39.00  67.00  229.00  209.00  4.00  18.00  15.00
Cell [64,72]: 0.00  0.00  0.00  40.00  377.00  328.00  14.00  0.00  1.00
Cell [64,73]: 0.00  7.00  8.00  162.00  519.00  77.00  2.00  3.00  2.00
Cell [64,74]: 2.00  0.00  7.00  91.00  364.00  161.00  16.00  3.00  16.00
Cell [64,75]: 14.00  4.00  31.00  47.00  82.00  87.00  23.00  4.00  3.00
Cell [64,76]: 9.00  27.00  28.00  40.00  21.00  24.00  44.00  41.00  36.00
Cell [64,77]: 22.00  20.00  10.00  61.00  88.00  74.00  19.00  10.00  23.00
Cell [64,78]: 10.00  17.00  16.00  35.00  215.00  78.00  19.00  1.00  0.00
Cell [64,79]: 7.00  60.00  83.00  16.00  83.00  99.00  90.00  43.00  32.00
Cell [64,80]: 20.00  36.00  83.00  17.00  70.00  59.00  89.00  21.00  10.00
Cell [64,81]: 0.00  29.00  66.00  73.00  214.00  53.00  26.00  7.00  9.00
Cell [64,82]: 1.00  11.00  51.00  65.00  304.00  100.00  22.00  10.00  10.00
Cell [64,83]: 0.00  2.00  1.00  33.00  110.00  422.00  47.00  0.00  2.00
Cell [64,84]: 0.00  0.00  0.00  3.00  154.00  304.00  7.00  2.00  1.00
Cell [64,85]: 30.00  47.00  72.00  111.00  95.00  22.00  51.00  62.00  36.00
Cell [64,86]: 19.00  128.00  76.00  29.00  18.00  32.00  88.00  41.00  21.00
Cell [64,87]: 18.00  11.00  15.00  54.00  199.00  81.00  169.00  165.00  291.00
Cell [64,88]: 0.00  0.00  24.00  32.00  410.00  243.00  0.00  0.00  0.00
Cell [64,89]: 0.00  0.00  29.00  110.00  307.00  131.00  0.00  0.00  0.00
Cell [64,90]: 0.00  0.00  66.00  448.00  20.00  0.00  0.00  0.00  0.00
Cell [64,91]: 2.00  4.00  22.00  159.00  265.00  0.00  0.00  0.00  0.00
Cell [64,92]: 1.00  7.00  4.00  35.00  273.00  4.00  21.00  11.00  3.00
Cell [64,93]: 21.00  14.00  12.00  110.00  79.00  10.00  16.00  80.00  239.00
Cell [64,94]: 17.00  113.00  0.00  73.00  316.00  1082.00  231.00  1138.00  519.00
Cell [64,95]: 308.00  501.00  513.00  211.00  13.00  131.00  104.00  1339.00  510.00
Cell [64,96]: 313.00  2700.00  673.00  68.00  103.00  84.00  75.00  42.00  96.00
Cell [64,97]: 515.00  361.00  143.00  151.00  107.00  44.00  76.00  235.00  425.00
Cell [64,98]: 126.00  2067.00  690.00  130.00  24.00  18.00  0.00  10.00  0.00
Cell [64,99]: 162.00  1265.00  1353.00  27.00  45.00  11.00  39.00  0.00  48.00
Cell [64,100]: 43.00  3794.00  921.00  6.00  0.00  0.00  0.00  5.00  0.00
Cell [64,101]: 23.00  2734.00  809.00  210.00  353.00  0.00  141.00  28.00  1.00
Cell [64,102]: 0.00  0.00  0.00  6.00  40.00  90.00  490.00  4585.00  82.00
Cell [64,103]: 21.00  0.00  0.00  0.00  22.00  14.00  3726.00  1517.00  26.00
Cell [64,104]: 16.00  14.00  12.00  0.00  0.00  54.00  528.00  3240.00  83.00
Cell [64,105]: 8.00  0.00  8.00  0.00  1.00  10.00  282.00  3263.00  84.00
Cell [64,106]: 0.00  2494.00  551.00  212.00  80.00  451.00  391.00  1946.00  43.00
Cell [64,107]: 69.00  3705.00  263.00  16.00  0.00  0.00  0.00  9.00  4.00
Cell [64,108]: 297.00  1038.00  1508.00  28.00  42.00  0.00  37.00  13.00  53.00
Cell [64,109]: 154.00  4530.00  234.00  84.00  0.00  0.00  9.00  58.00  40.00
Cell [64,110]: 45.00  4686.00  343.00  10.00  6.00  0.00  12.00  5.00  6.00
Cell [64,111]: 87.00  0.00  93.00  171.00  239.00  315.00  636.00  2884.00  39.00
Cell [64,112]: 0.00  5.00  3.00  0.00  0.00  0.00  963.00  4885.00  33.00
Cell [64,113]: 34.00  0.00  8.00  0.00  18.00  8.00  113.00  2898.00  158.00
Cell [64,114]: 78.00  0.00  36.00  0.00  0.00  195.00  8.00  3399.00  625.00
Cell [64,115]: 1604.00  647.00  151.00  24.00  179.00  187.00  75.00  597.00  446.00
Cell [64,116]: 0.00  2.00  0.00  0.00  0.00  0.00  942.00  6876.00  60.00
Cell [64,117]: 70.00  1743.00  311.00  10.00  137.00  69.00  1171.00  1634.00  29.00
Cell [64,118]: 3220.00  2724.00  255.00  335.00  128.00  58.00  63.00  13.00  352.00
Cell [64,119]: 788.00  0.00  623.00  1343.00  328.00  174.00  19.00  129.00  158.00
Cell [64,120]: 70.00  304.00  357.00  222.00  20.00  46.00  177.00  135.00  147.00
Cell [64,121]: 0.00  0.00  1187.00  1157.00  10.00  382.00  31.00  112.00  0.00
Cell [64,122]: 0.00  4.00  363.00  75.00  14.00  0.00  6.00  2.00  3.00
Cell [64,123]: 0.00  2.00  0.00  35.00  55.00  2.00  768.00  5.00  3.00
Cell [64,124]: 62.00  163.00  191.00  346.00  0.00  797.00  1541.00  85.00  19.00
Cell [64,125]: 148.00  52.00  57.00  0.00  0.00  7.00  168.00  196.00  143.00
Cell [64,126]: 0.00  18.00  28.00  147.00  53.00  33.00  19.00  3.00  4.00
Cell [64,127]: 0.00  43.00  50.00  83.00  26.00  0.00  0.00  0.00  0.00
Cell [65,0]: 0.00  0.00  5.00  2.00  223.00  187.00  2.00  0.00  0.00
Cell [65,1]: 1.00  7.00  0.00  0.00  276.00  170.00  3.00  0.00  0.00
Cell [65,2]: 0.00  0.00  0.00  0.00  113.00  373.00  13.00  11.00  0.00
Cell [65,3]: 0.00  0.00  0.00  0.00  164.00  258.00  25.00  24.00  0.00
Cell [65,4]: 0.00  0.00  0.00  0.00  179.00  201.00  37.00  13.00  2.00
Cell [65,5]: 7.00  8.00  19.00  0.00  337.00  47.00  8.00  1.00  5.00
Cell [65,6]: 0.00  2.00  6.00  2.00  300.00  20.00  5.00  2.00  0.00
Cell [65,7]: 10.00  0.00  0.00  0.00  123.00  102.00  43.00  27.00  32.00
Cell [65,8]: 0.00  0.00  7.00  30.00  154.00  107.00  8.00  0.00  0.00
Cell [65,9]: 0.00  0.00  0.00  0.00  185.00  267.00  8.00  0.00  0.00
Cell [65,10]: 0.00  0.00  0.00  63.00  167.00  160.00  35.00  2.00  0.00
Cell [65,11]: 1.00  3.00  0.00  68.00  126.00  74.00  14.00  20.00  4.00
Cell [65,12]: 6.00  4.00  0.00  0.00  0.00  102.00  198.00  47.00  20.00
Cell [65,13]: 0.00  1.00  2.00  28.00  78.00  55.00  30.00  32.00  4.00
Cell [65,14]: 2.00  2.00  3.00  4.00  124.00  53.00  11.00  7.00  5.00
Cell [65,15]: 0.00  4.00  13.00  163.00  86.00  67.00  3.00  1.00  0.00
Cell [65,16]: 1629.00  151.00  351.00  136.00  0.00  167.00  254.00  176.00  1000.00
Cell [65,17]: 122.00  300.00  73.00  202.00  389.00  183.00  147.00  289.00  639.00
Cell [65,18]: 140.00  36.00  0.00  5.00  12.00  0.00  9.00  118.00  2602.00
Cell [65,19]: 1738.00  5.00  0.00  6.00  8.00  8.00  8.00  61.00  2016.00
Cell [65,20]: 4.00  7.00  8.00  105.00  194.00  45.00  2.00  8.00  0.00
Cell [65,21]: 1627.00  57.00  19.00  69.00  62.00  3.00  4.00  7.00  114.00
Cell [65,22]: 1705.00  18.00  10.00  1.00  0.00  2.00  2.00  2.00  368.00
Cell [65,23]: 1258.00  90.00  0.00  42.00  0.00  65.00  31.00  204.00  586.00
Cell [65,24]: 469.00  278.00  451.00  496.00  366.00  591.00  621.00  449.00  549.00
Cell [65,25]: 972.00  476.00  0.00  0.00  3.00  11.00  6.00  12.00  915.00
Cell [65,26]: 7.00  7.00  8.00  85.00  33.00  0.00  21.00  37.00  20.00
Cell [65,27]: 0.00  0.00  2.00  16.00  178.00  69.00  13.00  0.00  2.00
Cell [65,28]: 0.00  9.00  9.00  61.00  179.00  33.00  2.00  1.00  0.00
Cell [65,29]: 1.00  1.00  6.00  52.00  39.00  71.00  11.00  0.00  0.00
Cell [65,30]: 2.00  5.00  18.00  66.00  42.00  19.00  16.00  3.00  3.00
Cell [65,31]: 4.00  15.00  34.00  25.00  82.00  48.00  24.00  17.00  5.00
Cell [65,32]: 29.00  27.00  21.00  16.00  52.00  58.00  27.00  13.00  33.00
Cell [65,33]: 0.00  14.00  2.00  6.00  12.00  284.00  68.00  17.00  11.00
Cell [65,34]: 2.00  5.00  2.00  39.00  208.00  195.00  45.00  27.00  4.00
Cell [65,35]: 3.00  1.00  0.00  66.00  453.00  21.00  6.00  7.00  0.00
Cell [65,36]: 0.00  0.00  0.00  9.00  111.00  355.00  3.00  19.00  8.00
Cell [65,37]: 7.00  1.00  1.00  1.00  13.00  408.00  25.00  5.00  22.00
Cell [65,38]: 12.00  11.00  28.00  27.00  73.00  74.00  14.00  13.00  3.00
Cell [65,39]: 9.00  8.00  15.00  89.00  38.00  32.00  125.00  31.00  21.00
Cell [65,40]: 159.00  77.00  23.00  25.00  60.00  48.00  65.00  54.00  159.00
Cell [65,41]: 0.00  0.00  0.00  54.00  459.00  111.00  29.00  17.00  0.00
Cell [65,42]: 0.00  0.00  0.00  0.00  254.00  415.00  6.00  0.00  0.00
Cell [65,43]: 0.00  0.00  0.00  0.00  627.00  164.00  0.00  0.00  0.00
Cell [65,44]: 0.00  0.00  0.00  0.00  502.00  239.00  69.00  17.00  0.00
Cell [65,45]: 0.00  0.00  7.00  27.00  399.00  202.00  76.00  15.00  0.00
Cell [65,46]: 7.00  7.00  21.00  61.00  310.00  320.00  2.00  5.00  8.00
Cell [65,47]: 14.00  0.00  2.00  59.00  581.00  138.00  5.00  0.00  4.00
Cell [65,48]: 0.00  11.00  18.00  157.00  512.00  91.00  7.00  0.00  0.00
Cell [65,49]: 9.00  12.00  17.00  85.00  531.00  30.00  1.00  5.00  3.00
Cell [65,50]: 49.00  55.00  44.00  108.00  176.00  39.00  4.00  11.00  20.00
Cell [65,51]: 6.00  14.00  27.00  38.00  213.00  200.00  27.00  16.00  6.00
Cell [65,52]: 31.00  22.00  20.00  64.00  171.00  134.00  37.00  40.00  18.00
Cell [65,53]: 28.00  6.00  93.00  137.00  99.00  103.00  54.00  23.00  26.00
Cell [65,54]: 45.00  35.00  20.00  50.00  215.00  218.00  75.00  20.00  27.00
Cell [65,55]: 23.00  17.00  66.00  185.00  13.00  39.00  228.00  49.00  37.00
Cell [65,56]: 3.00  2.00  26.00  127.00  170.00  52.00  39.00  19.00  18.00
Cell [65,57]: 12.00  21.00  28.00  46.00  311.00  108.00  27.00  4.00  18.00
Cell [65,58]: 11.00  19.00  39.00  13.00  221.00  144.00  31.00  5.00  14.00
Cell [65,59]: 1523.00  230.00  243.00  328.00  257.00  330.00  228.00  263.00  1231.00
Cell [65,60]: 480.00  309.00  112.00  175.00  7.00  87.00  244.00  327.00  889.00
Cell [65,61]: 611.00  64.00  0.00  0.00  9.00  30.00  22.00  151.00  3013.00
Cell [65,62]: 1170.00  0.00  10.00  0.00  15.00  41.00  27.00  144.00  2496.00
Cell [65,63]: 0.00  6.00  9.00  68.00  588.00  197.00  28.00  18.00  0.00
Cell [65,64]: 0.00  4.00  37.00  154.00  396.00  70.00  21.00  1.00  3.00
Cell [65,65]: 474.00  78.00  17.00  46.00  232.00  71.00  2.00  28.00  324.00
Cell [65,66]: 1554.00  27.00  17.00  3.00  4.00  11.00  6.00  0.00  1526.00
Cell [65,67]: 966.00  60.00  12.00  1.00  3.00  1.00  3.00  11.00  1495.00
Cell [65,68]: 389.00  256.00  404.00  550.00  283.00  733.00  906.00  396.00  241.00
Cell [65,69]: 1074.00  517.00  158.00  113.00  22.00  24.00  23.00  46.00  1109.00
Cell [65,70]: 19.00  14.00  4.00  114.00  143.00  138.00  60.00  83.00  4.00
Cell [65,71]: 0.00  13.00  11.00  57.00  159.00  108.00  31.00  36.00  0.00
Cell [65,72]: 6.00  1.00  23.00  73.00  185.00  127.00  54.00  0.00  7.00
Cell [65,73]: 29.00  49.00  42.00  104.00  106.00  93.00  42.00  13.00  14.00
Cell [65,74]: 29.00  69.00  45.00  93.00  23.00  37.00  21.00  34.00  21.00
Cell [65,75]: 9.00  25.00  17.00  119.00  260.00  76.00  42.00  27.00  15.00
Cell [65,76]: 22.00  17.00  11.00  45.00  101.00  89.00  103.00  82.00  40.00
Cell [65,77]: 8.00  40.00  39.00  5.00  60.00  282.00  39.00  37.00  18.00
Cell [65,78]: 31.00  33.00  36.00  178.00  101.00  266.00  14.00  12.00  17.00
Cell [65,79]: 0.00  0.00  19.00  360.00  529.00  83.00  23.00  18.00  4.00
Cell [65,80]: 10.00  0.00  52.00  39.00  513.00  175.00  34.00  6.00  0.00
Cell [65,81]: 3.00  6.00  19.00  36.00  244.00  431.00  56.00  37.00  5.00
Cell [65,82]: 12.00  0.00  34.00  254.00  232.00  84.00  52.00  12.00  20.00
Cell [65,83]: 21.00  20.00  29.00  79.00  275.00  88.00  128.00  50.00  23.00
Cell [65,84]: 86.00  94.00  78.00  31.00  166.00  219.00  86.00  50.00  89.00
Cell [65,85]: 84.00  48.00  104.00  106.00  183.00  25.00  13.00  11.00  37.00
Cell [65,86]: 52.00  66.00  27.00  15.00  14.00  22.00  42.00  64.00  55.00
Cell [65,87]: 23.00  69.00  26.00  45.00  72.00  71.00  14.00  10.00  15.00
Cell [65,88]: 0.00  1.00  1.00  0.00  74.00  249.00  10.00  0.00  1.00
Cell [65,89]: 0.00  0.00  4.00  24.00  256.00  97.00  1.00  2.00  0.00
Cell [65,90]: 0.00  15.00  4.00  295.00  52.00  38.00  14.00  9.00  2.00
Cell [65,91]: 1.00  0.00  0.00  77.00  270.00  24.00  4.00  4.00  2.00
Cell [65,92]: 0.00  0.00  1.00  2.00  373.00  5.00  4.00  0.00  0.00
Cell [65,93]: 0.00  0.00  0.00  0.00  345.00  28.00  0.00  0.00  0.00
Cell [65,94]: 0.00  0.00  6.00  22.00  282.00  15.00  0.00  0.00  0.00
Cell [65,95]: 15.00  0.00  0.00  12.00  81.00  311.00  149.00  0.00  28.00
Cell [65,96]: 0.00  19.00  67.00  214.00  657.00  557.00  0.00  0.00  0.00
Cell [65,97]: 126.00  10.00  83.00  75.00  20.00  247.00  522.00  123.00  88.00
Cell [65,98]: 900.00  749.00  447.00  69.00  12.00  13.00  99.00  143.00  157.00
Cell [65,99]: 107.00  3321.00  373.00  53.00  0.00  13.00  0.00  24.00  16.00
Cell [65,100]: 9.00  3460.00  579.00  25.00  15.00  0.00  12.00  16.00  23.00
Cell [65,101]: 18.00  1886.00  912.00  112.00  316.00  229.00  5.00  50.00  8.00
Cell [65,102]: 19.00  0.00  0.00  13.00  24.00  207.00  585.00  2644.00  148.00
Cell [65,103]: 21.00  0.00  16.00  0.00  17.00  10.00  1167.00  4052.00  52.00
Cell [65,104]: 22.00  16.00  9.00  0.00  0.00  71.00  300.00  3891.00  108.00
Cell [65,105]: 0.00  54.00  11.00  3.00  17.00  37.00  304.00  2816.00  16.00
Cell [65,106]: 87.00  604.00  648.00  576.00  354.00  702.00  643.00  561.00  51.00
Cell [65,107]: 281.00  1926.00  362.00  27.00  6.00  10.00  0.00  11.00  18.00
Cell [65,108]: 65.00  3731.00  625.00  43.00  17.00  0.00  0.00  0.00  78.00
Cell [65,109]: 5.00  4904.00  767.00  67.00  0.00  0.00  0.00  0.00  7.00
Cell [65,110]: 112.00  3042.00  365.00  39.00  34.00  14.00  5.00  16.00  11.00
Cell [65,111]: 31.00  97.00  148.00  205.00  430.00  156.00  1372.00  1175.00  38.00
Cell [65,112]: 32.00  12.00  0.00  15.00  8.00  40.00  2935.00  2151.00  5.00
Cell [65,113]: 0.00  0.00  0.00  0.00  5.00  0.00  358.00  5431.00  75.00
Cell [65,114]: 44.00  0.00  14.00  13.00  0.00  33.00  843.00  1829.00  518.00
Cell [65,115]: 790.00  220.00  555.00  576.00  561.00  185.00  96.00  154.00  387.00
Cell [65,116]: 302.00  142.00  720.00  1735.00  83.00  23.00  362.00  1443.00  239.00
Cell [65,117]: 141.00  274.00  303.00  418.00  429.00  176.00  266.00  523.00  15.00
Cell [65,118]: 1.00  2.00  8.00  263.00  425.00  51.00  23.00  50.00  0.00
Cell [65,119]: 0.00  0.00  0.00  31.00  543.00  40.00  0.00  0.00  0.00
Cell [65,120]: 0.00  0.00  0.00  11.00  244.00  610.00  61.00  0.00  0.00
Cell [65,121]: 0.00  0.00  0.00  219.00  98.00  1787.00  788.00  0.00  0.00
Cell [65,122]: 0.00  0.00  0.00  16.00  162.00  122.00  1447.00  311.00  0.00
Cell [65,123]: 0.00  242.00  2251.00  76.00  89.00  0.00  0.00  0.00  0.00
Cell [65,124]: 0.00  0.00  698.00  1411.00  26.00  39.00  63.00  4.00  0.00
Cell [65,125]: 0.00  2.00  74.00  49.00  94.00  36.00  6.00  1.00  0.00
Cell [65,126]: 0.00  8.00  22.00  34.00  85.00  73.00  12.00  8.00  1.00
Cell [65,127]: 1.00  1.00  3.00  98.00  172.00  2.00  1.00  0.00  0.00
Cell [66,0]: 3.00  10.00  62.00  85.00  5.00  0.00  0.00  0.00  0.00
Cell [66,1]: 2.00  2.00  8.00  77.00  48.00  0.00  0.00  2.00  2.00
Cell [66,2]: 6.00  9.00  21.00  62.00  34.00  0.00  4.00  9.00  4.00
Cell [66,3]: 20.00  18.00  54.00  4.00  2.00  55.00  14.00  13.00  2.00
Cell [66,4]: 3.00  2.00  4.00  0.00  45.00  56.00  18.00  19.00  18.00
Cell [66,5]: 8.00  0.00  0.00  0.00  166.00  59.00  22.00  15.00  6.00
Cell [66,6]: 0.00  0.00  0.00  0.00  288.00  0.00  0.00  0.00  0.00
Cell [66,7]: 0.00  0.00  0.00  0.00  175.00  156.00  26.00  6.00  6.00
Cell [66,8]: 0.00  4.00  11.00  16.00  245.00  39.00  0.00  1.00  0.00
Cell [66,9]: 1.00  2.00  0.00  0.00  257.00  34.00  6.00  14.00  4.00
Cell [66,10]: 0.00  0.00  0.00  48.00  207.00  71.00  11.00  3.00  5.00
Cell [66,11]: 0.00  0.00  0.00  0.00  273.00  138.00  19.00  3.00  4.00
Cell [66,12]: 0.00  0.00  0.00  9.00  298.00  240.00  13.00  0.00  0.00
Cell [66,13]: 0.00  0.00  0.00  0.00  363.00  369.00  7.00  0.00  0.00
Cell [66,14]: 0.00  0.00  0.00  82.00  429.00  142.00  0.00  0.00  0.00
Cell [66,15]: 71.00  57.00  49.00  179.00  162.00  67.00  0.00  0.00  0.00
Cell [66,16]: 705.00  1398.00  55.00  28.00  118.00  185.00  233.00  301.00  539.00
Cell [66,17]: 504.00  313.00  294.00  226.00  182.00  10.00  1.00  0.00  18.00
Cell [66,18]: 196.00  76.00  0.00  0.00  0.00  46.00  17.00  505.00  822.00
Cell [66,19]: 1345.00  32.00  0.00  0.00  0.00  0.00  125.00  123.00  1667.00
Cell [66,20]: 1.00  0.00  5.00  19.00  261.00  139.00  18.00  6.00  0.00
Cell [66,21]: 652.00  65.00  41.00  36.00  44.00  107.00  3.00  23.00  919.00
Cell [66,22]: 1131.00  16.00  1.00  1.00  1.00  0.00  0.00  5.00  1078.00
Cell [66,23]: 511.00  195.00  0.00  127.00  60.00  14.00  216.00  204.00  547.00
Cell [66,24]: 66.00  146.00  303.00  314.00  527.00  793.00  1151.00  248.00  75.00
Cell [66,25]: 553.00  205.00  12.00  2.00  6.00  39.00  4.00  556.00  1381.00
Cell [66,26]: 0.00  4.00  8.00  33.00  55.00  60.00  49.00  12.00  3.00
Cell [66,27]: 0.00  0.00  13.00  64.00  372.00  20.00  0.00  5.00  0.00
Cell [66,28]: 1.00  11.00  8.00  45.00  222.00  91.00  21.00  5.00  11.00
Cell [66,29]: 2.00  7.00  22.00  50.00  153.00  53.00  12.00  0.00  7.00
Cell [66,30]: 0.00  4.00  9.00  74.00  153.00  47.00  5.00  1.00  3.00
Cell [66,31]: 0.00  6.00  60.00  51.00  223.00  27.00  6.00  4.00  1.00
Cell [66,32]: 2.00  4.00  30.00  80.00  121.00  124.00  13.00  0.00  13.00
Cell [66,33]: 22.00  24.00  26.00  17.00  1.00  7.00  2.00  9.00  4.00
Cell [66,34]: 39.00  33.00  27.00  27.00  15.00  21.00  25.00  21.00  40.00
Cell [66,35]: 6.00  0.00  8.00  107.00  196.00  33.00  17.00  14.00  2.00
Cell [66,36]: 0.00  4.00  4.00  120.00  76.00  32.00  7.00  7.00  8.00
Cell [66,37]: 9.00  29.00  150.00  86.00  21.00  11.00  9.00  4.00  14.00
Cell [66,38]: 12.00  19.00  72.00  100.00  153.00  28.00  18.00  9.00  22.00
Cell [66,39]: 11.00  14.00  7.00  10.00  17.00  59.00  77.00  28.00  14.00
Cell [66,40]: 336.00  16.00  0.00  2.00  0.00  9.00  7.00  59.00  492.00
Cell [66,41]: 20.00  31.00  26.00  89.00  9.00  46.00  13.00  9.00  11.00
Cell [66,42]: 21.00  36.00  78.00  89.00  39.00  24.00  16.00  16.00  7.00
Cell [66,43]: 2.00  14.00  23.00  129.00  98.00  63.00  21.00  7.00  6.00
Cell [66,44]: 0.00  2.00  21.00  39.00  204.00  125.00  6.00  9.00  14.00
Cell [66,45]: 2.00  0.00  48.00  121.00  140.00  127.00  7.00  27.00  9.00
Cell [66,46]: 8.00  13.00  26.00  35.00  83.00  95.00  24.00  57.00  29.00
Cell [66,47]: 12.00  16.00  50.00  67.00  147.00  79.00  22.00  0.00  7.00
Cell [66,48]: 0.00  3.00  21.00  126.00  324.00  53.00  4.00  8.00  4.00
Cell [66,49]: 7.00  13.00  62.00  60.00  125.00  65.00  36.00  28.00  5.00
Cell [66,50]: 19.00  33.00  17.00  20.00  94.00  89.00  50.00  25.00  6.00
Cell [66,51]: 7.00  2.00  14.00  63.00  143.00  39.00  37.00  8.00  8.00
Cell [66,52]: 25.00  21.00  10.00  98.00  73.00  39.00  14.00  34.00  72.00
Cell [66,53]: 15.00  10.00  16.00  45.00  137.00  129.00  24.00  42.00  24.00
Cell [66,54]: 13.00  8.00  46.00  162.00  153.00  230.00  30.00  4.00  10.00
Cell [66,55]: 0.00  0.00  17.00  63.00  341.00  162.00  55.00  2.00  0.00
Cell [66,56]: 7.00  5.00  0.00  134.00  159.00  199.00  100.00  89.00  11.00
Cell [66,57]: 4.00  16.00  49.00  122.00  101.00  58.00  31.00  46.00  13.00
Cell [66,58]: 395.00  73.00  110.00  90.00  138.00  100.00  8.00  8.00  89.00
Cell [66,59]: 425.00  1529.00  276.00  325.00  450.00  197.00  256.00  255.00  426.00
Cell [66,60]: 306.00  538.00  328.00  21.00  13.00  17.00  17.00  22.00  125.00
Cell [66,61]: 386.00  90.00  0.00  8.00  0.00  46.00  25.00  659.00  1373.00
Cell [66,62]: 2698.00  105.00  36.00  8.00  23.00  84.00  49.00  160.00  446.00
Cell [66,63]: 6.00  7.00  23.00  87.00  436.00  111.00  39.00  0.00  6.00
Cell [66,64]: 0.00  6.00  15.00  104.00  289.00  115.00  34.00  7.00  5.00
Cell [66,65]: 84.00  27.00  18.00  18.00  46.00  33.00  83.00  46.00  452.00
Cell [66,66]: 434.00  12.00  8.00  5.00  2.00  1.00  1.00  15.00  2925.00
Cell [66,67]: 1026.00  0.00  41.00  0.00  52.00  10.00  125.00  422.00  571.00
Cell [66,68]: 187.00  84.00  235.00  516.00  413.00  1039.00  1032.00  202.00  42.00
Cell [66,69]: 715.00  111.00  73.00  44.00  195.00  67.00  297.00  912.00  916.00
Cell [66,70]: 51.00  47.00  73.00  130.00  34.00  12.00  62.00  20.00  65.00
Cell [66,71]: 0.00  1.00  36.00  293.00  477.00  114.00  4.00  0.00  0.00
Cell [66,72]: 3.00  9.00  5.00  16.00  425.00  192.00  78.00  12.00  0.00
Cell [66,73]: 0.00  3.00  27.00  86.00  552.00  45.00  11.00  0.00  8.00
Cell [66,74]: 6.00  3.00  35.00  215.00  192.00  42.00  25.00  14.00  14.00
Cell [66,75]: 0.00  0.00  0.00  202.00  455.00  84.00  37.00  0.00  0.00
Cell [66,76]: 8.00  46.00  53.00  118.00  197.00  251.00  32.00  7.00  9.00
Cell [66,77]: 39.00  172.00  95.00  42.00  28.00  0.00  17.00  28.00  43.00
Cell [66,78]: 38.00  37.00  38.00  108.00  41.00  35.00  37.00  64.00  78.00
Cell [66,79]: 3.00  28.00  38.00  210.00  146.00  110.00  35.00  43.00  22.00
Cell [66,80]: 15.00  19.00  69.00  120.00  160.00  61.00  39.00  18.00  13.00
Cell [66,81]: 26.00  65.00  76.00  117.00  142.00  52.00  33.00  19.00  26.00
Cell [66,82]: 3.00  63.00  58.00  564.00  222.00  118.00  17.00  33.00  2.00
Cell [66,83]: 31.00  30.00  12.00  58.00  171.00  144.00  139.00  36.00  32.00
Cell [66,84]: 24.00  59.00  15.00  159.00  59.00  104.00  138.00  51.00  37.00
Cell [66,85]: 49.00  24.00  69.00  104.00  116.00  53.00  90.00  24.00  9.00
Cell [66,86]: 9.00  5.00  10.00  36.00  273.00  277.00  53.00  5.00  8.00
Cell [66,87]: 218.00  46.00  22.00  42.00  31.00  52.00  54.00  109.00  327.00
Cell [66,88]: 0.00  0.00  0.00  0.00  20.00  155.00  108.00  21.00  2.00
Cell [66,89]: 0.00  0.00  0.00  0.00  66.00  157.00  15.00  0.00  0.00
Cell [66,90]: 0.00  0.00  0.00  0.00  122.00  198.00  0.00  0.00  0.00
Cell [66,91]: 0.00  0.00  0.00  0.00  59.00  361.00  0.00  0.00  0.00
Cell [66,92]: 0.00  0.00  0.00  0.00  107.00  261.00  6.00  0.00  0.00
Cell [66,93]: 0.00  0.00  0.00  0.00  242.00  54.00  0.00  0.00  0.00
Cell [66,94]: 0.00  0.00  0.00  3.00  199.00  25.00  0.00  0.00  0.00
Cell [66,95]: 0.00  0.00  0.00  21.00  121.00  26.00  2.00  0.00  0.00
Cell [66,96]: 3.00  1.00  2.00  53.00  36.00  2.00  0.00  0.00  1.00
Cell [66,97]: 4.00  5.00  36.00  28.00  14.00  67.00  100.00  15.00  6.00
Cell [66,98]: 125.00  101.00  131.00  47.00  106.00  66.00  154.00  131.00  11.00
Cell [66,99]: 465.00  1076.00  356.00  39.00  56.00  151.00  394.00  349.00  356.00
Cell [66,100]: 276.00  753.00  8.00  438.00  1100.00  773.00  226.00  146.00  162.00
Cell [66,101]: 92.00  347.00  434.00  217.00  2485.00  1327.00  249.00  53.00  57.00
Cell [66,102]: 0.00  56.00  54.00  412.00  2229.00  792.00  606.00  886.00  135.00
Cell [66,103]: 0.00  100.00  157.00  349.00  1520.00  503.00  698.00  1594.00  64.00
Cell [66,104]: 232.00  27.00  151.00  0.00  105.00  24.00  1751.00  2012.00  499.00
Cell [66,105]: 0.00  11.00  40.00  40.00  60.00  63.00  1273.00  2091.00  220.00
Cell [66,106]: 20.00  358.00  553.00  408.00  487.00  451.00  446.00  472.00  8.00
Cell [66,107]: 157.00  1353.00  1336.00  104.00  37.00  98.00  55.00  0.00  21.00
Cell [66,108]: 226.00  3694.00  688.00  183.00  96.00  113.00  0.00  113.00  164.00
Cell [66,109]: 203.00  2405.00  209.00  301.00  1303.00  332.00  78.00  123.00  44.00
Cell [66,110]: 39.00  1499.00  155.00  965.00  2120.00  861.00  159.00  84.00  16.00
Cell [66,111]: 63.00  41.00  211.00  910.00  3531.00  249.00  270.00  336.00  39.00
Cell [66,112]: 212.00  88.00  390.00  808.00  1363.00  731.00  213.00  1038.00  12.00
Cell [66,113]: 161.00  217.00  385.00  271.00  217.00  85.00  143.00  3148.00  228.00
Cell [66,114]: 39.00  113.00  411.00  934.00  815.00  459.00  561.00  408.00  199.00
Cell [66,115]: 0.00  1.00  1046.00  841.00  666.00  35.00  0.00  0.00  6.00
Cell [66,116]: 1.00  0.00  41.00  37.00  343.00  50.00  6.00  0.00  0.00
Cell [66,117]: 0.00  0.00  0.00  2.00  384.00  55.00  0.00  0.00  0.00
Cell [66,118]: 0.00  10.00  8.00  168.00  145.00  98.00  20.00  12.00  0.00
Cell [66,119]: 1.00  0.00  12.00  71.00  278.00  100.00  0.00  10.00  2.00
Cell [66,120]: 1.00  0.00  19.00  4.00  97.00  336.00  27.00  12.00  2.00
Cell [66,121]: 6.00  4.00  50.00  117.00  91.00  34.00  4.00  4.00  6.00
Cell [66,122]: 10.00  15.00  20.00  353.00  18.00  65.00  360.00  2164.00  6.00
Cell [66,123]: 0.00  2119.00  269.00  20.00  11.00  60.00  65.00  26.00  5.00
Cell [66,124]: 0.00  0.00  0.00  0.00  154.00  151.00  50.00  37.00  0.00
Cell [66,125]: 0.00  0.00  0.00  354.00  179.00  0.00  0.00  0.00  0.00
Cell [66,126]: 0.00  0.00  0.00  22.00  551.00  0.00  0.00  0.00  0.00
Cell [66,127]: 0.00  0.00  0.00  136.00  437.00  10.00  0.00  0.00  0.00
Cell [67,0]: 0.00  0.00  8.00  144.00  127.00  3.00  0.00  0.00  0.00
Cell [67,1]: 0.00  0.00  0.00  43.00  232.00  0.00  0.00  0.00  0.00
Cell [67,2]: 0.00  0.00  0.00  30.00  215.00  0.00  0.00  0.00  0.00
Cell [67,3]: 0.00  0.00  11.00  182.00  109.00  0.00  0.00  3.00  0.00
Cell [67,4]: 0.00  0.00  4.00  18.00  202.00  25.00  5.00  2.00  0.00
Cell [67,5]: 0.00  0.00  3.00  15.00  103.00  72.00  16.00  4.00  0.00
Cell [67,6]: 0.00  0.00  2.00  20.00  204.00  41.00  0.00  0.00  0.00
Cell [67,7]: 0.00  0.00  0.00  40.00  207.00  65.00  0.00  0.00  0.00
Cell [67,8]: 0.00  0.00  3.00  5.00  211.00  99.00  5.00  1.00  0.00
Cell [67,9]: 0.00  2.00  1.00  4.00  220.00  140.00  8.00  0.00  1.00
Cell [67,10]: 2.00  5.00  7.00  28.00  285.00  108.00  23.00  8.00  6.00
Cell [67,11]: 0.00  0.00  0.00  6.00  528.00  43.00  0.00  0.00  0.00
Cell [67,12]: 3.00  0.00  6.00  26.00  502.00  28.00  0.00  2.00  2.00
Cell [67,13]: 0.00  10.00  9.00  91.00  594.00  0.00  0.00  0.00  0.00
Cell [67,14]: 0.00  0.00  0.00  62.00  951.00  0.00  0.00  0.00  0.00
Cell [67,15]: 0.00  18.00  16.00  29.00  1115.00  80.00  0.00  0.00  0.00
Cell [67,16]: 587.00  353.00  56.00  102.00  0.00  0.00  77.00  411.00  602.00
Cell [67,17]: 12.00  20.00  11.00  2.00  7.00  20.00  96.00  46.00  23.00
Cell [67,18]: 80.00  93.00  84.00  11.00  0.00  9.00  70.00  304.00  131.00
Cell [67,19]: 0.00  5.00  42.00  42.00  89.00  0.00  215.00  540.00  1500.00
Cell [67,20]: 0.00  0.00  0.00  0.00  532.00  657.00  0.00  0.00  0.00
Cell [67,21]: 1321.00  385.00  217.00  109.00  329.00  226.00  9.00  0.00  0.00
Cell [67,22]: 1311.00  12.00  28.00  37.00  0.00  13.00  5.00  1.00  31.00
Cell [67,23]: 112.00  109.00  158.00  2.00  0.00  138.00  284.00  350.00  101.00
Cell [67,24]: 65.00  113.00  145.00  100.00  103.00  183.00  179.00  201.00  76.00
Cell [67,25]: 395.00  458.00  1.00  9.00  32.00  37.00  10.00  57.00  1359.00
Cell [67,26]: 19.00  24.00  37.00  21.00  15.00  16.00  37.00  53.00  29.00
Cell [67,27]: 4.00  3.00  4.00  24.00  57.00  41.00  48.00  65.00  16.00
Cell [67,28]: 7.00  7.00  5.00  22.00  63.00  38.00  13.00  6.00  0.00
Cell [67,29]: 0.00  4.00  2.00  32.00  36.00  68.00  40.00  31.00  20.00
Cell [67,30]: 1.00  1.00  60.00  97.00  57.00  10.00  0.00  0.00  0.00
Cell [67,31]: 24.00  20.00  42.00  38.00  56.00  83.00  45.00  31.00  6.00
Cell [67,32]: 2.00  7.00  0.00  54.00  305.00  56.00  23.00  3.00  2.00
Cell [67,33]: 3.00  16.00  13.00  48.00  64.00  25.00  22.00  3.00  14.00
Cell [67,34]: 5.00  0.00  1.00  0.00  15.00  30.00  34.00  37.00  30.00
Cell [67,35]: 35.00  17.00  13.00  0.00  7.00  13.00  6.00  27.00  42.00
Cell [67,36]: 5.00  7.00  5.00  22.00  6.00  23.00  23.00  40.00  13.00
Cell [67,37]: 0.00  0.00  1.00  32.00  95.00  86.00  10.00  6.00  4.00
Cell [67,38]: 18.00  28.00  35.00  30.00  26.00  10.00  12.00  7.00  11.00
Cell [67,39]: 11.00  2.00  24.00  50.00  23.00  9.00  27.00  42.00  22.00
Cell [67,40]: 91.00  18.00  29.00  5.00  11.00  11.00  28.00  29.00  647.00
Cell [67,41]: 11.00  53.00  127.00  242.00  37.00  9.00  18.00  32.00  13.00
Cell [67,42]: 8.00  36.00  76.00  136.00  122.00  22.00  63.00  4.00  16.00
Cell [67,43]: 33.00  40.00  46.00  144.00  107.00  31.00  2.00  3.00  20.00
Cell [67,44]: 8.00  12.00  6.00  118.00  179.00  50.00  12.00  0.00  15.00
Cell [67,45]: 10.00  7.00  45.00  94.00  184.00  59.00  22.00  38.00  7.00
Cell [67,46]: 6.00  0.00  23.00  65.00  465.00  111.00  33.00  0.00  4.00
Cell [67,47]: 3.00  0.00  15.00  49.00  382.00  77.00  52.00  10.00  4.00
Cell [67,48]: 0.00  16.00  22.00  45.00  205.00  122.00  3.00  21.00  26.00
Cell [67,49]: 12.00  30.00  43.00  92.00  158.00  139.00  69.00  8.00  16.00
Cell [67,50]: 11.00  5.00  19.00  75.00  134.00  156.00  128.00  39.00  1.00
Cell [67,51]: 6.00  7.00  16.00  122.00  340.00  201.00  18.00  0.00  4.00
Cell [67,52]: 21.00  26.00  56.00  177.00  142.00  123.00  29.00  2.00  6.00
Cell [67,53]: 0.00  0.00  0.00  53.00  299.00  278.00  100.00  34.00  0.00
Cell [67,54]: 5.00  18.00  40.00  224.00  130.00  334.00  43.00  33.00  7.00
Cell [67,55]: 6.00  15.00  15.00  58.00  580.00  35.00  4.00  7.00  9.00
Cell [67,56]: 0.00  0.00  7.00  42.00  695.00  116.00  25.00  5.00  1.00
Cell [67,57]: 0.00  0.00  17.00  110.00  949.00  161.00  0.00  0.00  0.00
Cell [67,58]: 54.00  129.00  58.00  290.00  664.00  121.00  0.00  0.00  102.00
Cell [67,59]: 889.00  257.00  0.00  0.00  43.00  116.00  104.00  272.00  662.00
Cell [67,60]: 42.00  113.00  116.00  25.00  19.00  51.00  45.00  32.00  15.00
Cell [67,61]: 217.00  113.00  213.00  147.00  28.00  15.00  20.00  279.00  236.00
Cell [67,62]: 36.00  72.00  47.00  0.00  108.00  98.00  72.00  319.00  2019.00
Cell [67,63]: 0.00  19.00  76.00  103.00  595.00  281.00  62.00  11.00  0.00
Cell [67,64]: 10.00  16.00  0.00  21.00  746.00  391.00  37.00  12.00  30.00
Cell [67,65]: 303.00  283.00  201.00  76.00  599.00  98.00  0.00  0.00  0.00
Cell [67,66]: 2871.00  54.00  62.00  0.00  5.00  24.00  9.00  10.00  31.00
Cell [67,67]: 103.00  172.00  102.00  1.00  0.00  38.00  288.00  436.00  102.00
Cell [67,68]: 40.00  29.00  230.00  371.00  138.00  553.00  215.00  48.00  85.00
Cell [67,69]: 373.00  623.00  195.00  13.00  107.00  34.00  52.00  199.00  1411.00
Cell [67,70]: 40.00  40.00  109.00  102.00  20.00  63.00  53.00  33.00  11.00
Cell [67,71]: 23.00  8.00  12.00  91.00  201.00  54.00  79.00  59.00  34.00
Cell [67,72]: 13.00  8.00  90.00  105.00  100.00  165.00  10.00  43.00  19.00
Cell [67,73]: 46.00  24.00  78.00  136.00  149.00  40.00  13.00  17.00  53.00
Cell [67,74]: 22.00  42.00  99.00  98.00  159.00  80.00  9.00  7.00  2.00
Cell [67,75]: 30.00  86.00  68.00  103.00  141.00  103.00  73.00  27.00  16.00
Cell [67,76]: 9.00  0.00  32.00  210.00  311.00  205.00  67.00  20.00  0.00
Cell [67,77]: 33.00  11.00  34.00  68.00  117.00  44.00  21.00  35.00  16.00
Cell [67,78]: 20.00  24.00  55.00  40.00  38.00  92.00  130.00  10.00  21.00
Cell [67,79]: 34.00  14.00  53.00  39.00  52.00  67.00  44.00  15.00  23.00
Cell [67,80]: 34.00  49.00  51.00  48.00  71.00  119.00  76.00  21.00  15.00
Cell [67,81]: 19.00  7.00  54.00  102.00  102.00  112.00  32.00  12.00  5.00
Cell [67,82]: 0.00  15.00  16.00  55.00  160.00  4.00  20.00  21.00  2.00
Cell [67,83]: 9.00  53.00  98.00  94.00  80.00  61.00  68.00  45.00  30.00
Cell [67,84]: 41.00  22.00  32.00  55.00  63.00  89.00  56.00  94.00  75.00
Cell [67,85]: 13.00  25.00  30.00  93.00  101.00  73.00  55.00  5.00  2.00
Cell [67,86]: 44.00  28.00  46.00  71.00  108.00  74.00  15.00  10.00  4.00
Cell [67,87]: 316.00  5.00  20.00  10.00  0.00  20.00  59.00  79.00  618.00
Cell [67,88]: 1.00  5.00  16.00  118.00  38.00  0.00  8.00  3.00  4.00
Cell [67,89]: 0.00  6.00  8.00  57.00  58.00  7.00  6.00  7.00  0.00
Cell [67,90]: 0.00  0.00  2.00  6.00  105.00  23.00  0.00  1.00  0.00
Cell [67,91]: 1.00  1.00  3.00  9.00  95.00  43.00  5.00  1.00  0.00
Cell [67,92]: 3.00  3.00  8.00  35.00  14.00  114.00  9.00  6.00  1.00
Cell [67,93]: 1.00  2.00  1.00  14.00  45.00  109.00  5.00  0.00  1.00
Cell [67,94]: 6.00  0.00  0.00  0.00  4.00  98.00  28.00  8.00  4.00
Cell [67,95]: 7.00  0.00  0.00  0.00  0.00  37.00  42.00  12.00  2.00
Cell [67,96]: 7.00  0.00  0.00  1.00  4.00  11.00  12.00  16.00  14.00
Cell [67,97]: 3.00  6.00  18.00  33.00  12.00  0.00  0.00  0.00  0.00
Cell [67,98]: 4.00  12.00  48.00  27.00  9.00  0.00  0.00  0.00  99.00
Cell [67,99]: 389.00  17.00  0.00  0.00  0.00  0.00  0.00  0.00  1341.00
Cell [67,100]: 57.00  1.00  1.00  0.00  2.00  0.00  17.00  139.00  49.00
Cell [67,101]: 2.00  9.00  56.00  72.00  201.00  63.00  109.00  23.00  2.00
Cell [67,102]: 0.00  0.00  0.00  188.00  608.00  83.00  2.00  0.00  0.00
Cell [67,103]: 1.00  0.00  0.00  7.00  965.00  341.00  43.00  0.00  0.00
Cell [67,104]: 795.00  291.00  83.00  129.00  237.00  17.00  1.00  26.00  0.00
Cell [67,105]: 1107.00  113.00  40.00  0.00  0.00  9.00  155.00  10.00  83.00
Cell [67,106]: 2.00  5.00  111.00  255.00  899.00  179.00  13.00  7.00  4.00
Cell [67,107]: 49.00  9.00  184.00  118.00  91.00  103.00  1.00  21.00  4.00
Cell [67,108]: 71.00  5.00  57.00  154.00  504.00  165.00  2.00  100.00  967.00
Cell [67,109]: 118.00  75.00  126.00  208.00  600.00  17.00  16.00  31.00  655.00
Cell [67,110]: 91.00  260.00  120.00  12.00  580.00  10.00  41.00  10.00  11.00
Cell [67,111]: 402.00  530.00  136.00  0.00  54.00  165.00  0.00  9.00  0.00
Cell [67,112]: 310.00  259.00  343.00  425.00  0.00  0.00  0.00  0.00  0.00
Cell [67,113]: 0.00  0.00  810.00  506.00  0.00  0.00  0.00  0.00  0.00
Cell [67,114]: 90.00  182.00  287.00  16.00  0.00  15.00  100.00  148.00  855.00
Cell [67,115]: 0.00  2.00  2.00  12.00  576.00  0.00  1.00  6.00  0.00
Cell [67,116]: 0.00  0.00  0.00  0.00  648.00  29.00  1.00  0.00  0.00
Cell [67,117]: 0.00  0.00  0.00  0.00  500.00  188.00  19.00  0.00  0.00
Cell [67,118]: 0.00  0.00  0.00  0.00  95.00  602.00  19.00  0.00  0.00
Cell [67,119]: 0.00  0.00  0.00  0.00  418.00  322.00  0.00  0.00  0.00
Cell [67,120]: 0.00  0.00  0.00  96.00  452.00  142.00  0.00  0.00  0.00
Cell [67,121]: 0.00  0.00  0.00  126.00  155.00  215.00  7.00  0.00  0.00
Cell [67,122]: 0.00  0.00  0.00  14.00  59.00  529.00  80.00  11.00  0.00
Cell [67,123]: 6.00  7.00  75.00  12.00  225.00  178.00  7.00  5.00  0.00
Cell [67,124]: 0.00  0.00  13.00  32.00  61.00  246.00  22.00  11.00  0.00
Cell [67,125]: 0.00  0.00  19.00  144.00  113.00  120.00  7.00  12.00  0.00
Cell [67,126]: 0.00  0.00  8.00  39.00  268.00  32.00  4.00  2.00  0.00
Cell [67,127]: 2.00  2.00  4.00  14.00  86.00  54.00  37.00  11.00  1.00
Cell [68,0]: 3.00  8.00  22.00  55.00  13.00  2.00  2.00  1.00  0.00
Cell [68,1]: 1.00  1.00  12.00  17.00  72.00  1.00  0.00  0.00  0.00
Cell [68,2]: 1.00  3.00  3.00  53.00  66.00  8.00  11.00  0.00  1.00
Cell [68,3]: 6.00  2.00  11.00  69.00  51.00  11.00  8.00  7.00  8.00
Cell [68,4]: 4.00  1.00  1.00  65.00  38.00  4.00  2.00  0.00  2.00
Cell [68,5]: 0.00  0.00  30.00  79.00  65.00  36.00  18.00  1.00  0.00
Cell [68,6]: 2.00  2.00  14.00  79.00  110.00  20.00  0.00  0.00  2.00
Cell [68,7]: 2.00  6.00  12.00  135.00  39.00  52.00  3.00  3.00  8.00
Cell [68,8]: 0.00  0.00  0.00  94.00  228.00  56.00  0.00  0.00  0.00
Cell [68,9]: 0.00  0.00  0.00  0.00  310.00  160.00  1.00  0.00  0.00
Cell [68,10]: 0.00  0.00  0.00  0.00  445.00  179.00  0.00  0.00  0.00
Cell [68,11]: 0.00  0.00  0.00  0.00  522.00  205.00  0.00  0.00  0.00
Cell [68,12]: 0.00  0.00  0.00  0.00  347.00  438.00  37.00  6.00  0.00
Cell [68,13]: 9.00  8.00  5.00  0.00  218.00  603.00  53.00  21.00  11.00
Cell [68,14]: 10.00  9.00  43.00  54.00  0.00  798.00  52.00  25.00  10.00
Cell [68,15]: 28.00  35.00  55.00  181.00  144.00  187.00  354.00  101.00  36.00
Cell [68,16]: 57.00  143.00  309.00  85.00  118.00  44.00  182.00  39.00  52.00
Cell [68,17]: 47.00  42.00  82.00  40.00  91.00  72.00  191.00  84.00  68.00
Cell [68,18]: 163.00  123.00  228.00  204.00  30.00  37.00  30.00  35.00  10.00
Cell [68,19]: 342.00  421.00  521.00  215.00  24.00  0.00  58.00  120.00  461.00
Cell [68,20]: 18.00  23.00  15.00  107.00  617.00  646.00  116.00  34.00  0.00
Cell [68,21]: 146.00  260.00  249.00  330.00  499.00  127.00  382.00  70.00  82.00
Cell [68,22]: 300.00  46.00  6.00  3.00  4.00  17.00  73.00  7.00  70.00
Cell [68,23]: 307.00  277.00  285.00  134.00  57.00  43.00  80.00  167.00  202.00
Cell [68,24]: 95.00  94.00  524.00  442.00  51.00  29.00  21.00  87.00  82.00
Cell [68,25]: 577.00  306.00  0.00  0.00  0.00  0.00  0.00  108.00  1700.00
Cell [68,26]: 6.00  74.00  47.00  50.00  172.00  39.00  20.00  37.00  14.00
Cell [68,27]: 17.00  17.00  18.00  55.00  341.00  49.00  30.00  15.00  28.00
Cell [68,28]: 39.00  14.00  28.00  74.00  58.00  36.00  39.00  9.00  32.00
Cell [68,29]: 11.00  25.00  27.00  20.00  115.00  55.00  70.00  18.00  2.00
Cell [68,30]: 6.00  18.00  13.00  29.00  61.00  66.00  29.00  14.00  14.00
Cell [68,31]: 0.00  10.00  27.00  64.00  55.00  14.00  27.00  4.00  2.00
Cell [68,32]: 0.00  17.00  19.00  137.00  144.00  18.00  6.00  0.00  0.00
Cell [68,33]: 3.00  12.00  36.00  288.00  138.00  3.00  1.00  0.00  0.00
Cell [68,34]: 0.00  11.00  30.00  224.00  167.00  27.00  7.00  3.00  1.00
Cell [68,35]: 10.00  26.00  62.00  102.00  34.00  61.00  28.00  17.00  9.00
Cell [68,36]: 7.00  1.00  16.00  53.00  28.00  4.00  45.00  24.00  7.00
Cell [68,37]: 15.00  22.00  27.00  32.00  42.00  3.00  38.00  14.00  15.00
Cell [68,38]: 6.00  15.00  32.00  23.00  15.00  10.00  10.00  6.00  6.00
Cell [68,39]: 39.00  46.00  92.00  20.00  0.00  0.00  11.00  7.00  12.00
Cell [68,40]: 76.00  35.00  43.00  10.00  81.00  48.00  21.00  29.00  54.00
Cell [68,41]: 6.00  18.00  122.00  123.00  119.00  40.00  5.00  10.00  2.00
Cell [68,42]: 7.00  1.00  28.00  85.00  159.00  39.00  9.00  7.00  0.00
Cell [68,43]: 9.00  19.00  44.00  71.00  67.00  30.00  2.00  3.00  11.00
Cell [68,44]: 8.00  13.00  32.00  67.00  86.00  31.00  35.00  5.00  14.00
Cell [68,45]: 4.00  11.00  74.00  172.00  103.00  17.00  0.00  1.00  4.00
Cell [68,46]: 15.00  14.00  39.00  73.00  28.00  79.00  63.00  12.00  33.00
Cell [68,47]: 11.00  15.00  50.00  30.00  184.00  50.00  43.00  24.00  5.00
Cell [68,48]: 0.00  31.00  55.00  151.00  109.00  99.00  60.00  27.00  1.00
Cell [68,49]: 0.00  0.00  75.00  262.00  233.00  77.00  28.00  20.00  0.00
Cell [68,50]: 6.00  17.00  56.00  183.00  125.00  72.00  131.00  63.00  17.00
Cell [68,51]: 30.00  16.00  48.00  114.00  193.00  203.00  38.00  21.00  3.00
Cell [68,52]: 0.00  0.00  0.00  89.00  246.00  289.00  80.00  14.00  19.00
Cell [68,53]: 0.00  0.00  0.00  108.00  700.00  96.00  0.00  0.00  0.00
Cell [68,54]: 0.00  0.00  14.00  56.00  604.00  506.00  0.00  0.00  0.00
Cell [68,55]: 4.00  5.00  2.00  76.00  562.00  364.00  44.00  11.00  6.00
Cell [68,56]: 25.00  23.00  26.00  67.00  511.00  717.00  12.00  47.00  10.00
Cell [68,57]: 22.00  0.00  32.00  238.00  575.00  701.00  8.00  9.00  17.00
Cell [68,58]: 24.00  6.00  193.00  95.00  582.00  702.00  225.00  59.00  23.00
Cell [68,59]: 83.00  394.00  58.00  25.00  129.00  294.00  164.00  0.00  46.00
Cell [68,60]: 99.00  352.00  82.00  129.00  136.00  83.00  328.00  145.00  54.00
Cell [68,61]: 43.00  315.00  358.00  342.00  146.00  27.00  0.00  4.00  9.00
Cell [68,62]: 916.00  550.00  413.00  132.00  182.00  166.00  26.00  86.00  457.00
Cell [68,63]: 5.00  8.00  0.00  69.00  1019.00  669.00  28.00  3.00  0.00
Cell [68,64]: 0.00  0.00  101.00  201.00  1015.00  769.00  131.00  45.00  16.00
Cell [68,65]: 24.00  142.00  225.00  328.00  1300.00  686.00  207.00  33.00  46.00
Cell [68,66]: 342.00  544.00  44.00  30.00  26.00  108.00  135.00  16.00  45.00
Cell [68,67]: 232.00  614.00  87.00  176.00  93.00  83.00  91.00  214.00  194.00
Cell [68,68]: 11.00  50.00  466.00  1363.00  27.00  4.00  0.00  0.00  0.00
Cell [68,69]: 647.00  285.00  332.00  121.00  60.00  22.00  5.00  61.00  2010.00
Cell [68,70]: 36.00  33.00  7.00  129.00  130.00  71.00  44.00  37.00  8.00
Cell [68,71]: 54.00  18.00  151.00  48.00  134.00  98.00  85.00  48.00  25.00
Cell [68,72]: 29.00  64.00  72.00  22.00  137.00  96.00  19.00  72.00  42.00
Cell [68,73]: 27.00  68.00  85.00  63.00  157.00  36.00  50.00  17.00  24.00
Cell [68,74]: 0.00  15.00  37.00  46.00  63.00  146.00  69.00  68.00  47.00
Cell [68,75]: 15.00  54.00  19.00  90.00  127.00  121.00  28.00  22.00  16.00
Cell [68,76]: 13.00  7.00  19.00  152.00  330.00  144.00  30.00  0.00  0.00
Cell [68,77]: 7.00  20.00  146.00  356.00  194.00  72.00  18.00  3.00  22.00
Cell [68,78]: 5.00  31.00  148.00  316.00  217.00  96.00  19.00  8.00  25.00
Cell [68,79]: 32.00  89.00  152.00  51.00  79.00  181.00  91.00  58.00  20.00
Cell [68,80]: 6.00  16.00  28.00  45.00  94.00  141.00  60.00  33.00  2.00
Cell [68,81]: 12.00  36.00  62.00  86.00  57.00  97.00  157.00  110.00  4.00
Cell [68,82]: 11.00  49.00  47.00  102.00  22.00  13.00  4.00  17.00  30.00
Cell [68,83]: 12.00  35.00  39.00  96.00  50.00  20.00  37.00  110.00  30.00
Cell [68,84]: 66.00  78.00  53.00  87.00  39.00  58.00  19.00  18.00  29.00
Cell [68,85]: 21.00  11.00  28.00  110.00  93.00  36.00  22.00  69.00  33.00
Cell [68,86]: 10.00  7.00  40.00  62.00  64.00  90.00  69.00  27.00  13.00
Cell [68,87]: 555.00  200.00  18.00  10.00  11.00  3.00  10.00  2.00  60.00
Cell [68,88]: 0.00  2.00  9.00  35.00  11.00  0.00  0.00  6.00  3.00
Cell [68,89]: 5.00  7.00  11.00  34.00  6.00  0.00  1.00  2.00  4.00
Cell [68,90]: 1.00  1.00  8.00  28.00  49.00  12.00  2.00  1.00  0.00
Cell [68,91]: 1.00  1.00  2.00  21.00  60.00  35.00  3.00  1.00  3.00
Cell [68,92]: 0.00  4.00  7.00  42.00  64.00  17.00  3.00  0.00  0.00
Cell [68,93]: 3.00  2.00  5.00  27.00  64.00  47.00  5.00  0.00  0.00
Cell [68,94]: 2.00  6.00  6.00  33.00  114.00  0.00  0.00  0.00  0.00
Cell [68,95]: 2.00  28.00  19.00  45.00  12.00  0.00  0.00  0.00  0.00
Cell [68,96]: 19.00  59.00  19.00  6.00  0.00  0.00  0.00  0.00  0.00
Cell [68,97]: 30.00  16.00  21.00  10.00  0.00  0.00  0.00  2.00  20.00
Cell [68,98]: 17.00  5.00  14.00  48.00  4.00  0.00  0.00  0.00  92.00
Cell [68,99]: 428.00  0.00  0.00  0.00  0.00  4.00  47.00  30.00  1248.00
Cell [68,100]: 18.00  1.00  6.00  31.00  70.00  51.00  42.00  32.00  14.00
Cell [68,101]: 4.00  7.00  234.00  99.00  35.00  84.00  17.00  4.00  7.00
Cell [68,102]: 0.00  0.00  206.00  296.00  83.00  28.00  0.00  0.00  0.00
Cell [68,103]: 0.00  0.00  0.00  0.00  187.00  417.00  137.00  0.00  0.00
Cell [68,104]: 1020.00  494.00  61.00  50.00  247.00  44.00  0.00  0.00  0.00
Cell [68,105]: 318.00  98.00  16.00  4.00  67.00  47.00  14.00  4.00  2.00
Cell [68,106]: 0.00  0.00  0.00  3.00  179.00  4.00  0.00  0.00  0.00
Cell [68,107]: 0.00  0.00  0.00  91.00  82.00  1.00  0.00  0.00  0.00
Cell [68,108]: 2.00  1.00  16.00  62.00  43.00  8.00  9.00  77.00  473.00
Cell [68,109]: 1.00  9.00  5.00  4.00  8.00  15.00  4.00  101.00  1810.00
Cell [68,110]: 259.00  56.00  11.00  0.00  2.00  2.00  1.00  1.00  201.00
Cell [68,111]: 488.00  241.00  23.00  0.00  0.00  0.00  0.00  56.00  682.00
Cell [68,112]: 228.00  809.00  204.00  0.00  0.00  0.00  0.00  53.00  156.00
Cell [68,113]: 0.00  33.00  511.00  440.00  0.00  0.00  0.00  0.00  0.00
Cell [68,114]: 451.00  33.00  103.00  36.00  5.00  6.00  37.00  6.00  1156.00
Cell [68,115]: 0.00  0.00  7.00  14.00  269.00  97.00  10.00  0.00  0.00
Cell [68,116]: 1.00  0.00  0.00  68.00  354.00  17.00  0.00  0.00  0.00
Cell [68,117]: 11.00  0.00  15.00  274.00  181.00  0.00  0.00  0.00  1.00
Cell [68,118]: 9.00  0.00  12.00  87.00  181.00  23.00  14.00  7.00  7.00
Cell [68,119]: 1.00  5.00  3.00  9.00  74.00  54.00  5.00  2.00  0.00
Cell [68,120]: 0.00  0.00  0.00  9.00  102.00  48.00  1.00  0.00  0.00
Cell [68,121]: 2.00  2.00  9.00  20.00  59.00  93.00  15.00  3.00  2.00
Cell [68,122]: 1.00  1.00  3.00  27.00  6.00  200.00  4.00  3.00  1.00
Cell [68,123]: 1.00  0.00  1.00  1.00  0.00  292.00  6.00  1.00  1.00
Cell [68,124]: 0.00  0.00  0.00  0.00  64.00  327.00  11.00  1.00  3.00
Cell [68,125]: 0.00  0.00  0.00  0.00  298.00  204.00  4.00  0.00  0.00
Cell [68,126]: 0.00  0.00  0.00  0.00  406.00  98.00  13.00  0.00  0.00
Cell [68,127]: 0.00  0.00  0.00  0.00  73.00  311.00  124.00  0.00  0.00
